id,curso,tema,subtema,tema_id,subtema_id
204,Trigonometria,Angulo Trigonometrico,,,
205,Trigonometria,Angulo Trigonometrico,,,
206,Trigonometria,Angulo Trigonometrico,,,
207,Trigonometria,Angulo Trigonometrico,,,
208,Trigonometria,Sistemas de Medidas Angulares,,,
209,Trigonometria,Sistemas de Medidas Angulares,,,
210,Trigonometria,Sistemas de Medidas Angulares,,,
211,Trigonometria,Sistemas de Medidas Angulares,,,
212,Trigonometria,Sistemas de Medidas Angulares,,,
213,Trigonometria,Sistemas de Medidas Angulares,,,
214,Trigonometria,Angulo Trigonometrico,,,
215,Trigonometria,Sistemas de Medidas Angulares,,,
216,Trigonometria,Sistemas de Medidas Angulares,,,
217,Trigonometria,Sistemas de Medidas Angulares,,,
218,Trigonometria,Sistemas de Medidas Angulares,,,
219,Trigonometria,Sistemas de Medidas Angulares,,,
220,Trigonometria,Sistemas de Medidas Angulares,,,
221,Trigonometria,Sistemas de Medidas Angulares,,,
222,Trigonometria,Sistemas de Medidas Angulares,,,
223,Trigonometria,Sistemas de Medidas Angulares,,,
224,Trigonometria,Angulo Trigonometrico,,,
225,Trigonometria,Sistemas de Medidas Angulares,,,
226,Trigonometria,Sistemas de Medidas Angulares,,,
227,Trigonometria,Sistemas de Medidas Angulares,,,
228,Trigonometria,Sistemas de Medidas Angulares,,,
229,Trigonometria,Sistemas de Medidas Angulares,,,
230,Trigonometria,Sistemas de Medidas Angulares,,,
231,Trigonometria,Sistemas de Medidas Angulares,,,
232,Trigonometria,Sistemas de Medidas Angulares,,,
233,Trigonometria,Sistemas de Medidas Angulares,,,
234,Trigonometria,Sistemas de Medidas Angulares,,,
235,Trigonometria,Sistemas de Medidas Angulares,,,
236,Trigonometria,Sistemas de Medidas Angulares,,,
237,Trigonometria,Sistemas de Medidas Angulares,,,
238,Trigonometria,Sistemas de Medidas Angulares,,,
239,Trigonometria,Sistemas de Medidas Angulares,,,
240,Trigonometria,Sistemas de Medidas Angulares,,,
241,Trigonometria,Sistemas de Medidas Angulares,,,
242,Trigonometria,Sistemas de Medidas Angulares,,,
243,Trigonometria,Sistemas de Medidas Angulares,,,
244,Trigonometria,Sistemas de Medidas Angulares,,,
245,Trigonometria,Sistemas de Medidas Angulares,,,
246,Trigonometria,Sistemas de Medidas Angulares,,,
247,Trigonometria,Sistemas de Medidas Angulares,,,
248,Trigonometria,Sistemas de Medidas Angulares,,,
249,Trigonometria,Sistemas de Medidas Angulares,,,
250,Trigonometria,Sistemas de Medidas Angulares,,,
251,Trigonometria,Sistemas de Medidas Angulares,,,
252,Trigonometria,Sistemas de Medidas Angulares,,,
253,Trigonometria,Sistemas de Medidas Angulares,,,
254,Trigonometria,Sistemas de Medidas Angulares,,,
255,Trigonometria,Sistemas de Medidas Angulares,,,
256,Trigonometria,Sistemas de Medidas Angulares,,,
257,Trigonometria,Sistemas de Medidas Angulares,,,
258,Trigonometria,Sistemas de Medidas Angulares,,,
259,Trigonometria,Sistemas de Medidas Angulares,,,
260,Trigonometria,Sistemas de Medidas Angulares,,,
261,Trigonometria,Sistemas de Medidas Angulares,,,
262,Trigonometria,Sistemas de Medidas Angulares,,,
263,Trigonometria,Sistemas de Medidas Angulares,,,
264,Trigonometria,Angulo Trigonometrico,,,
265,Trigonometria,Angulo Trigonometrico,,,
266,Trigonometria,Angulo Trigonometrico,,,
267,Trigonometria,Sistemas de Medidas Angulares,,,
268,Trigonometria,Angulo Trigonometrico,,,
269,Trigonometria,Sistemas de Medidas Angulares,,,
270,Trigonometria,Sistemas de Medidas Angulares,,,
271,Trigonometria,Sistemas de Medidas Angulares,,,
272,Trigonometria,Sistemas de Medidas Angulares,,,
273,Trigonometria,Sistemas de Medidas Angulares,,,
274,Trigonometria,Sistemas de Medidas Angulares,,,
275,Trigonometria,Sistemas de Medidas Angulares,,,
276,Trigonometria,Sistemas de Medidas Angulares,,,
277,Trigonometria,Sistemas de Medidas Angulares,,,
278,Trigonometria,Sistemas de Medidas Angulares,,,
279,Trigonometria,Sistemas de Medidas Angulares,,,
280,Trigonometria,Sistemas de Medidas Angulares,,,
281,Trigonometria,Sistemas de Medidas Angulares,,,
282,Trigonometria,Sistemas de Medidas Angulares,,,
283,Trigonometria,Sistemas de Medidas Angulares,,,
284,Trigonometria,Sistemas de Medidas Angulares,,,
285,Trigonometria,Angulo Trigonometrico,,,
286,Trigonometria,Sistemas de Medidas Angulares,,,
287,Trigonometria,Sistemas de Medidas Angulares,,,
288,Trigonometria,Angulo Trigonometrico,,,
289,Trigonometria,Sistemas de Medidas Angulares,,,
290,Trigonometria,Sistemas de Medidas Angulares,,,
291,Trigonometria,Sistemas de Medidas Angulares,,,
292,Trigonometria,Angulo Trigonometrico,,,
293,Trigonometria,Sistemas de Medidas Angulares,,,
294,Trigonometria,Sistemas de Medidas Angulares,,,
295,Trigonometria,Sistemas de Medidas Angulares,,,
296,Trigonometria,Sistemas de Medidas Angulares,,,
297,Trigonometria,Sistemas de Medidas Angulares,,,
298,Trigonometria,Angulo Trigonometrico,,,
299,Trigonometria,Sistemas de Medidas Angulares,,,
300,Trigonometria,Sistemas de Medidas Angulares,,,
301,Trigonometria,Sistemas de Medidas Angulares,,,
302,Trigonometria,Angulo Trigonometrico,,,
303,Trigonometria,Sistemas de Medidas Angulares,,,
304,Trigonometria,Angulo Trigonometrico,,,
305,Trigonometria,Angulo Trigonometrico,,,
306,Trigonometria,Angulo Trigonometrico,,,
307,Trigonometria,Sistemas de Medidas Angulares,,,
308,Trigonometria,Sistemas de Medidas Angulares,,,
309,Trigonometria,Sistemas de Medidas Angulares,,,
310,Trigonometria,Sistemas de Medidas Angulares,,,
311,Trigonometria,Sistemas de Medidas Angulares,,,
312,Trigonometria,Sistemas de Medidas Angulares,,,
313,Trigonometria,Sistemas de Medidas Angulares,,,
314,Trigonometria,Sistemas de Medidas Angulares,,,
315,Trigonometria,Sistemas de Medidas Angulares,,,
316,Trigonometria,Sistemas de Medidas Angulares,,,
317,Trigonometria,Sistemas de Medidas Angulares,,,
318,Trigonometria,Sistemas de Medidas Angulares,,,
319,Trigonometria,Sistemas de Medidas Angulares,,,
320,Trigonometria,Sistemas de Medidas Angulares,,,
321,Trigonometria,Sistemas de Medidas Angulares,,,
322,Trigonometria,Sistemas de Medidas Angulares,,,
323,Trigonometria,Sistemas de Medidas Angulares,,,
324,Trigonometria,Sistemas de Medidas Angulares,,,
325,Trigonometria,Sistemas de Medidas Angulares,,,
326,Trigonometria,Sistemas de Medidas Angulares,,,
327,Trigonometria,Sistemas de Medidas Angulares,,,
328,Trigonometria,Sistemas de Medidas Angulares,,,
329,Trigonometria,Sistemas de Medidas Angulares,,,
330,Trigonometria,Sistemas de Medidas Angulares,,,
331,Trigonometria,Sistemas de Medidas Angulares,,,
332,Trigonometria,Sistemas de Medidas Angulares,,,
333,Trigonometria,Angulo Trigonometrico,,,
334,Trigonometria,Sistemas de Medidas Angulares,,,
335,Trigonometria,Sistemas de Medidas Angulares,,,
336,Trigonometria,Sistemas de Medidas Angulares,,,
337,Trigonometria,Sistemas de Medidas Angulares,,,
338,Trigonometria,Sistemas de Medidas Angulares,,,
339,Trigonometria,Angulo Trigonometrico,,,
340,Trigonometria,Sistemas de Medidas Angulares,,,
341,Trigonometria,Sistemas de Medidas Angulares,,,
342,Trigonometria,Sistemas de Medidas Angulares,,,
343,Trigonometria,Sistemas de Medidas Angulares,,,
344,Trigonometria,Angulo Trigonometrico,,,
345,Trigonometria,Sistemas de Medidas Angulares,,,
346,Trigonometria,Sistemas de Medidas Angulares,,,
347,Trigonometria,Sistemas de Medidas Angulares,,,
348,Trigonometria,Sistemas de Medidas Angulares,,,
349,Trigonometria,Angulo Trigonometrico,,,
350,Trigonometria,Sistemas de Medidas Angulares,,,
351,Trigonometria,Sistemas de Medidas Angulares,,,
352,Trigonometria,Sistemas de Medidas Angulares,,,
353,Trigonometria,Sistemas de Medidas Angulares,,,
354,Trigonometria,Sistemas de Medidas Angulares,,,
355,Trigonometria,Sistemas de Medidas Angulares,,,
356,Trigonometria,Sistemas de Medidas Angulares,,,
357,Trigonometria,Angulo Trigonometrico,,,
358,Trigonometria,Angulo Trigonometrico,,,
359,Trigonometria,Sistemas de Medidas Angulares,,,
360,Trigonometria,Sistemas de Medidas Angulares,,,
361,Trigonometria,Sistemas de Medidas Angulares,,,
362,Trigonometria,Sistemas de Medidas Angulares,,,
363,Trigonometria,Sistemas de Medidas Angulares,,,
364,Trigonometria,Sistemas de Medidas Angulares,,,
365,Trigonometria,Sistemas de Medidas Angulares,,,
366,Trigonometria,Sistemas de Medidas Angulares,,,
367,Trigonometria,Sistemas de Medidas Angulares,,,
368,Trigonometria,Angulo Trigonometrico,,,
369,Trigonometria,Angulo Trigonometrico,,,
370,Trigonometria,Sistemas de Medidas Angulares,,,
371,Trigonometria,Sistemas de Medidas Angulares,,,
372,Trigonometria,Sistemas de Medidas Angulares,,,
373,Trigonometria,Sistemas de Medidas Angulares,,,
374,Trigonometria,Angulo Trigonometrico,,,
375,Trigonometria,Sistemas de Medidas Angulares,,,
376,Trigonometria,Sistemas de Medidas Angulares,,,
377,Trigonometria,Sistemas de Medidas Angulares,,,
378,Trigonometria,Sistemas de Medidas Angulares,,,
379,Trigonometria,Sistemas de Medidas Angulares,,,
380,Trigonometria,Sistemas de Medidas Angulares,,,
381,Trigonometria,Sistemas de Medidas Angulares,,,
382,Trigonometria,Sistemas de Medidas Angulares,,,
383,Trigonometria,Sistemas de Medidas Angulares,,,
384,Trigonometria,Sistemas de Medidas Angulares,,,
385,Trigonometria,Sistemas de Medidas Angulares,,,
386,Trigonometria,Sistemas de Medidas Angulares,,,
387,Trigonometria,Angulo Trigonometrico,,,
388,Trigonometria,Sistemas de Medidas Angulares,,,
389,Trigonometria,Sistemas de Medidas Angulares,,,
390,Trigonometria,Sistemas de Medidas Angulares,,,
391,Trigonometria,Sistemas de Medidas Angulares,,,
392,Trigonometria,Sistemas de Medidas Angulares,,,
393,Trigonometria,Sistemas de Medidas Angulares,,,
394,Trigonometria,Sistemas de Medidas Angulares,,,
395,Trigonometria,Sistemas de Medidas Angulares,,,
396,Trigonometria,Sistemas de Medidas Angulares,,,
397,Trigonometria,Sistemas de Medidas Angulares,,,
398,Trigonometria,Sistemas de Medidas Angulares,,,
399,Trigonometria,Sistemas de Medidas Angulares,,,
400,Trigonometria,Sistemas de Medidas Angulares,,,
401,Trigonometria,Sistemas de Medidas Angulares,,,
402,Trigonometria,Sistemas de Medidas Angulares,,,
403,Trigonometria,Sistemas de Medidas Angulares,,,
404,Trigonometria,Longitud de Arco,,,
405,Trigonometria,Longitud de Arco,,,
406,Trigonometria,Longitud de Arco,,,
407,Trigonometria,Sector Circular,,,
408,Trigonometria,Sector Circular,,,
409,Trigonometria,Longitud de Arco,,,
410,Trigonometria,Longitud de Arco,,,
411,Trigonometria,Longitud de Arco,,,
412,Trigonometria,Longitud de Arco,,,
413,Trigonometria,Longitud de Arco,,,
414,Trigonometria,Sector Circular,,,
415,Trigonometria,Sector Circular,,,
416,Trigonometria,Sector Circular,,,
417,Trigonometria,Sector Circular,,,
418,Trigonometria,Sector Circular,,,
419,Trigonometria,Sector Circular,,,
420,Trigonometria,Sector Circular,,,
421,Trigonometria,Longitud de Arco,,,
422,Trigonometria,Sector Circular,,,
423,Trigonometria,Longitud de Arco,,,
424,Trigonometria,Sector Circular,,,
425,Trigonometria,Sector Circular,,,
426,Trigonometria,Sector Circular,,,
427,Trigonometria,Sector Circular,,,
428,Trigonometria,Sector Circular,,,
429,Trigonometria,Sector Circular,,,
430,Trigonometria,Sector Circular,,,
431,Trigonometria,Sector Circular,,,
432,Trigonometria,Sector Circular,,,
433,Trigonometria,Sector Circular,,,
434,Trigonometria,Sector Circular,,,
435,Trigonometria,Longitud de Arco,,,
436,Trigonometria,Sector Circular,,,
437,Trigonometria,Longitud de Arco,,,
438,Trigonometria,Sector Circular,,,
439,Trigonometria,Longitud de Arco,,,
440,Trigonometria,Longitud de Arco,,,
441,Trigonometria,Sector Circular,,,
442,Trigonometria,Sector Circular,,,
443,Trigonometria,Sector Circular,,,
444,Trigonometria,Longitud de Arco,,,
445,Trigonometria,Longitud de Arco,,,
446,Trigonometria,Longitud de Arco,,,
447,Trigonometria,Sector Circular,,,
448,Trigonometria,Sector Circular,,,
449,Trigonometria,Sector Circular,,,
450,Trigonometria,Sector Circular,,,
451,Trigonometria,Longitud de Arco,,,
452,Trigonometria,Longitud de Arco,,,
453,Trigonometria,Longitud de Arco,,,
454,Trigonometria,Longitud de Arco,,,
455,Trigonometria,Longitud de Arco,,,
456,Trigonometria,Longitud de Arco,,,
457,Trigonometria,Sector Circular,,,
458,Trigonometria,Sector Circular,,,
459,Trigonometria,Sector Circular,,,
460,Trigonometria,Sector Circular,,,
461,Trigonometria,Longitud de Arco,,,
462,Trigonometria,Sector Circular,,,
463,Trigonometria,Longitud de Arco,,,
464,Trigonometria,Longitud de Arco,,,
465,Trigonometria,Longitud de Arco,,,
466,Trigonometria,Sector Circular,,,
467,Trigonometria,Longitud de Arco,,,
468,Trigonometria,Sector Circular,,,
469,Trigonometria,Longitud de Arco,,,
470,Trigonometria,Longitud de Arco,,,
471,Trigonometria,Sector Circular,,,
472,Trigonometria,Longitud de Arco,,,
473,Trigonometria,Longitud de Arco,,,
474,Trigonometria,Longitud de Arco,,,
475,Trigonometria,Sector Circular,,,
476,Trigonometria,Longitud de Arco,,,
477,Trigonometria,Longitud de Arco,,,
478,Trigonometria,Longitud de Arco,,,
479,Trigonometria,Sector Circular,,,
480,Trigonometria,Longitud de Arco,,,
481,Trigonometria,Sector Circular,,,
482,Trigonometria,Longitud de Arco,,,
483,Trigonometria,Sector Circular,,,
484,Trigonometria,Longitud de Arco,,,
485,Trigonometria,Sector Circular,,,
486,Trigonometria,Longitud de Arco,,,
487,Trigonometria,Sector Circular,,,
488,Trigonometria,Longitud de Arco,,,
489,Trigonometria,Longitud de Arco,,,
490,Trigonometria,Longitud de Arco,,,
491,Trigonometria,Longitud de Arco,,,
492,Trigonometria,Sector Circular,,,
493,Trigonometria,Longitud de Arco,,,
494,Trigonometria,Longitud de Arco,,,
495,Trigonometria,Sector Circular,,,
496,Trigonometria,Longitud de Arco,,,
497,Trigonometria,Sector Circular,,,
498,Trigonometria,Longitud de Arco,,,
499,Trigonometria,Sector Circular,,,
500,Trigonometria,Sector Circular,,,
501,Trigonometria,Longitud de Arco,,,
502,Trigonometria,Longitud de Arco,,,
503,Trigonometria,Longitud de Arco,,,
504,Trigonometria,Sector Circular,,,
505,Trigonometria,Sector Circular,,,
506,Trigonometria,Longitud de Arco,,,
507,Trigonometria,Longitud de Arco,,,
508,Trigonometria,Longitud de Arco,,,
509,Trigonometria,Longitud de Arco,,,
510,Trigonometria,Longitud de Arco,,,
511,Trigonometria,Longitud de Arco,,,
512,Trigonometria,Longitud de Arco,,,
513,Trigonometria,Longitud de Arco,,,
514,Trigonometria,Longitud de Arco,,,
515,Trigonometria,Longitud de Arco,,,
516,Trigonometria,Sector Circular,,,
517,Trigonometria,Longitud de Arco,,,
518,Trigonometria,Longitud de Arco,,,
519,Trigonometria,Sector Circular,,,
520,Trigonometria,Longitud de Arco,,,
521,Trigonometria,Longitud de Arco,,,
522,Trigonometria,Longitud de Arco,,,
523,Trigonometria,Longitud de Arco,,,
524,Trigonometria,Longitud de Arco,,,
525,Trigonometria,Longitud de Arco,,,
526,Trigonometria,Longitud de Arco,,,
527,Trigonometria,Longitud de Arco,,,
528,Trigonometria,Sector Circular,,,
529,Trigonometria,Longitud de Arco,,,
530,Trigonometria,Longitud de Arco,,,
531,Trigonometria,Longitud de Arco,,,
532,Trigonometria,Longitud de Arco,,,
533,Trigonometria,Sector Circular,,,
534,Trigonometria,Longitud de Arco,,,
535,Trigonometria,Longitud de Arco,,,
536,Trigonometria,Sector Circular,,,
537,Trigonometria,Sector Circular,,,
538,Trigonometria,Sector Circular,,,
539,Trigonometria,Longitud de Arco,,,
540,Trigonometria,Sector Circular,,,
541,Trigonometria,Longitud de Arco,,,
542,Trigonometria,Sector Circular,,,
543,Trigonometria,Longitud de Arco,,,
544,Trigonometria,Longitud de Arco,,,
545,Trigonometria,Longitud de Arco,,,
546,Trigonometria,Longitud de Arco,,,
547,Trigonometria,Longitud de Arco,,,
548,Trigonometria,Longitud de Arco,,,
549,Trigonometria,Longitud de Arco,,,
550,Trigonometria,Longitud de Arco,,,
551,Trigonometria,Longitud de Arco,,,
552,Trigonometria,Longitud de Arco,,,
553,Trigonometria,Longitud de Arco,,,
554,Trigonometria,Longitud de Arco,,,
555,Trigonometria,Longitud de Arco,,,
556,Trigonometria,Longitud de Arco,,,
557,Trigonometria,Sector Circular,,,
558,Trigonometria,Longitud de Arco,,,
559,Trigonometria,Sector Circular,,,
560,Trigonometria,Sector Circular,,,
561,Trigonometria,Sector Circular,,,
562,Trigonometria,Longitud de Arco,,,
563,Trigonometria,Longitud de Arco,,,
564,Trigonometria,Longitud de Arco,,,
565,Trigonometria,Sector Circular,,,
566,Trigonometria,Sector Circular,,,
567,Trigonometria,Longitud de Arco,,,
568,Trigonometria,Longitud de Arco,,,
569,Trigonometria,Sector Circular,,,
570,Trigonometria,Longitud de Arco,,,
571,Trigonometria,Longitud de Arco,,,
572,Trigonometria,Sector Circular,,,
573,Trigonometria,Longitud de Arco,,,
574,Trigonometria,Longitud de Arco,,,
575,Trigonometria,Sector Circular,,,
576,Trigonometria,Longitud de Arco,,,
577,Trigonometria,Sector Circular,,,
578,Trigonometria,Sector Circular,,,
579,Trigonometria,Sector Circular,,,
580,Trigonometria,Longitud de Arco,,,
581,Trigonometria,Longitud de Arco,,,
582,Trigonometria,Sector Circular,,,
583,Trigonometria,Sector Circular,,,
584,Trigonometria,Sector Circular,,,
585,Trigonometria,Sector Circular,,,
586,Trigonometria,Longitud de Arco,,,
587,Trigonometria,Longitud de Arco,,,
588,Trigonometria,Longitud de Arco,,,
589,Trigonometria,Longitud de Arco,,,
590,Trigonometria,Longitud de Arco,,,
591,Trigonometria,Longitud de Arco,,,
592,Trigonometria,Longitud de Arco,,,
593,Trigonometria,Longitud de Arco,,,
594,Trigonometria,Longitud de Arco,,,
595,Trigonometria,Longitud de Arco,,,
596,Trigonometria,Longitud de Arco,,,
597,Trigonometria,Sector Circular,,,
598,Trigonometria,Longitud de Arco,,,
599,Trigonometria,Longitud de Arco,,,
600,Trigonometria,Longitud de Arco,,,
601,Trigonometria,Longitud de Arco,,,
602,Trigonometria,Longitud de Arco,,,
603,Trigonometria,Longitud de Arco,,,
604,Trigonometria,Razones Trigonometricas de Angulos Agudos,,,
605,Trigonometria,Razones Trigonometricas de Angulos Agudos,,,
606,Trigonometria,Razones Trigonometricas de Angulos Agudos,,,
607,Trigonometria,Razones Trigonometricas de Angulos Agudos,,,
608,Trigonometria,Razones Trigonometricas de Angulos Agudos,,,
609,Trigonometria,Razones Trigonometricas de Angulos Agudos,,,
610,Trigonometria,Razones Trigonometricas de Angulos Agudos,,,
611,Trigonometria,Razones Trigonometricas de Angulos Agudos,,,
612,Trigonometria,Razones Trigonometricas de Angulos Agudos,,,
613,Trigonometria,Razones Trigonometricas de Angulos Agudos,,,
614,Trigonometria,Razones Trigonometricas de Angulos Agudos,,,
615,Trigonometria,Razones Trigonometricas de Angulos Agudos,,,
616,Trigonometria,Razones Trigonometricas de Angulos Agudos,,,
617,Trigonometria,Razones Trigonometricas de Angulos Agudos,,,
618,Trigonometria,Razones Trigonometricas de Angulos Agudos,,,
619,Trigonometria,Razones Trigonometricas de Angulos Agudos,,,
620,Trigonometria,Razones Trigonometricas de Angulos Agudos,,,
621,Trigonometria,Razones Trigonometricas de Angulos Agudos,,,
622,Trigonometria,Razones Trigonometricas de Angulos Agudos,,,
623,Trigonometria,Razones Trigonometricas de Angulos Agudos,,,
624,Trigonometria,Razones Trigonometricas de Angulos Agudos,,,
625,Trigonometria,Razones Trigonometricas de Angulos Agudos,,,
626,Trigonometria,Razones Trigonometricas de Angulos Agudos,,,
627,Trigonometria,Razones Trigonometricas de Angulos Agudos,,,
628,Trigonometria,Razones Trigonometricas de Angulos Agudos,,,
629,Trigonometria,Razones Trigonometricas de Angulos Agudos,,,
630,Trigonometria,Razones Trigonometricas de Angulos Agudos,,,
631,Trigonometria,Razones Trigonometricas de Angulos Agudos,,,
632,Trigonometria,Razones Trigonometricas de Angulos Agudos,,,
633,Trigonometria,Razones Trigonometricas de Angulos Agudos,,,
634,Trigonometria,Razones Trigonometricas de Angulos Agudos,,,
635,Trigonometria,Razones Trigonometricas de Angulos Agudos,,,
636,Trigonometria,Razones Trigonometricas de Angulos Agudos,,,
637,Trigonometria,Razones Trigonometricas de Angulos Agudos,,,
638,Trigonometria,Razones Trigonometricas de Angulos Agudos,,,
639,Trigonometria,Razones Trigonometricas de Angulos Agudos,,,
640,Trigonometria,Angulos Verticales y Horizontales,,,
641,Trigonometria,Angulos Verticales y Horizontales,,,
642,Trigonometria,Angulos Verticales y Horizontales,,,
643,Trigonometria,Angulos Verticales y Horizontales,,,
644,Trigonometria,Angulos Verticales y Horizontales,,,
645,Trigonometria,Angulos Verticales y Horizontales,,,
646,Trigonometria,Angulos Verticales y Horizontales,,,
647,Trigonometria,Angulos Verticales y Horizontales,,,
648,Trigonometria,Angulos Verticales y Horizontales,,,
649,Trigonometria,Angulos Verticales y Horizontales,,,
650,Trigonometria,Angulos Verticales y Horizontales,,,
651,Trigonometria,Angulos Verticales y Horizontales,,,
652,Trigonometria,Rosa Nautica,,,
653,Trigonometria,Rosa Nautica,,,
654,Trigonometria,Angulos Verticales y Horizontales,,,
655,Trigonometria,Rosa Nautica,,,
656,Trigonometria,Rosa Nautica,,,
657,Trigonometria,Rosa Nautica,,,
658,Trigonometria,Rosa Nautica,,,
659,Trigonometria,Rosa Nautica,,,
660,Trigonometria,Rosa Nautica,,,
661,Trigonometria,Angulos Verticales y Horizontales,,,
662,Trigonometria,Rosa Nautica,,,
663,Trigonometria,Angulos Verticales y Horizontales,,,
664,Trigonometria,Razones Trigonometricas de Angulos Agudos,,,
665,Trigonometria,Razones Trigonometricas de Angulos Agudos,,,
666,Trigonometria,Razones Trigonometricas de Angulos Agudos,,,
667,Trigonometria,Razones Trigonometricas de Angulos Agudos,,,
668,Trigonometria,Razones Trigonometricas de Angulos Agudos,,,
669,Trigonometria,Razones Trigonometricas de Angulos Agudos,,,
670,Trigonometria,Razones Trigonometricas de Angulos Agudos,,,
671,Trigonometria,Razones Trigonometricas de Angulos Agudos,,,
672,Trigonometria,Razones Trigonometricas de Angulos Agudos,,,
673,Trigonometria,Razones Trigonometricas de Angulos Agudos,,,
674,Trigonometria,Razones Trigonometricas de Angulos Agudos,,,
675,Trigonometria,Razones Trigonometricas de Angulos Agudos,,,
676,Trigonometria,Razones Trigonometricas de Angulos Agudos,,,
677,Trigonometria,Razones Trigonometricas de Angulos Agudos,,,
678,Trigonometria,Razones Trigonometricas de Angulos Agudos,,,
679,Trigonometria,Razones Trigonometricas de Angulos Agudos,,,
680,Trigonometria,Razones Trigonometricas de Angulos Agudos,,,
681,Trigonometria,Razones Trigonometricas de Angulos Agudos,,,
682,Trigonometria,Razones Trigonometricas de Angulos Agudos,,,
683,Trigonometria,Razones Trigonometricas de Angulos Agudos,,,
684,Trigonometria,Razones Trigonometricas de Angulos Agudos,,,
685,Trigonometria,Razones Trigonometricas de Angulos Agudos,,,
686,Trigonometria,Razones Trigonometricas de Angulos Agudos,,,
687,Trigonometria,Razones Trigonometricas de Angulos Agudos,,,
688,Trigonometria,Razones Trigonometricas de Angulos Agudos,,,
689,Trigonometria,Razones Trigonometricas de Angulos Agudos,,,
690,Trigonometria,Razones Trigonometricas de Angulos Agudos,,,
691,Trigonometria,Angulos Verticales y Horizontales,,,
692,Trigonometria,Angulos Verticales y Horizontales,,,
693,Trigonometria,Angulos Verticales y Horizontales,,,
694,Trigonometria,Angulos Verticales y Horizontales,,,
695,Trigonometria,Rosa Nautica,,,
696,Trigonometria,Angulos Verticales y Horizontales,,,
697,Trigonometria,Rosa Nautica,,,
698,Trigonometria,Angulos Verticales y Horizontales,,,
699,Trigonometria,Angulos Verticales y Horizontales,,,
700,Trigonometria,Rosa Nautica,,,
701,Trigonometria,Angulos Verticales y Horizontales,,,
702,Trigonometria,Rosa Nautica,,,
703,Trigonometria,Rosa Nautica,,,
704,Trigonometria,Razones Trigonometricas de Angulos Agudos,,,
705,Trigonometria,Razones Trigonometricas de Angulos Agudos,,,
706,Trigonometria,Razones Trigonometricas de Angulos Agudos,,,
707,Trigonometria,Razones Trigonometricas de Angulos Agudos,,,
708,Trigonometria,Razones Trigonometricas de Angulos Agudos,,,
709,Trigonometria,Razones Trigonometricas de Angulos Agudos,,,
710,Trigonometria,Razones Trigonometricas de Angulos Agudos,,,
711,Trigonometria,Razones Trigonometricas de Angulos Agudos,,,
712,Trigonometria,Razones Trigonometricas de Angulos Agudos,,,
713,Trigonometria,Razones Trigonometricas de Angulos Agudos,,,
714,Trigonometria,Razones Trigonometricas de Angulos Agudos,,,
715,Trigonometria,Razones Trigonometricas de Angulos Agudos,,,
716,Trigonometria,Razones Trigonometricas de Angulos Agudos,,,
717,Trigonometria,Razones Trigonometricas de Angulos Agudos,,,
718,Trigonometria,Razones Trigonometricas de Angulos Agudos,,,
719,Trigonometria,Razones Trigonometricas de Angulos Agudos,,,
720,Trigonometria,Razones Trigonometricas de Angulos Agudos,,,
721,Trigonometria,Razones Trigonometricas de Angulos Agudos,,,
722,Trigonometria,Razones Trigonometricas de Angulos Agudos,,,
723,Trigonometria,Razones Trigonometricas de Angulos Agudos,,,
724,Trigonometria,Razones Trigonometricas de Angulos Agudos,,,
725,Trigonometria,Razones Trigonometricas de Angulos Agudos,,,
726,Trigonometria,Razones Trigonometricas de Angulos Agudos,,,
727,Trigonometria,Razones Trigonometricas de Angulos Agudos,,,
728,Trigonometria,Razones Trigonometricas de Angulos Agudos,,,
729,Trigonometria,Razones Trigonometricas de Angulos Agudos,,,
730,Trigonometria,Razones Trigonometricas de Angulos Agudos,,,
731,Trigonometria,Razones Trigonometricas de Angulos Agudos,,,
732,Trigonometria,Razones Trigonometricas de Angulos Agudos,,,
733,Trigonometria,Razones Trigonometricas de Angulos Agudos,,,
734,Trigonometria,Razones Trigonometricas de Angulos Agudos,,,
735,Trigonometria,Razones Trigonometricas de Angulos Agudos,,,
736,Trigonometria,Razones Trigonometricas de Angulos Agudos,,,
737,Trigonometria,Razones Trigonometricas de Angulos Agudos,,,
738,Trigonometria,Razones Trigonometricas de Angulos Agudos,,,
739,Trigonometria,Razones Trigonometricas de Angulos Agudos,,,
740,Trigonometria,Razones Trigonometricas de Angulos Agudos,,,
741,Trigonometria,Razones Trigonometricas de Angulos Agudos,,,
742,Trigonometria,Razones Trigonometricas de Angulos Agudos,,,
743,Trigonometria,Razones Trigonometricas de Angulos Agudos,,,
744,Trigonometria,Razones Trigonometricas de Angulos Agudos,,,
745,Trigonometria,Razones Trigonometricas de Angulos Agudos,,,
746,Trigonometria,Razones Trigonometricas de Angulos Agudos,,,
747,Trigonometria,Angulos Verticales y Horizontales,,,
748,Trigonometria,Angulos Verticales y Horizontales,,,
749,Trigonometria,Angulos Verticales y Horizontales,,,
750,Trigonometria,Angulos Verticales y Horizontales,,,
751,Trigonometria,Angulos Verticales y Horizontales,,,
752,Trigonometria,Angulos Verticales y Horizontales,,,
753,Trigonometria,Angulos Verticales y Horizontales,,,
754,Trigonometria,Angulos Verticales y Horizontales,,,
755,Trigonometria,Angulos Verticales y Horizontales,,,
756,Trigonometria,Angulos Verticales y Horizontales,,,
757,Trigonometria,Rosa Nautica,,,
758,Trigonometria,Rosa Nautica,,,
759,Trigonometria,Rosa Nautica,,,
760,Trigonometria,Rosa Nautica,,,
761,Trigonometria,Rosa Nautica,,,
762,Trigonometria,Rosa Nautica,,,
763,Trigonometria,Rosa Nautica,,,
764,Trigonometria,Rosa Nautica,,,
765,Trigonometria,Razones Trigonometricas de Angulos Agudos,,,
766,Trigonometria,Razones Trigonometricas de Angulos Agudos,,,
767,Trigonometria,Razones Trigonometricas de Angulos Agudos,,,
768,Trigonometria,Razones Trigonometricas de Angulos Agudos,,,
769,Trigonometria,Razones Trigonometricas de Angulos Agudos,,,
770,Trigonometria,Razones Trigonometricas de Angulos Agudos,,,
771,Trigonometria,Razones Trigonometricas de Angulos Agudos,,,
772,Trigonometria,Razones Trigonometricas de Angulos Agudos,,,
773,Trigonometria,Razones Trigonometricas de Angulos Agudos,,,
774,Trigonometria,Razones Trigonometricas de Angulos Agudos,,,
775,Trigonometria,Razones Trigonometricas de Angulos Agudos,,,
776,Trigonometria,Razones Trigonometricas de Angulos Agudos,,,
777,Trigonometria,Razones Trigonometricas de Angulos Agudos,,,
778,Trigonometria,Razones Trigonometricas de Angulos Agudos,,,
779,Trigonometria,Razones Trigonometricas de Angulos Agudos,,,
780,Trigonometria,Razones Trigonometricas de Angulos Agudos,,,
781,Trigonometria,Razones Trigonometricas de Angulos Agudos,,,
782,Trigonometria,Razones Trigonometricas de Angulos Agudos,,,
783,Trigonometria,Razones Trigonometricas de Angulos Agudos,,,
784,Trigonometria,Razones Trigonometricas de Angulos Agudos,,,
785,Trigonometria,Razones Trigonometricas de Angulos Agudos,,,
786,Trigonometria,Razones Trigonometricas de Angulos Agudos,,,
787,Trigonometria,Angulos Verticales y Horizontales,,,
788,Trigonometria,Rosa Nautica,,,
789,Trigonometria,Rosa Nautica,,,
790,Trigonometria,Rosa Nautica,,,
791,Trigonometria,Angulos Verticales y Horizontales,,,
792,Trigonometria,Rosa Nautica,,,
793,Trigonometria,Rosa Nautica,,,
794,Trigonometria,Rosa Nautica,,,
795,Trigonometria,Rosa Nautica,,,
796,Trigonometria,Rosa Nautica,,,
797,Trigonometria,Angulos Verticales y Horizontales,,,
798,Trigonometria,Angulos Verticales y Horizontales,,,
799,Trigonometria,Rosa Nautica,,,
800,Trigonometria,Rosa Nautica,,,
801,Trigonometria,Angulos Verticales y Horizontales,,,
802,Trigonometria,Razones Trigonometricas de Angulos Agudos,,,
803,Trigonometria,Razones Trigonometricas de Angulos Agudos,,,
804,Trigonometria,Angulos en Posicion Normal,,,
805,Trigonometria,Angulos en Posicion Normal,,,
806,Trigonometria,Angulos en Posicion Normal,,,
807,Trigonometria,Angulos en Posicion Normal,,,
808,Trigonometria,Angulos en Posicion Normal,,,
809,Trigonometria,Angulos en Posicion Normal,,,
810,Trigonometria,Angulos en Posicion Normal,,,
811,Trigonometria,Angulos en Posicion Normal,,,
812,Trigonometria,Angulos en Posicion Normal,,,
813,Trigonometria,Angulos en Posicion Normal,,,
814,Trigonometria,Angulos en Posicion Normal,,,
815,Trigonometria,Angulos en Posicion Normal,,,
816,Trigonometria,Angulos en Posicion Normal,,,
817,Trigonometria,Angulos en Posicion Normal,,,
818,Trigonometria,Angulos en Posicion Normal,,,
819,Trigonometria,Angulos en Posicion Normal,,,
820,Trigonometria,Reduccion al Primer Cuadrante,,,
821,Trigonometria,Reduccion al Primer Cuadrante,,,
822,Trigonometria,Reduccion al Primer Cuadrante,,,
823,Trigonometria,Reduccion al Primer Cuadrante,,,
824,Trigonometria,Reduccion al Primer Cuadrante,,,
825,Trigonometria,Reduccion al Primer Cuadrante,,,
826,Trigonometria,Reduccion al Primer Cuadrante,,,
827,Trigonometria,Reduccion al Primer Cuadrante,,,
828,Trigonometria,Reduccion al Primer Cuadrante,,,
829,Trigonometria,Reduccion al Primer Cuadrante,,,
830,Trigonometria,Reduccion al Primer Cuadrante,,,
831,Trigonometria,Reduccion al Primer Cuadrante,,,
832,Trigonometria,Reduccion al Primer Cuadrante,,,
833,Trigonometria,Reduccion al Primer Cuadrante,,,
834,Trigonometria,Reduccion al Primer Cuadrante,,,
835,Trigonometria,Reduccion al Primer Cuadrante,,,
836,Trigonometria,Reduccion al Primer Cuadrante,,,
837,Trigonometria,Reduccion al Primer Cuadrante,,,
838,Trigonometria,Reduccion al Primer Cuadrante,,,
839,Trigonometria,Reduccion al Primer Cuadrante,,,
840,Trigonometria,Reduccion al Primer Cuadrante,,,
841,Trigonometria,Reduccion al Primer Cuadrante,,,
842,Trigonometria,Reduccion al Primer Cuadrante,,,
843,Trigonometria,Reduccion al Primer Cuadrante,,,
844,Trigonometria,Angulos en Posicion Normal,,,
845,Trigonometria,Reduccion al Primer Cuadrante,,,
846,Trigonometria,Angulos en Posicion Normal,,,
847,Trigonometria,Reduccion al Primer Cuadrante,,,
848,Trigonometria,Reduccion al Primer Cuadrante,,,
849,Trigonometria,Reduccion al Primer Cuadrante,,,
850,Trigonometria,Angulos en Posicion Normal,,,
851,Trigonometria,Reduccion al Primer Cuadrante,,,
852,Trigonometria,Angulos en Posicion Normal,,,
853,Trigonometria,Reduccion al Primer Cuadrante,,,
854,Trigonometria,Reduccion al Primer Cuadrante,,,
855,Trigonometria,Angulos en Posicion Normal,,,
856,Trigonometria,Reduccion al Primer Cuadrante,,,
857,Trigonometria,Reduccion al Primer Cuadrante,,,
858,Trigonometria,Reduccion al Primer Cuadrante,,,
859,Trigonometria,Reduccion al Primer Cuadrante,,,
860,Trigonometria,Reduccion al Primer Cuadrante,,,
861,Trigonometria,Reduccion al Primer Cuadrante,,,
862,Trigonometria,Reduccion al Primer Cuadrante,,,
863,Trigonometria,Angulos en Posicion Normal,,,
864,Trigonometria,Reduccion al Primer Cuadrante,,,
865,Trigonometria,Reduccion al Primer Cuadrante,,,
866,Trigonometria,Angulos en Posicion Normal,,,
867,Trigonometria,Angulos en Posicion Normal,,,
868,Trigonometria,Angulos en Posicion Normal,,,
869,Trigonometria,Angulos en Posicion Normal,,,
870,Trigonometria,Reduccion al Primer Cuadrante,,,
871,Trigonometria,Angulos en Posicion Normal,,,
872,Trigonometria,Reduccion al Primer Cuadrante,,,
873,Trigonometria,Reduccion al Primer Cuadrante,,,
874,Trigonometria,Reduccion al Primer Cuadrante,,,
875,Trigonometria,Reduccion al Primer Cuadrante,,,
876,Trigonometria,Angulos en Posicion Normal,,,
877,Trigonometria,Reduccion al Primer Cuadrante,,,
878,Trigonometria,Angulos en Posicion Normal,,,
879,Trigonometria,Angulos en Posicion Normal,,,
880,Trigonometria,Reduccion al Primer Cuadrante,,,
881,Trigonometria,Reduccion al Primer Cuadrante,,,
882,Trigonometria,Reduccion al Primer Cuadrante,,,
883,Trigonometria,Reduccion al Primer Cuadrante,,,
884,Trigonometria,Reduccion al Primer Cuadrante,,,
885,Trigonometria,Reduccion al Primer Cuadrante,,,
886,Trigonometria,Reduccion al Primer Cuadrante,,,
887,Trigonometria,Reduccion al Primer Cuadrante,,,
888,Trigonometria,Angulos en Posicion Normal,,,
889,Trigonometria,Angulos en Posicion Normal,,,
890,Trigonometria,Angulos en Posicion Normal,,,
891,Trigonometria,Reduccion al Primer Cuadrante,,,
892,Trigonometria,Reduccion al Primer Cuadrante,,,
893,Trigonometria,Reduccion al Primer Cuadrante,,,
894,Trigonometria,Angulos en Posicion Normal,,,
895,Trigonometria,Angulos en Posicion Normal,,,
896,Trigonometria,Angulos en Posicion Normal,,,
897,Trigonometria,Angulos en Posicion Normal,,,
898,Trigonometria,Reduccion al Primer Cuadrante,,,
899,Trigonometria,Reduccion al Primer Cuadrante,,,
900,Trigonometria,Reduccion al Primer Cuadrante,,,
901,Trigonometria,Angulos en Posicion Normal,,,
902,Trigonometria,Angulos en Posicion Normal,,,
903,Trigonometria,Angulos en Posicion Normal,,,
904,Trigonometria,Angulos en Posicion Normal,,,
905,Trigonometria,Angulos en Posicion Normal,,,
906,Trigonometria,Angulos en Posicion Normal,,,
907,Trigonometria,Angulos en Posicion Normal,,,
908,Trigonometria,Angulos en Posicion Normal,,,
909,Trigonometria,Reduccion al Primer Cuadrante,,,
910,Trigonometria,Reduccion al Primer Cuadrante,,,
911,Trigonometria,Reduccion al Primer Cuadrante,,,
912,Trigonometria,Reduccion al Primer Cuadrante,,,
913,Trigonometria,Reduccion al Primer Cuadrante,,,
914,Trigonometria,Angulos en Posicion Normal,,,
915,Trigonometria,Angulos en Posicion Normal,,,
916,Trigonometria,Angulos en Posicion Normal,,,
917,Trigonometria,Angulos en Posicion Normal,,,
918,Trigonometria,Angulos en Posicion Normal,,,
919,Trigonometria,Angulos en Posicion Normal,,,
920,Trigonometria,Angulos en Posicion Normal,,,
921,Trigonometria,Angulos en Posicion Normal,,,
922,Trigonometria,Angulos en Posicion Normal,,,
923,Trigonometria,Angulos en Posicion Normal,,,
924,Trigonometria,Angulos en Posicion Normal,,,
925,Trigonometria,Angulos en Posicion Normal,,,
926,Trigonometria,Angulos en Posicion Normal,,,
927,Trigonometria,Angulos en Posicion Normal,,,
928,Trigonometria,Angulos en Posicion Normal,,,
929,Trigonometria,Angulos en Posicion Normal,,,
930,Trigonometria,Angulos en Posicion Normal,,,
931,Trigonometria,Angulos en Posicion Normal,,,
932,Trigonometria,Angulos en Posicion Normal,,,
933,Trigonometria,Angulos en Posicion Normal,,,
934,Trigonometria,Angulos en Posicion Normal,,,
935,Trigonometria,Reduccion al Primer Cuadrante,,,
936,Trigonometria,Reduccion al Primer Cuadrante,,,
937,Trigonometria,Angulos en Posicion Normal,,,
938,Trigonometria,Reduccion al Primer Cuadrante,,,
939,Trigonometria,Reduccion al Primer Cuadrante,,,
940,Trigonometria,Reduccion al Primer Cuadrante,,,
941,Trigonometria,Reduccion al Primer Cuadrante,,,
942,Trigonometria,Reduccion al Primer Cuadrante,,,
943,Trigonometria,Reduccion al Primer Cuadrante,,,
944,Trigonometria,Reduccion al Primer Cuadrante,,,
945,Trigonometria,Reduccion al Primer Cuadrante,,,
946,Trigonometria,Reduccion al Primer Cuadrante,,,
947,Trigonometria,Angulos en Posicion Normal,,,
948,Trigonometria,Angulos en Posicion Normal,,,
949,Trigonometria,Reduccion al Primer Cuadrante,,,
950,Trigonometria,Angulos en Posicion Normal,,,
951,Trigonometria,Reduccion al Primer Cuadrante,,,
952,Trigonometria,Reduccion al Primer Cuadrante,,,
953,Trigonometria,Reduccion al Primer Cuadrante,,,
954,Trigonometria,Reduccion al Primer Cuadrante,,,
955,Trigonometria,Reduccion al Primer Cuadrante,,,
956,Trigonometria,Angulos en Posicion Normal,,,
957,Trigonometria,Angulos en Posicion Normal,,,
958,Trigonometria,Angulos en Posicion Normal,,,
959,Trigonometria,Angulos en Posicion Normal,,,
960,Trigonometria,Reduccion al Primer Cuadrante,,,
961,Trigonometria,Angulos en Posicion Normal,,,
962,Trigonometria,Angulos en Posicion Normal,,,
963,Trigonometria,Reduccion al Primer Cuadrante,,,
964,Trigonometria,Reduccion al Primer Cuadrante,,,
965,Trigonometria,Angulos en Posicion Normal,,,
966,Trigonometria,Angulos en Posicion Normal,,,
967,Trigonometria,Reduccion al Primer Cuadrante,,,
968,Trigonometria,Angulos en Posicion Normal,,,
969,Trigonometria,Angulos en Posicion Normal,,,
970,Trigonometria,Angulos en Posicion Normal,,,
971,Trigonometria,Angulos en Posicion Normal,,,
972,Trigonometria,Reduccion al Primer Cuadrante,,,
973,Trigonometria,Angulos en Posicion Normal,,,
974,Trigonometria,Angulos en Posicion Normal,,,
975,Trigonometria,Reduccion al Primer Cuadrante,,,
976,Trigonometria,Angulos en Posicion Normal,,,
977,Trigonometria,Angulos en Posicion Normal,,,
978,Trigonometria,Angulos en Posicion Normal,,,
979,Trigonometria,Angulos en Posicion Normal,,,
980,Trigonometria,Angulos en Posicion Normal,,,
981,Trigonometria,Reduccion al Primer Cuadrante,,,
982,Trigonometria,Angulos en Posicion Normal,,,
983,Trigonometria,Angulos en Posicion Normal,,,
984,Trigonometria,Angulos en Posicion Normal,,,
985,Trigonometria,Angulos en Posicion Normal,,,
986,Trigonometria,Reduccion al Primer Cuadrante,,,
987,Trigonometria,Angulos en Posicion Normal,,,
988,Trigonometria,Angulos en Posicion Normal,,,
989,Trigonometria,Angulos en Posicion Normal,,,
990,Trigonometria,Angulos en Posicion Normal,,,
991,Trigonometria,Angulos en Posicion Normal,,,
992,Trigonometria,Angulos en Posicion Normal,,,
993,Trigonometria,Angulos en Posicion Normal,,,
994,Trigonometria,Angulos en Posicion Normal,,,
995,Trigonometria,Angulos en Posicion Normal,,,
996,Trigonometria,Angulos en Posicion Normal,,,
997,Trigonometria,Angulos en Posicion Normal,,,
998,Trigonometria,Angulos en Posicion Normal,,,
999,Trigonometria,Angulos en Posicion Normal,,,
1000,Trigonometria,Angulos en Posicion Normal,,,
1001,Trigonometria,Reduccion al Primer Cuadrante,,,
1002,Trigonometria,Reduccion al Primer Cuadrante,,,
1003,Trigonometria,Angulos en Posicion Normal,,,
1004,Trigonometria,Circunferencia Trigonometrica,,,
1005,Trigonometria,Circunferencia Trigonometrica,,,
1006,Trigonometria,Circunferencia Trigonometrica,,,
1007,Trigonometria,Circunferencia Trigonometrica,,,
1008,Trigonometria,Circunferencia Trigonometrica,,,
1009,Trigonometria,Circunferencia Trigonometrica,,,
1010,Trigonometria,Circunferencia Trigonometrica,,,
1011,Trigonometria,Circunferencia Trigonometrica,,,
1012,Trigonometria,Circunferencia Trigonometrica,,,
1013,Trigonometria,Circunferencia Trigonometrica,,,
1014,Trigonometria,Circunferencia Trigonometrica,,,
1015,Trigonometria,Circunferencia Trigonometrica,,,
1016,Trigonometria,Circunferencia Trigonometrica,,,
1017,Trigonometria,Circunferencia Trigonometrica,,,
1018,Trigonometria,Circunferencia Trigonometrica,,,
1019,Trigonometria,Circunferencia Trigonometrica,,,
1020,Trigonometria,Circunferencia Trigonometrica,,,
1021,Trigonometria,Circunferencia Trigonometrica,,,
1022,Trigonometria,Circunferencia Trigonometrica,,,
1023,Trigonometria,Circunferencia Trigonometrica,,,
1024,Trigonometria,Circunferencia Trigonometrica,,,
1025,Trigonometria,Circunferencia Trigonometrica,,,
1026,Trigonometria,Circunferencia Trigonometrica,,,
1027,Trigonometria,Circunferencia Trigonometrica,,,
1028,Trigonometria,Circunferencia Trigonometrica,,,
1029,Trigonometria,Circunferencia Trigonometrica,,,
1030,Trigonometria,Circunferencia Trigonometrica,,,
1031,Trigonometria,Circunferencia Trigonometrica,,,
1032,Trigonometria,Circunferencia Trigonometrica,,,
1033,Trigonometria,Circunferencia Trigonometrica,,,
1034,Trigonometria,Circunferencia Trigonometrica,,,
1035,Trigonometria,Circunferencia Trigonometrica,,,
1036,Trigonometria,Circunferencia Trigonometrica,,,
1037,Trigonometria,Circunferencia Trigonometrica,,,
1038,Trigonometria,Circunferencia Trigonometrica,,,
1039,Trigonometria,Circunferencia Trigonometrica,,,
1040,Trigonometria,Circunferencia Trigonometrica,,,
1041,Trigonometria,Circunferencia Trigonometrica,,,
1042,Trigonometria,Circunferencia Trigonometrica,,,
1043,Trigonometria,Circunferencia Trigonometrica,,,
1044,Trigonometria,Circunferencia Trigonometrica,,,
1045,Trigonometria,Circunferencia Trigonometrica,,,
1046,Trigonometria,Circunferencia Trigonometrica,,,
1047,Trigonometria,Circunferencia Trigonometrica,,,
1048,Trigonometria,Circunferencia Trigonometrica,,,
1049,Trigonometria,Circunferencia Trigonometrica,,,
1050,Trigonometria,Circunferencia Trigonometrica,,,
1051,Trigonometria,Circunferencia Trigonometrica,,,
1052,Trigonometria,Circunferencia Trigonometrica,,,
1053,Trigonometria,Circunferencia Trigonometrica,,,
1054,Trigonometria,Circunferencia Trigonometrica,,,
1055,Trigonometria,Circunferencia Trigonometrica,,,
1056,Trigonometria,Circunferencia Trigonometrica,,,
1057,Trigonometria,Circunferencia Trigonometrica,,,
1058,Trigonometria,Circunferencia Trigonometrica,,,
1059,Trigonometria,Circunferencia Trigonometrica,,,
1060,Trigonometria,Circunferencia Trigonometrica,,,
1061,Trigonometria,Circunferencia Trigonometrica,,,
1062,Trigonometria,Circunferencia Trigonometrica,,,
1063,Trigonometria,Circunferencia Trigonometrica,,,
1064,Trigonometria,Circunferencia Trigonometrica,,,
1065,Trigonometria,Circunferencia Trigonometrica,,,
1066,Trigonometria,Circunferencia Trigonometrica,,,
1067,Trigonometria,Circunferencia Trigonometrica,,,
1068,Trigonometria,Circunferencia Trigonometrica,,,
1069,Trigonometria,Circunferencia Trigonometrica,,,
1070,Trigonometria,Circunferencia Trigonometrica,,,
1071,Trigonometria,Circunferencia Trigonometrica,,,
1072,Trigonometria,Circunferencia Trigonometrica,,,
1073,Trigonometria,Circunferencia Trigonometrica,,,
1074,Trigonometria,Circunferencia Trigonometrica,,,
1075,Trigonometria,Circunferencia Trigonometrica,,,
1076,Trigonometria,Circunferencia Trigonometrica,,,
1077,Trigonometria,Circunferencia Trigonometrica,,,
1078,Trigonometria,Circunferencia Trigonometrica,,,
1079,Trigonometria,Circunferencia Trigonometrica,,,
1080,Trigonometria,Circunferencia Trigonometrica,,,
1081,Trigonometria,Circunferencia Trigonometrica,,,
1082,Trigonometria,Circunferencia Trigonometrica,,,
1083,Trigonometria,Circunferencia Trigonometrica,,,
1084,Trigonometria,Circunferencia Trigonometrica,,,
1085,Trigonometria,Circunferencia Trigonometrica,,,
1086,Trigonometria,Circunferencia Trigonometrica,,,
1087,Trigonometria,Circunferencia Trigonometrica,,,
1088,Trigonometria,Circunferencia Trigonometrica,,,
1089,Trigonometria,Circunferencia Trigonometrica,,,
1090,Trigonometria,Circunferencia Trigonometrica,,,
1091,Trigonometria,Circunferencia Trigonometrica,,,
1092,Trigonometria,Circunferencia Trigonometrica,,,
1093,Trigonometria,Circunferencia Trigonometrica,,,
1094,Trigonometria,Circunferencia Trigonometrica,,,
1095,Trigonometria,Circunferencia Trigonometrica,,,
1096,Trigonometria,Circunferencia Trigonometrica,,,
1097,Trigonometria,Circunferencia Trigonometrica,,,
1098,Trigonometria,Circunferencia Trigonometrica,,,
1099,Trigonometria,Circunferencia Trigonometrica,,,
1100,Trigonometria,Circunferencia Trigonometrica,,,
1101,Trigonometria,Circunferencia Trigonometrica,,,
1102,Trigonometria,Circunferencia Trigonometrica,,,
1103,Trigonometria,Circunferencia Trigonometrica,,,
1104,Trigonometria,Circunferencia Trigonometrica,,,
1105,Trigonometria,Circunferencia Trigonometrica,,,
1106,Trigonometria,Circunferencia Trigonometrica,,,
1107,Trigonometria,Circunferencia Trigonometrica,,,
1108,Trigonometria,Circunferencia Trigonometrica,,,
1109,Trigonometria,Circunferencia Trigonometrica,,,
1110,Trigonometria,Circunferencia Trigonometrica,,,
1111,Trigonometria,Circunferencia Trigonometrica,,,
1112,Trigonometria,Circunferencia Trigonometrica,,,
1113,Trigonometria,Circunferencia Trigonometrica,,,
1114,Trigonometria,Circunferencia Trigonometrica,,,
1115,Trigonometria,Circunferencia Trigonometrica,,,
1116,Trigonometria,Circunferencia Trigonometrica,,,
1117,Trigonometria,Circunferencia Trigonometrica,,,
1118,Trigonometria,Circunferencia Trigonometrica,,,
1119,Trigonometria,Circunferencia Trigonometrica,,,
1120,Trigonometria,Circunferencia Trigonometrica,,,
1121,Trigonometria,Circunferencia Trigonometrica,,,
1122,Trigonometria,Circunferencia Trigonometrica,,,
1123,Trigonometria,Circunferencia Trigonometrica,,,
1124,Trigonometria,Circunferencia Trigonometrica,,,
1125,Trigonometria,Circunferencia Trigonometrica,,,
1126,Trigonometria,Circunferencia Trigonometrica,,,
1127,Trigonometria,Circunferencia Trigonometrica,,,
1128,Trigonometria,Circunferencia Trigonometrica,,,
1129,Trigonometria,Circunferencia Trigonometrica,,,
1130,Trigonometria,Circunferencia Trigonometrica,,,
1131,Trigonometria,Circunferencia Trigonometrica,,,
1132,Trigonometria,Circunferencia Trigonometrica,,,
1133,Trigonometria,Circunferencia Trigonometrica,,,
1134,Trigonometria,Circunferencia Trigonometrica,,,
1135,Trigonometria,Circunferencia Trigonometrica,,,
1136,Trigonometria,Circunferencia Trigonometrica,,,
1137,Trigonometria,Circunferencia Trigonometrica,,,
1138,Trigonometria,Circunferencia Trigonometrica,,,
1139,Trigonometria,Circunferencia Trigonometrica,,,
1140,Trigonometria,Circunferencia Trigonometrica,,,
1141,Trigonometria,Circunferencia Trigonometrica,,,
1142,Trigonometria,Circunferencia Trigonometrica,,,
1143,Trigonometria,Circunferencia Trigonometrica,,,
1144,Trigonometria,Circunferencia Trigonometrica,,,
1145,Trigonometria,Circunferencia Trigonometrica,,,
1146,Trigonometria,Circunferencia Trigonometrica,,,
1147,Trigonometria,Circunferencia Trigonometrica,,,
1148,Trigonometria,Circunferencia Trigonometrica,,,
1149,Trigonometria,Circunferencia Trigonometrica,,,
1150,Trigonometria,Circunferencia Trigonometrica,,,
1151,Trigonometria,Circunferencia Trigonometrica,,,
1152,Trigonometria,Circunferencia Trigonometrica,,,
1153,Trigonometria,Circunferencia Trigonometrica,,,
1154,Trigonometria,Circunferencia Trigonometrica,,,
1155,Trigonometria,Circunferencia Trigonometrica,,,
1156,Trigonometria,Circunferencia Trigonometrica,,,
1157,Trigonometria,Circunferencia Trigonometrica,,,
1158,Trigonometria,Circunferencia Trigonometrica,,,
1159,Trigonometria,Circunferencia Trigonometrica,,,
1160,Trigonometria,Circunferencia Trigonometrica,,,
1161,Trigonometria,Circunferencia Trigonometrica,,,
1162,Trigonometria,Circunferencia Trigonometrica,,,
1163,Trigonometria,Circunferencia Trigonometrica,,,
1164,Trigonometria,Circunferencia Trigonometrica,,,
1165,Trigonometria,Circunferencia Trigonometrica,,,
1166,Trigonometria,Circunferencia Trigonometrica,,,
1167,Trigonometria,Circunferencia Trigonometrica,,,
1168,Trigonometria,Circunferencia Trigonometrica,,,
1169,Trigonometria,Circunferencia Trigonometrica,,,
1170,Trigonometria,Circunferencia Trigonometrica,,,
1171,Trigonometria,Circunferencia Trigonometrica,,,
1172,Trigonometria,Circunferencia Trigonometrica,,,
1173,Trigonometria,Circunferencia Trigonometrica,,,
1174,Trigonometria,Circunferencia Trigonometrica,,,
1175,Trigonometria,Circunferencia Trigonometrica,,,
1176,Trigonometria,Circunferencia Trigonometrica,,,
1177,Trigonometria,Circunferencia Trigonometrica,,,
1178,Trigonometria,Circunferencia Trigonometrica,,,
1179,Trigonometria,Circunferencia Trigonometrica,,,
1180,Trigonometria,Circunferencia Trigonometrica,,,
1181,Trigonometria,Circunferencia Trigonometrica,,,
1182,Trigonometria,Circunferencia Trigonometrica,,,
1183,Trigonometria,Circunferencia Trigonometrica,,,
1184,Trigonometria,Circunferencia Trigonometrica,,,
1185,Trigonometria,Circunferencia Trigonometrica,,,
1186,Trigonometria,Circunferencia Trigonometrica,,,
1187,Trigonometria,Circunferencia Trigonometrica,,,
1188,Trigonometria,Circunferencia Trigonometrica,,,
1189,Trigonometria,Circunferencia Trigonometrica,,,
1190,Trigonometria,Circunferencia Trigonometrica,,,
1191,Trigonometria,Circunferencia Trigonometrica,,,
1192,Trigonometria,Circunferencia Trigonometrica,,,
1193,Trigonometria,Circunferencia Trigonometrica,,,
1194,Trigonometria,Circunferencia Trigonometrica,,,
1195,Trigonometria,Circunferencia Trigonometrica,,,
1196,Trigonometria,Circunferencia Trigonometrica,,,
1197,Trigonometria,Circunferencia Trigonometrica,,,
1198,Trigonometria,Circunferencia Trigonometrica,,,
1199,Trigonometria,Circunferencia Trigonometrica,,,
1200,Trigonometria,Circunferencia Trigonometrica,,,
1201,Trigonometria,Circunferencia Trigonometrica,,,
1202,Trigonometria,Circunferencia Trigonometrica,,,
1203,Trigonometria,Circunferencia Trigonometrica,,,
1204,Trigonometria,Identidades Trigonometricas,,,
1205,Trigonometria,Identidades Trigonometricas,,,
1206,Trigonometria,Identidades Trigonometricas,,,
1207,Trigonometria,Identidades Trigonometricas,,,
1208,Trigonometria,Identidades Trigonometricas,,,
1209,Trigonometria,Identidades Trigonometricas,,,
1210,Trigonometria,Identidades Trigonometricas,,,
1211,Trigonometria,Identidades Trigonometricas,,,
1212,Trigonometria,Identidades Trigonometricas,,,
1213,Trigonometria,Identidades Trigonometricas,,,
1214,Trigonometria,Identidades Trigonometricas,,,
1215,Trigonometria,Identidades Trigonometricas,,,
1216,Trigonometria,Identidades Trigonometricas,,,
1217,Trigonometria,Identidades Trigonometricas,,,
1218,Trigonometria,Identidades Trigonometricas,,,
1219,Trigonometria,Identidades Trigonometricas,,,
1220,Trigonometria,Identidades Trigonometricas,,,
1221,Trigonometria,Identidades Trigonometricas,,,
1222,Trigonometria,Identidades Trigonometricas,,,
1223,Trigonometria,Identidades Trigonometricas,,,
1224,Trigonometria,Identidades Trigonometricas,,,
1225,Trigonometria,Identidades Trigonometricas,,,
1226,Trigonometria,Identidades Trigonometricas,,,
1227,Trigonometria,Identidades Trigonometricas,,,
1228,Trigonometria,Identidades Trigonometricas,,,
1229,Trigonometria,Identidades Trigonometricas,,,
1230,Trigonometria,Identidades Trigonometricas,,,
1231,Trigonometria,Identidades Trigonometricas,,,
1232,Trigonometria,Identidades Trigonometricas,,,
1233,Trigonometria,Identidades Trigonometricas,,,
1234,Trigonometria,Identidades Trigonometricas,,,
1235,Trigonometria,Identidades Trigonometricas,,,
1236,Trigonometria,Identidades Trigonometricas,,,
1237,Trigonometria,Identidades Trigonometricas,,,
1238,Trigonometria,Identidades Trigonometricas,,,
1239,Trigonometria,Identidades Trigonometricas,,,
1240,Trigonometria,Identidades Trigonometricas,,,
1241,Trigonometria,Identidades Trigonometricas,,,
1242,Trigonometria,Identidades Trigonometricas,,,
1243,Trigonometria,Identidades Trigonometricas,,,
1244,Trigonometria,Identidades Trigonometricas,,,
1245,Trigonometria,Identidades Trigonometricas,,,
1246,Trigonometria,Identidades Trigonometricas,,,
1247,Trigonometria,Identidades Trigonometricas,,,
1248,Trigonometria,Identidades Trigonometricas,,,
1249,Trigonometria,Identidades Trigonometricas,,,
1250,Trigonometria,Identidades Trigonometricas,,,
1251,Trigonometria,Identidades Trigonometricas,,,
1252,Trigonometria,Identidades Trigonometricas,,,
1253,Trigonometria,Identidades Trigonometricas,,,
1254,Trigonometria,Identidades Trigonometricas,,,
1255,Trigonometria,Identidades Trigonometricas,,,
1256,Trigonometria,Identidades Trigonometricas,,,
1257,Trigonometria,Identidades Trigonometricas,,,
1258,Trigonometria,Identidades Trigonometricas,,,
1259,Trigonometria,Identidades Trigonometricas,,,
1260,Trigonometria,Identidades Trigonometricas,,,
1261,Trigonometria,Identidades Trigonometricas,,,
1262,Trigonometria,Identidades Trigonometricas,,,
1263,Trigonometria,Identidades Trigonometricas,,,
1264,Trigonometria,Identidades Trigonometricas,,,
1265,Trigonometria,Identidades Trigonometricas,,,
1266,Trigonometria,Identidades Trigonometricas,,,
1267,Trigonometria,Identidades Trigonometricas,,,
1268,Trigonometria,Identidades Trigonometricas,,,
1269,Trigonometria,Identidades Trigonometricas,,,
1270,Trigonometria,Identidades Trigonometricas,,,
1271,Trigonometria,Identidades Trigonometricas,,,
1272,Trigonometria,Identidades Trigonometricas,,,
1273,Trigonometria,Identidades Trigonometricas,,,
1274,Trigonometria,Identidades Trigonometricas,,,
1275,Trigonometria,Identidades Trigonometricas,,,
1276,Trigonometria,Identidades Trigonometricas,,,
1277,Trigonometria,Identidades Trigonometricas,,,
1278,Trigonometria,Identidades Trigonometricas,,,
1279,Trigonometria,Identidades Trigonometricas,,,
1280,Trigonometria,Identidades Trigonometricas,,,
1281,Trigonometria,Identidades Trigonometricas,,,
1282,Trigonometria,Identidades Trigonometricas,,,
1283,Trigonometria,Identidades Trigonometricas,,,
1284,Trigonometria,Identidades Trigonometricas,,,
1285,Trigonometria,Identidades Trigonometricas,,,
1286,Trigonometria,Identidades Trigonometricas,,,
1287,Trigonometria,Identidades Trigonometricas,,,
1288,Trigonometria,Identidades Trigonometricas,,,
1289,Trigonometria,Identidades Trigonometricas,,,
1290,Trigonometria,Identidades Trigonometricas,,,
1291,Trigonometria,Identidades Trigonometricas,,,
1292,Trigonometria,Identidades Trigonometricas,,,
1293,Trigonometria,Identidades Trigonometricas,,,
1294,Trigonometria,Identidades Trigonometricas,,,
1295,Trigonometria,Identidades Trigonometricas,,,
1296,Trigonometria,Identidades Trigonometricas,,,
1297,Trigonometria,Identidades Trigonometricas,,,
1298,Trigonometria,Identidades Trigonometricas,,,
1299,Trigonometria,Identidades Trigonometricas,,,
1300,Trigonometria,Identidades Trigonometricas,,,
1301,Trigonometria,Identidades Trigonometricas,,,
1302,Trigonometria,Identidades Trigonometricas,,,
1303,Trigonometria,Identidades Trigonometricas,,,
1304,Trigonometria,Identidades Trigonometricas,,,
1305,Trigonometria,Identidades Trigonometricas,,,
1306,Trigonometria,Identidades Trigonometricas,,,
1307,Trigonometria,Identidades Trigonometricas,,,
1308,Trigonometria,Identidades Trigonometricas,,,
1309,Trigonometria,Identidades Trigonometricas,,,
1310,Trigonometria,Identidades Trigonometricas,,,
1311,Trigonometria,Identidades Trigonometricas,,,
1312,Trigonometria,Identidades Trigonometricas,,,
1313,Trigonometria,Identidades Trigonometricas,,,
1314,Trigonometria,Identidades Trigonometricas,,,
1315,Trigonometria,Identidades Trigonometricas,,,
1316,Trigonometria,Identidades Trigonometricas,,,
1317,Trigonometria,Identidades Trigonometricas,,,
1318,Trigonometria,Identidades Trigonometricas,,,
1319,Trigonometria,Identidades Trigonometricas,,,
1320,Trigonometria,Identidades Trigonometricas,,,
1321,Trigonometria,Identidades Trigonometricas,,,
1322,Trigonometria,Identidades Trigonometricas,,,
1323,Trigonometria,Identidades Trigonometricas,,,
1324,Trigonometria,Identidades Trigonometricas,,,
1325,Trigonometria,Identidades Trigonometricas,,,
1326,Trigonometria,Identidades Trigonometricas,,,
1327,Trigonometria,Identidades Trigonometricas,,,
1328,Trigonometria,Identidades Trigonometricas,,,
1329,Trigonometria,Identidades Trigonometricas,,,
1330,Trigonometria,Identidades Trigonometricas,,,
1331,Trigonometria,Identidades Trigonometricas,,,
1332,Trigonometria,Identidades Trigonometricas,,,
1333,Trigonometria,Identidades Trigonometricas,,,
1334,Trigonometria,Identidades Trigonometricas,,,
1335,Trigonometria,Identidades Trigonometricas,,,
1336,Trigonometria,Identidades Trigonometricas,,,
1337,Trigonometria,Identidades Trigonometricas,,,
1338,Trigonometria,Identidades Trigonometricas,,,
1339,Trigonometria,Identidades Trigonometricas,,,
1340,Trigonometria,Identidades Trigonometricas,,,
1341,Trigonometria,Identidades Trigonometricas,,,
1342,Trigonometria,Identidades Trigonometricas,,,
1343,Trigonometria,Identidades Trigonometricas,,,
1344,Trigonometria,Identidades Trigonometricas,,,
1345,Trigonometria,Identidades Trigonometricas,,,
1346,Trigonometria,Identidades Trigonometricas,,,
1347,Trigonometria,Identidades Trigonometricas,,,
1348,Trigonometria,Identidades Trigonometricas,,,
1349,Trigonometria,Identidades Trigonometricas,,,
1350,Trigonometria,Identidades Trigonometricas,,,
1351,Trigonometria,Identidades Trigonometricas,,,
1352,Trigonometria,Identidades Trigonometricas,,,
1353,Trigonometria,Identidades Trigonometricas,,,
1354,Trigonometria,Identidades Trigonometricas,,,
1355,Trigonometria,Identidades Trigonometricas,,,
1356,Trigonometria,Identidades Trigonometricas,,,
1357,Trigonometria,Identidades Trigonometricas,,,
1358,Trigonometria,Identidades Trigonometricas,,,
1359,Trigonometria,Identidades Trigonometricas,,,
1360,Trigonometria,Identidades Trigonometricas,,,
1361,Trigonometria,Identidades Trigonometricas,,,
1362,Trigonometria,Identidades Trigonometricas,,,
1363,Trigonometria,Identidades Trigonometricas,,,
1364,Trigonometria,Identidades Trigonometricas,,,
1365,Trigonometria,Identidades Trigonometricas,,,
1366,Trigonometria,Identidades Trigonometricas,,,
1367,Trigonometria,Identidades Trigonometricas,,,
1368,Trigonometria,Identidades Trigonometricas,,,
1369,Trigonometria,Identidades Trigonometricas,,,
1370,Trigonometria,Identidades Trigonometricas,,,
1371,Trigonometria,Identidades Trigonometricas,,,
1372,Trigonometria,Identidades Trigonometricas,,,
1373,Trigonometria,Identidades Trigonometricas,,,
1374,Trigonometria,Identidades Trigonometricas,,,
1375,Trigonometria,Identidades Trigonometricas,,,
1376,Trigonometria,Identidades Trigonometricas,,,
1377,Trigonometria,Identidades Trigonometricas,,,
1378,Trigonometria,Identidades Trigonometricas,,,
1379,Trigonometria,Identidades Trigonometricas,,,
1380,Trigonometria,Identidades Trigonometricas,,,
1381,Trigonometria,Identidades Trigonometricas,,,
1382,Trigonometria,Identidades Trigonometricas,,,
1383,Trigonometria,Identidades Trigonometricas,,,
1384,Trigonometria,Identidades Trigonometricas,,,
1385,Trigonometria,Identidades Trigonometricas,,,
1386,Trigonometria,Identidades Trigonometricas,,,
1387,Trigonometria,Identidades Trigonometricas,,,
1388,Trigonometria,Identidades Trigonometricas,,,
1389,Trigonometria,Identidades Trigonometricas,,,
1390,Trigonometria,Identidades Trigonometricas,,,
1391,Trigonometria,Identidades Trigonometricas,,,
1392,Trigonometria,Identidades Trigonometricas,,,
1393,Trigonometria,Identidades Trigonometricas,,,
1394,Trigonometria,Identidades Trigonometricas,,,
1395,Trigonometria,Identidades Trigonometricas,,,
1396,Trigonometria,Identidades Trigonometricas,,,
1397,Trigonometria,Identidades Trigonometricas,,,
1398,Trigonometria,Identidades Trigonometricas,,,
1399,Trigonometria,Identidades Trigonometricas,,,
1400,Trigonometria,Identidades Trigonometricas,,,
1401,Trigonometria,Identidades Trigonometricas,,,
1402,Trigonometria,Identidades Trigonometricas,,,
1403,Trigonometria,Identidades Trigonometricas,,,
1404,Trigonometria,Arco Compuesto,,,
1405,Trigonometria,Arco Compuesto,,,
1406,Trigonometria,Arco Compuesto,,,
1407,Trigonometria,Arco Compuesto,,,
1408,Trigonometria,Arco Compuesto,,,
1409,Trigonometria,Arco Compuesto,,,
1410,Trigonometria,Arco Compuesto,,,
1411,Trigonometria,Arco Compuesto,,,
1412,Trigonometria,Arco Compuesto,,,
1413,Trigonometria,Arco Compuesto,,,
1414,Trigonometria,Arco Compuesto,,,
1415,Trigonometria,Arco Compuesto,,,
1416,Trigonometria,Arco Compuesto,,,
1417,Trigonometria,Arco Compuesto,,,
1418,Trigonometria,Arco Compuesto,,,
1419,Trigonometria,Arco Compuesto,,,
1420,Trigonometria,Arco Compuesto,,,
1421,Trigonometria,Arco Compuesto,,,
1422,Trigonometria,Arco Compuesto,,,
1423,Trigonometria,Arco Compuesto,,,
1424,Trigonometria,Arco Compuesto,,,
1425,Trigonometria,Arco Compuesto,,,
1426,Trigonometria,Arco Compuesto,,,
1427,Trigonometria,Arco Compuesto,,,
1428,Trigonometria,Arco Compuesto,,,
1429,Trigonometria,Arco Compuesto,,,
1430,Trigonometria,Arco Compuesto,,,
1431,Trigonometria,Arco Compuesto,,,
1432,Trigonometria,Arco Compuesto,,,
1433,Trigonometria,Arco Compuesto,,,
1434,Trigonometria,Arco Compuesto,,,
1435,Trigonometria,Arco Compuesto,,,
1436,Trigonometria,Arco Compuesto,,,
1437,Trigonometria,Arco Compuesto,,,
1438,Trigonometria,Arco Compuesto,,,
1439,Trigonometria,Arco Compuesto,,,
1440,Trigonometria,Arco Compuesto,,,
1441,Trigonometria,Arco Compuesto,,,
1442,Trigonometria,Arco Compuesto,,,
1443,Trigonometria,Arco Compuesto,,,
1444,Trigonometria,Arco Compuesto,,,
1445,Trigonometria,Arco Compuesto,,,
1446,Trigonometria,Arco Compuesto,,,
1447,Trigonometria,Arco Compuesto,,,
1448,Trigonometria,Arco Compuesto,,,
1449,Trigonometria,Arco Compuesto,,,
1450,Trigonometria,Arco Compuesto,,,
1451,Trigonometria,Arco Compuesto,,,
1452,Trigonometria,Arco Compuesto,,,
1453,Trigonometria,Arco Compuesto,,,
1454,Trigonometria,Arco Compuesto,,,
1455,Trigonometria,Arco Compuesto,,,
1456,Trigonometria,Arco Compuesto,,,
1457,Trigonometria,Arco Compuesto,,,
1458,Trigonometria,Arco Compuesto,,,
1459,Trigonometria,Arco Compuesto,,,
1460,Trigonometria,Arco Compuesto,,,
1461,Trigonometria,Arco Compuesto,,,
1462,Trigonometria,Arco Compuesto,,,
1463,Trigonometria,Arco Compuesto,,,
1464,Trigonometria,Arco Compuesto,,,
1465,Trigonometria,Arco Compuesto,,,
1466,Trigonometria,Arco Compuesto,,,
1467,Trigonometria,Arco Compuesto,,,
1468,Trigonometria,Arco Compuesto,,,
1469,Trigonometria,Arco Compuesto,,,
1470,Trigonometria,Arco Compuesto,,,
1471,Trigonometria,Arco Compuesto,,,
1472,Trigonometria,Arco Compuesto,,,
1473,Trigonometria,Arco Compuesto,,,
1474,Trigonometria,Arco Compuesto,,,
1475,Trigonometria,Arco Compuesto,,,
1476,Trigonometria,Arco Compuesto,,,
1477,Trigonometria,Arco Compuesto,,,
1478,Trigonometria,Arco Compuesto,,,
1479,Trigonometria,Arco Compuesto,,,
1480,Trigonometria,Arco Compuesto,,,
1481,Trigonometria,Arco Compuesto,,,
1482,Trigonometria,Arco Compuesto,,,
1483,Trigonometria,Arco Compuesto,,,
1484,Trigonometria,Arco Compuesto,,,
1485,Trigonometria,Arco Compuesto,,,
1486,Trigonometria,Arco Compuesto,,,
1487,Trigonometria,Arco Compuesto,,,
1488,Trigonometria,Arco Compuesto,,,
1489,Trigonometria,Arco Compuesto,,,
1490,Trigonometria,Arco Compuesto,,,
1491,Trigonometria,Arco Compuesto,,,
1492,Trigonometria,Arco Compuesto,,,
1493,Trigonometria,Arco Compuesto,,,
1494,Trigonometria,Arco Compuesto,,,
1495,Trigonometria,Arco Compuesto,,,
1496,Trigonometria,Arco Compuesto,,,
1497,Trigonometria,Arco Compuesto,,,
1498,Trigonometria,Arco Compuesto,,,
1499,Trigonometria,Arco Compuesto,,,
1500,Trigonometria,Arco Compuesto,,,
1501,Trigonometria,Arco Compuesto,,,
1502,Trigonometria,Arco Compuesto,,,
1503,Trigonometria,Arco Compuesto,,,
1504,Trigonometria,Arco Compuesto,,,
1505,Trigonometria,Arco Compuesto,,,
1506,Trigonometria,Arco Compuesto,,,
1507,Trigonometria,Arco Compuesto,,,
1508,Trigonometria,Arco Compuesto,,,
1509,Trigonometria,Arco Compuesto,,,
1510,Trigonometria,Arco Compuesto,,,
1511,Trigonometria,Arco Compuesto,,,
1512,Trigonometria,Arco Compuesto,,,
1513,Trigonometria,Arco Compuesto,,,
1514,Trigonometria,Arco Compuesto,,,
1515,Trigonometria,Arco Compuesto,,,
1516,Trigonometria,Arco Compuesto,,,
1517,Trigonometria,Arco Compuesto,,,
1518,Trigonometria,Arco Compuesto,,,
1519,Trigonometria,Arco Compuesto,,,
1520,Trigonometria,Arco Compuesto,,,
1521,Trigonometria,Arco Compuesto,,,
1522,Trigonometria,Arco Compuesto,,,
1523,Trigonometria,Arco Compuesto,,,
1524,Trigonometria,Arco Compuesto,,,
1525,Trigonometria,Arco Compuesto,,,
1526,Trigonometria,Arco Compuesto,,,
1527,Trigonometria,Arco Compuesto,,,
1528,Trigonometria,Arco Compuesto,,,
1529,Trigonometria,Arco Compuesto,,,
1530,Trigonometria,Arco Compuesto,,,
1531,Trigonometria,Arco Compuesto,,,
1532,Trigonometria,Arco Compuesto,,,
1533,Trigonometria,Arco Compuesto,,,
1534,Trigonometria,Arco Compuesto,,,
1535,Trigonometria,Arco Compuesto,,,
1536,Trigonometria,Arco Compuesto,,,
1537,Trigonometria,Arco Compuesto,,,
1538,Trigonometria,Arco Compuesto,,,
1539,Trigonometria,Arco Compuesto,,,
1540,Trigonometria,Arco Compuesto,,,
1541,Trigonometria,Arco Compuesto,,,
1542,Trigonometria,Arco Compuesto,,,
1543,Trigonometria,Arco Compuesto,,,
1544,Trigonometria,Arco Compuesto,,,
1545,Trigonometria,Arco Compuesto,,,
1546,Trigonometria,Arco Compuesto,,,
1547,Trigonometria,Arco Compuesto,,,
1548,Trigonometria,Arco Compuesto,,,
1549,Trigonometria,Arco Compuesto,,,
1550,Trigonometria,Arco Compuesto,,,
1551,Trigonometria,Arco Compuesto,,,
1552,Trigonometria,Arco Compuesto,,,
1553,Trigonometria,Arco Compuesto,,,
1554,Trigonometria,Arco Compuesto,,,
1555,Trigonometria,Arco Compuesto,,,
1556,Trigonometria,Arco Compuesto,,,
1557,Trigonometria,Arco Compuesto,,,
1558,Trigonometria,Arco Compuesto,,,
1559,Trigonometria,Arco Compuesto,,,
1560,Trigonometria,Arco Compuesto,,,
1561,Trigonometria,Arco Compuesto,,,
1562,Trigonometria,Arco Compuesto,,,
1563,Trigonometria,Arco Compuesto,,,
1564,Trigonometria,Arco Compuesto,,,
1565,Trigonometria,Arco Compuesto,,,
1566,Trigonometria,Arco Compuesto,,,
1567,Trigonometria,Arco Compuesto,,,
1568,Trigonometria,Arco Compuesto,,,
1569,Trigonometria,Arco Compuesto,,,
1570,Trigonometria,Arco Compuesto,,,
1571,Trigonometria,Arco Compuesto,,,
1572,Trigonometria,Arco Compuesto,,,
1573,Trigonometria,Arco Compuesto,,,
1574,Trigonometria,Arco Compuesto,,,
1575,Trigonometria,Arco Compuesto,,,
1576,Trigonometria,Arco Compuesto,,,
1577,Trigonometria,Arco Compuesto,,,
1578,Trigonometria,Arco Compuesto,,,
1579,Trigonometria,Arco Compuesto,,,
1580,Trigonometria,Arco Compuesto,,,
1581,Trigonometria,Arco Compuesto,,,
1582,Trigonometria,Arco Compuesto,,,
1583,Trigonometria,Arco Compuesto,,,
1584,Trigonometria,Arco Compuesto,,,
1585,Trigonometria,Arco Compuesto,,,
1586,Trigonometria,Arco Compuesto,,,
1587,Trigonometria,Arco Compuesto,,,
1588,Trigonometria,Arco Compuesto,,,
1589,Trigonometria,Arco Compuesto,,,
1590,Trigonometria,Arco Compuesto,,,
1591,Trigonometria,Arco Compuesto,,,
1592,Trigonometria,Arco Compuesto,,,
1593,Trigonometria,Arco Compuesto,,,
1594,Trigonometria,Arco Compuesto,,,
1595,Trigonometria,Arco Compuesto,,,
1596,Trigonometria,Arco Compuesto,,,
1597,Trigonometria,Arco Compuesto,,,
1598,Trigonometria,Arco Compuesto,,,
1599,Trigonometria,Arco Compuesto,,,
1600,Trigonometria,Arco Compuesto,,,
1601,Trigonometria,Arco Compuesto,,,
1602,Trigonometria,Arco Compuesto,,,
1603,Trigonometria,Arco Compuesto,,,
1604,Trigonometria,Arcos multiples,,,
1605,Trigonometria,Arcos multiples,,,
1606,Trigonometria,Arcos multiples,,,
1607,Trigonometria,Arcos multiples,,,
1608,Trigonometria,Arcos multiples,,,
1609,Trigonometria,Arcos multiples,,,
1610,Trigonometria,Arcos multiples,,,
1611,Trigonometria,Arcos multiples,,,
1612,Trigonometria,Arcos multiples,,,
1613,Trigonometria,Arcos multiples,,,
1614,Trigonometria,Arcos multiples,,,
1615,Trigonometria,Arcos multiples,,,
1616,Trigonometria,Arcos multiples,,,
1617,Trigonometria,Arcos multiples,,,
1618,Trigonometria,Arcos multiples,,,
1619,Trigonometria,Arcos multiples,,,
1620,Trigonometria,Arcos multiples,,,
1621,Trigonometria,Arcos multiples,,,
1622,Trigonometria,Arcos multiples,,,
1623,Trigonometria,Arcos multiples,,,
1624,Trigonometria,Arcos multiples,,,
1625,Trigonometria,Arcos multiples,,,
1626,Trigonometria,Arcos multiples,,,
1627,Trigonometria,Arcos multiples,,,
1628,Trigonometria,Arcos multiples,,,
1629,Trigonometria,Arcos multiples,,,
1630,Trigonometria,Arcos multiples,,,
1631,Trigonometria,Arcos multiples,,,
1632,Trigonometria,Arcos multiples,,,
1633,Trigonometria,Arcos multiples,,,
1634,Trigonometria,Arcos multiples,,,
1635,Trigonometria,Arcos multiples,,,
1636,Trigonometria,Arcos multiples,,,
1637,Trigonometria,Arcos multiples,,,
1638,Trigonometria,Arcos multiples,,,
1639,Trigonometria,Arcos multiples,,,
1640,Trigonometria,Arcos multiples,,,
1641,Trigonometria,Arcos multiples,,,
1642,Trigonometria,Arcos multiples,,,
1643,Trigonometria,Arcos multiples,,,
1644,Trigonometria,Arcos multiples,,,
1645,Trigonometria,Arcos multiples,,,
1646,Trigonometria,Arcos multiples,,,
1647,Trigonometria,Arcos multiples,,,
1648,Trigonometria,Arcos multiples,,,
1649,Trigonometria,Arcos multiples,,,
1650,Trigonometria,Arcos multiples,,,
1651,Trigonometria,Arcos multiples,,,
1652,Trigonometria,Arcos multiples,,,
1653,Trigonometria,Arcos multiples,,,
1654,Trigonometria,Arcos multiples,,,
1655,Trigonometria,Arcos multiples,,,
1656,Trigonometria,Arcos multiples,,,
1657,Trigonometria,Arcos multiples,,,
1658,Trigonometria,Arcos multiples,,,
1659,Trigonometria,Arcos multiples,,,
1660,Trigonometria,Arcos multiples,,,
1661,Trigonometria,Arcos multiples,,,
1662,Trigonometria,Arcos multiples,,,
1663,Trigonometria,Arcos multiples,,,
1664,Trigonometria,Arcos multiples,,,
1665,Trigonometria,Arcos multiples,,,
1666,Trigonometria,Arcos multiples,,,
1667,Trigonometria,Arcos multiples,,,
1668,Trigonometria,Arcos multiples,,,
1669,Trigonometria,Arcos multiples,,,
1670,Trigonometria,Arcos multiples,,,
1671,Trigonometria,Arcos multiples,,,
1672,Trigonometria,Arcos multiples,,,
1673,Trigonometria,Arcos multiples,,,
1674,Trigonometria,Arcos multiples,,,
1675,Trigonometria,Arcos multiples,,,
1676,Trigonometria,Arcos multiples,,,
1677,Trigonometria,Arcos multiples,,,
1678,Trigonometria,Arcos multiples,,,
1679,Trigonometria,Arcos multiples,,,
1680,Trigonometria,Arcos multiples,,,
1681,Trigonometria,Arcos multiples,,,
1682,Trigonometria,Arcos multiples,,,
1683,Trigonometria,Arcos multiples,,,
1684,Trigonometria,Arcos multiples,,,
1685,Trigonometria,Arcos multiples,,,
1686,Trigonometria,Arcos multiples,,,
1687,Trigonometria,Arcos multiples,,,
1688,Trigonometria,Arcos multiples,,,
1689,Trigonometria,Arcos multiples,,,
1690,Trigonometria,Arcos multiples,,,
1691,Trigonometria,Arcos multiples,,,
1692,Trigonometria,Arcos multiples,,,
1693,Trigonometria,Arcos multiples,,,
1694,Trigonometria,Arcos multiples,,,
1695,Trigonometria,Arcos multiples,,,
1696,Trigonometria,Arcos multiples,,,
1697,Trigonometria,Arcos multiples,,,
1698,Trigonometria,Arcos multiples,,,
1699,Trigonometria,Arcos multiples,,,
1700,Trigonometria,Arcos multiples,,,
1701,Trigonometria,Arcos multiples,,,
1702,Trigonometria,Arcos multiples,,,
1703,Trigonometria,Arcos multiples,,,
1704,Trigonometria,Arcos multiples,,,
1705,Trigonometria,Arcos multiples,,,
1706,Trigonometria,Arcos multiples,,,
1707,Trigonometria,Arcos multiples,,,
1708,Trigonometria,Arcos multiples,,,
1709,Trigonometria,Arcos multiples,,,
1710,Trigonometria,Arcos multiples,,,
1711,Trigonometria,Arcos multiples,,,
1712,Trigonometria,Arcos multiples,,,
1713,Trigonometria,Arcos multiples,,,
1714,Trigonometria,Arcos multiples,,,
1715,Trigonometria,Arcos multiples,,,
1716,Trigonometria,Arcos multiples,,,
1717,Trigonometria,Arcos multiples,,,
1718,Trigonometria,Arcos multiples,,,
1719,Trigonometria,Arcos multiples,,,
1720,Trigonometria,Arcos multiples,,,
1721,Trigonometria,Arcos multiples,,,
1722,Trigonometria,Arcos multiples,,,
1723,Trigonometria,Arcos multiples,,,
1724,Trigonometria,Arcos multiples,,,
1725,Trigonometria,Arcos multiples,,,
1726,Trigonometria,Arcos multiples,,,
1727,Trigonometria,Arcos multiples,,,
1728,Trigonometria,Arcos multiples,,,
1729,Trigonometria,Arcos multiples,,,
1730,Trigonometria,Arcos multiples,,,
1731,Trigonometria,Arcos multiples,,,
1732,Trigonometria,Arcos multiples,,,
1733,Trigonometria,Arcos multiples,,,
1734,Trigonometria,Arcos multiples,,,
1735,Trigonometria,Arcos multiples,,,
1736,Trigonometria,Arcos multiples,,,
1737,Trigonometria,Arcos multiples,,,
1738,Trigonometria,Arcos multiples,,,
1739,Trigonometria,Arcos multiples,,,
1740,Trigonometria,Arcos multiples,,,
1741,Trigonometria,Arcos multiples,,,
1742,Trigonometria,Arcos multiples,,,
1743,Trigonometria,Arcos multiples,,,
1744,Trigonometria,Arcos multiples,,,
1745,Trigonometria,Arcos multiples,,,
1746,Trigonometria,Arcos multiples,,,
1747,Trigonometria,Arcos multiples,,,
1748,Trigonometria,Arcos multiples,,,
1749,Trigonometria,Arcos multiples,,,
1750,Trigonometria,Arcos multiples,,,
1751,Trigonometria,Arcos multiples,,,
1752,Trigonometria,Arcos multiples,,,
1753,Trigonometria,Arcos multiples,,,
1754,Trigonometria,Arcos multiples,,,
1755,Trigonometria,Arcos multiples,,,
1756,Trigonometria,Arcos multiples,,,
1757,Trigonometria,Arcos multiples,,,
1758,Trigonometria,Arcos multiples,,,
1759,Trigonometria,Arcos multiples,,,
1760,Trigonometria,Arcos multiples,,,
1761,Trigonometria,Arcos multiples,,,
1762,Trigonometria,Arcos multiples,,,
1763,Trigonometria,Arcos multiples,,,
1764,Trigonometria,Arcos multiples,,,
1765,Trigonometria,Arcos multiples,,,
1766,Trigonometria,Arcos multiples,,,
1767,Trigonometria,Arcos multiples,,,
1768,Trigonometria,Arcos multiples,,,
1769,Trigonometria,Arcos multiples,,,
1770,Trigonometria,Arcos multiples,,,
1771,Trigonometria,Arcos multiples,,,
1772,Trigonometria,Arcos multiples,,,
1773,Trigonometria,Arcos multiples,,,
1774,Trigonometria,Arcos multiples,,,
1775,Trigonometria,Arcos multiples,,,
1776,Trigonometria,Arcos multiples,,,
1777,Trigonometria,Arcos multiples,,,
1778,Trigonometria,Arcos multiples,,,
1779,Trigonometria,Arcos multiples,,,
1780,Trigonometria,Arcos multiples,,,
1781,Trigonometria,Arcos multiples,,,
1782,Trigonometria,Arcos multiples,,,
1783,Trigonometria,Arcos multiples,,,
1784,Trigonometria,Arcos multiples,,,
1785,Trigonometria,Arcos multiples,,,
1786,Trigonometria,Arcos multiples,,,
1787,Trigonometria,Arcos multiples,,,
1788,Trigonometria,Arcos multiples,,,
1789,Trigonometria,Arcos multiples,,,
1790,Trigonometria,Arcos multiples,,,
1791,Trigonometria,Arcos multiples,,,
1792,Trigonometria,Arcos multiples,,,
1793,Trigonometria,Arcos multiples,,,
1794,Trigonometria,Arcos multiples,,,
1795,Trigonometria,Arcos multiples,,,
1796,Trigonometria,Arcos multiples,,,
1797,Trigonometria,Arcos multiples,,,
1798,Trigonometria,Arcos multiples,,,
1799,Trigonometria,Arcos multiples,,,
1800,Trigonometria,Arcos multiples,,,
1801,Trigonometria,Arcos multiples,,,
1802,Trigonometria,Arcos multiples,,,
1803,Trigonometria,Arcos multiples,,,
1804,Trigonometria,Transformaciones Trigonometricas,,,
1805,Trigonometria,Transformaciones Trigonometricas,,,
1806,Trigonometria,Transformaciones Trigonometricas,,,
1807,Trigonometria,Transformaciones Trigonometricas,,,
1808,Trigonometria,Transformaciones Trigonometricas,,,
1809,Trigonometria,Transformaciones Trigonometricas,,,
1810,Trigonometria,Transformaciones Trigonometricas,,,
1811,Trigonometria,Transformaciones Trigonometricas,,,
1812,Trigonometria,Transformaciones Trigonometricas,,,
1813,Trigonometria,Transformaciones Trigonometricas,,,
1814,Trigonometria,Transformaciones Trigonometricas,,,
1815,Trigonometria,Transformaciones Trigonometricas,,,
1816,Trigonometria,Transformaciones Trigonometricas,,,
1817,Trigonometria,Transformaciones Trigonometricas,,,
1818,Trigonometria,Transformaciones Trigonometricas,,,
1819,Trigonometria,Transformaciones Trigonometricas,,,
1820,Trigonometria,Transformaciones Trigonometricas,,,
1821,Trigonometria,Transformaciones Trigonometricas,,,
1822,Trigonometria,Transformaciones Trigonometricas,,,
1823,Trigonometria,Transformaciones Trigonometricas,,,
1824,Trigonometria,Transformaciones Trigonometricas,,,
1825,Trigonometria,Transformaciones Trigonometricas,,,
1826,Trigonometria,Transformaciones Trigonometricas,,,
1827,Trigonometria,Transformaciones Trigonometricas,,,
1828,Trigonometria,Transformaciones Trigonometricas,,,
1829,Trigonometria,Transformaciones Trigonometricas,,,
1830,Trigonometria,Transformaciones Trigonometricas,,,
1831,Trigonometria,Transformaciones Trigonometricas,,,
1832,Trigonometria,Transformaciones Trigonometricas,,,
1833,Trigonometria,Transformaciones Trigonometricas,,,
1834,Trigonometria,Transformaciones Trigonometricas,,,
1835,Trigonometria,Transformaciones Trigonometricas,,,
1836,Trigonometria,Transformaciones Trigonometricas,,,
1837,Trigonometria,Transformaciones Trigonometricas,,,
1838,Trigonometria,Transformaciones Trigonometricas,,,
1839,Trigonometria,Transformaciones Trigonometricas,,,
1840,Trigonometria,Transformaciones Trigonometricas,,,
1841,Trigonometria,Transformaciones Trigonometricas,,,
1842,Trigonometria,Transformaciones Trigonometricas,,,
1843,Trigonometria,Transformaciones Trigonometricas,,,
1844,Trigonometria,Transformaciones Trigonometricas,,,
1845,Trigonometria,Transformaciones Trigonometricas,,,
1846,Trigonometria,Transformaciones Trigonometricas,,,
1847,Trigonometria,Transformaciones Trigonometricas,,,
1848,Trigonometria,Transformaciones Trigonometricas,,,
1849,Trigonometria,Transformaciones Trigonometricas,,,
1850,Trigonometria,Transformaciones Trigonometricas,,,
1851,Trigonometria,Transformaciones Trigonometricas,,,
1852,Trigonometria,Transformaciones Trigonometricas,,,
1853,Trigonometria,Transformaciones Trigonometricas,,,
1854,Trigonometria,Transformaciones Trigonometricas,,,
1855,Trigonometria,Transformaciones Trigonometricas,,,
1856,Trigonometria,Transformaciones Trigonometricas,,,
1857,Trigonometria,Transformaciones Trigonometricas,,,
1858,Trigonometria,Transformaciones Trigonometricas,,,
1859,Trigonometria,Transformaciones Trigonometricas,,,
1860,Trigonometria,Transformaciones Trigonometricas,,,
1861,Trigonometria,Transformaciones Trigonometricas,,,
1862,Trigonometria,Transformaciones Trigonometricas,,,
1863,Trigonometria,Transformaciones Trigonometricas,,,
1864,Trigonometria,Transformaciones Trigonometricas,,,
1865,Trigonometria,Transformaciones Trigonometricas,,,
1866,Trigonometria,Transformaciones Trigonometricas,,,
1867,Trigonometria,Transformaciones Trigonometricas,,,
1868,Trigonometria,Transformaciones Trigonometricas,,,
1869,Trigonometria,Transformaciones Trigonometricas,,,
1870,Trigonometria,Transformaciones Trigonometricas,,,
1871,Trigonometria,Transformaciones Trigonometricas,,,
1872,Trigonometria,Transformaciones Trigonometricas,,,
1873,Trigonometria,Transformaciones Trigonometricas,,,
1874,Trigonometria,Transformaciones Trigonometricas,,,
1875,Trigonometria,Transformaciones Trigonometricas,,,
1876,Trigonometria,Transformaciones Trigonometricas,,,
1877,Trigonometria,Transformaciones Trigonometricas,,,
1878,Trigonometria,Transformaciones Trigonometricas,,,
1879,Trigonometria,Transformaciones Trigonometricas,,,
1880,Trigonometria,Transformaciones Trigonometricas,,,
1881,Trigonometria,Transformaciones Trigonometricas,,,
1882,Trigonometria,Transformaciones Trigonometricas,,,
1883,Trigonometria,Transformaciones Trigonometricas,,,
1884,Trigonometria,Transformaciones Trigonometricas,,,
1885,Trigonometria,Transformaciones Trigonometricas,,,
1886,Trigonometria,Transformaciones Trigonometricas,,,
1887,Trigonometria,Transformaciones Trigonometricas,,,
1888,Trigonometria,Transformaciones Trigonometricas,,,
1889,Trigonometria,Transformaciones Trigonometricas,,,
1890,Trigonometria,Transformaciones Trigonometricas,,,
1891,Trigonometria,Transformaciones Trigonometricas,,,
1892,Trigonometria,Transformaciones Trigonometricas,,,
1893,Trigonometria,Transformaciones Trigonometricas,,,
1894,Trigonometria,Transformaciones Trigonometricas,,,
1895,Trigonometria,Transformaciones Trigonometricas,,,
1896,Trigonometria,Transformaciones Trigonometricas,,,
1897,Trigonometria,Transformaciones Trigonometricas,,,
1898,Trigonometria,Transformaciones Trigonometricas,,,
1899,Trigonometria,Transformaciones Trigonometricas,,,
1900,Trigonometria,Transformaciones Trigonometricas,,,
1901,Trigonometria,Transformaciones Trigonometricas,,,
1902,Trigonometria,Transformaciones Trigonometricas,,,
1903,Trigonometria,Transformaciones Trigonometricas,,,
1904,Trigonometria,Transformaciones Trigonometricas,,,
1905,Trigonometria,Transformaciones Trigonometricas,,,
1906,Trigonometria,Transformaciones Trigonometricas,,,
1907,Trigonometria,Transformaciones Trigonometricas,,,
1908,Trigonometria,Transformaciones Trigonometricas,,,
1909,Trigonometria,Transformaciones Trigonometricas,,,
1910,Trigonometria,Transformaciones Trigonometricas,,,
1911,Trigonometria,Transformaciones Trigonometricas,,,
1912,Trigonometria,Transformaciones Trigonometricas,,,
1913,Trigonometria,Transformaciones Trigonometricas,,,
1914,Trigonometria,Transformaciones Trigonometricas,,,
1915,Trigonometria,Transformaciones Trigonometricas,,,
1916,Trigonometria,Transformaciones Trigonometricas,,,
1917,Trigonometria,Transformaciones Trigonometricas,,,
1918,Trigonometria,Transformaciones Trigonometricas,,,
1919,Trigonometria,Transformaciones Trigonometricas,,,
1920,Trigonometria,Transformaciones Trigonometricas,,,
1921,Trigonometria,Transformaciones Trigonometricas,,,
1922,Trigonometria,Transformaciones Trigonometricas,,,
1923,Trigonometria,Transformaciones Trigonometricas,,,
1924,Trigonometria,Transformaciones Trigonometricas,,,
1925,Trigonometria,Transformaciones Trigonometricas,,,
1926,Trigonometria,Transformaciones Trigonometricas,,,
1927,Trigonometria,Transformaciones Trigonometricas,,,
1928,Trigonometria,Transformaciones Trigonometricas,,,
1929,Trigonometria,Transformaciones Trigonometricas,,,
1930,Trigonometria,Transformaciones Trigonometricas,,,
1931,Trigonometria,Transformaciones Trigonometricas,,,
1932,Trigonometria,Transformaciones Trigonometricas,,,
1933,Trigonometria,Transformaciones Trigonometricas,,,
1934,Trigonometria,Transformaciones Trigonometricas,,,
1935,Trigonometria,Transformaciones Trigonometricas,,,
1936,Trigonometria,Transformaciones Trigonometricas,,,
1937,Trigonometria,Transformaciones Trigonometricas,,,
1938,Trigonometria,Transformaciones Trigonometricas,,,
1939,Trigonometria,Transformaciones Trigonometricas,,,
1940,Trigonometria,Transformaciones Trigonometricas,,,
1941,Trigonometria,Transformaciones Trigonometricas,,,
1942,Trigonometria,Transformaciones Trigonometricas,,,
1943,Trigonometria,Transformaciones Trigonometricas,,,
1944,Trigonometria,Transformaciones Trigonometricas,,,
1945,Trigonometria,Transformaciones Trigonometricas,,,
1946,Trigonometria,Transformaciones Trigonometricas,,,
1947,Trigonometria,Transformaciones Trigonometricas,,,
1948,Trigonometria,Transformaciones Trigonometricas,,,
1949,Trigonometria,Transformaciones Trigonometricas,,,
1950,Trigonometria,Transformaciones Trigonometricas,,,
1951,Trigonometria,Transformaciones Trigonometricas,,,
1952,Trigonometria,Transformaciones Trigonometricas,,,
1953,Trigonometria,Transformaciones Trigonometricas,,,
1954,Trigonometria,Transformaciones Trigonometricas,,,
1955,Trigonometria,Transformaciones Trigonometricas,,,
1956,Trigonometria,Transformaciones Trigonometricas,,,
1957,Trigonometria,Transformaciones Trigonometricas,,,
1958,Trigonometria,Transformaciones Trigonometricas,,,
1959,Trigonometria,Transformaciones Trigonometricas,,,
1960,Trigonometria,Transformaciones Trigonometricas,,,
1961,Trigonometria,Transformaciones Trigonometricas,,,
1962,Trigonometria,Transformaciones Trigonometricas,,,
1963,Trigonometria,Transformaciones Trigonometricas,,,
1964,Trigonometria,Transformaciones Trigonometricas,,,
1965,Trigonometria,Transformaciones Trigonometricas,,,
1966,Trigonometria,Transformaciones Trigonometricas,,,
1967,Trigonometria,Transformaciones Trigonometricas,,,
1968,Trigonometria,Transformaciones Trigonometricas,,,
1969,Trigonometria,Transformaciones Trigonometricas,,,
1970,Trigonometria,Transformaciones Trigonometricas,,,
1971,Trigonometria,Transformaciones Trigonometricas,,,
1972,Trigonometria,Transformaciones Trigonometricas,,,
1973,Trigonometria,Transformaciones Trigonometricas,,,
1974,Trigonometria,Transformaciones Trigonometricas,,,
1975,Trigonometria,Transformaciones Trigonometricas,,,
1976,Trigonometria,Transformaciones Trigonometricas,,,
1977,Trigonometria,Transformaciones Trigonometricas,,,
1978,Trigonometria,Transformaciones Trigonometricas,,,
1979,Trigonometria,Transformaciones Trigonometricas,,,
1980,Trigonometria,Transformaciones Trigonometricas,,,
1981,Trigonometria,Transformaciones Trigonometricas,,,
1982,Trigonometria,Transformaciones Trigonometricas,,,
1983,Trigonometria,Transformaciones Trigonometricas,,,
1984,Trigonometria,Transformaciones Trigonometricas,,,
1985,Trigonometria,Transformaciones Trigonometricas,,,
1986,Trigonometria,Transformaciones Trigonometricas,,,
1987,Trigonometria,Transformaciones Trigonometricas,,,
1988,Trigonometria,Transformaciones Trigonometricas,,,
1989,Trigonometria,Transformaciones Trigonometricas,,,
1990,Trigonometria,Transformaciones Trigonometricas,,,
1991,Trigonometria,Transformaciones Trigonometricas,,,
1992,Trigonometria,Transformaciones Trigonometricas,,,
1993,Trigonometria,Transformaciones Trigonometricas,,,
1994,Trigonometria,Transformaciones Trigonometricas,,,
1995,Trigonometria,Transformaciones Trigonometricas,,,
1996,Trigonometria,Transformaciones Trigonometricas,,,
1997,Trigonometria,Transformaciones Trigonometricas,,,
1998,Trigonometria,Transformaciones Trigonometricas,,,
1999,Trigonometria,Transformaciones Trigonometricas,,,
2000,Trigonometria,Transformaciones Trigonometricas,,,
2001,Trigonometria,Transformaciones Trigonometricas,,,
2002,Trigonometria,Transformaciones Trigonometricas,,,
2003,Trigonometria,Transformaciones Trigonometricas,,,
2004,Trigonometria,Funciones Trigonometricas,,,
2005,Trigonometria,Funciones Trigonometricas,,,
2006,Trigonometria,Funciones Trigonometricas,,,
2007,Trigonometria,Funciones Trigonometricas,,,
2008,Trigonometria,Funciones Trigonometricas,,,
2009,Trigonometria,Funciones Trigonometricas,,,
2010,Trigonometria,Funciones Trigonometricas,,,
2011,Trigonometria,Funciones Trigonometricas,,,
2012,Trigonometria,Funciones Trigonometricas,,,
2013,Trigonometria,Funciones Trigonometricas,,,
2014,Trigonometria,Funciones Trigonometricas,,,
2015,Trigonometria,Funciones Trigonometricas,,,
2016,Trigonometria,Funciones Trigonometricas,,,
2017,Trigonometria,Funciones Trigonometricas,,,
2018,Trigonometria,Funciones Trigonometricas,,,
2019,Trigonometria,Funciones Trigonometricas,,,
2020,Trigonometria,Funciones Trigonometricas,,,
2021,Trigonometria,Funciones Trigonometricas,,,
2022,Trigonometria,Funciones Trigonometricas,,,
2023,Trigonometria,Funciones Trigonometricas,,,
2024,Trigonometria,Funciones Trigonometricas,,,
2025,Trigonometria,Funciones Trigonometricas,,,
2026,Trigonometria,Funciones Trigonometricas,,,
2027,Trigonometria,Funciones Trigonometricas,,,
2028,Trigonometria,Funciones Trigonometricas,,,
2029,Trigonometria,Funciones Trigonometricas,,,
2030,Trigonometria,Funciones Trigonometricas,,,
2031,Trigonometria,Funciones Trigonometricas,,,
2032,Trigonometria,Funciones Trigonometricas,,,
2033,Trigonometria,Funciones Trigonometricas,,,
2034,Trigonometria,Funciones Trigonometricas,,,
2035,Trigonometria,Funciones Trigonometricas,,,
2036,Trigonometria,Funciones Trigonometricas,,,
2037,Trigonometria,Funciones Trigonometricas,,,
2038,Trigonometria,Funciones Trigonometricas,,,
2039,Trigonometria,Funciones Trigonometricas,,,
2040,Trigonometria,Funciones Trigonometricas,,,
2041,Trigonometria,Funciones Trigonometricas,,,
2042,Trigonometria,Funciones Trigonometricas,,,
2043,Trigonometria,Funciones Trigonometricas,,,
2044,Trigonometria,Funciones Trigonometricas,,,
2045,Trigonometria,Funciones Trigonometricas,,,
2046,Trigonometria,Funciones Trigonometricas,,,
2047,Trigonometria,Funciones Trigonometricas,,,
2048,Trigonometria,Funciones Trigonometricas,,,
2049,Trigonometria,Funciones Trigonometricas,,,
2050,Trigonometria,Funciones Trigonometricas,,,
2051,Trigonometria,Funciones Trigonometricas,,,
2052,Trigonometria,Funciones Trigonometricas,,,
2053,Trigonometria,Funciones Trigonometricas,,,
2054,Trigonometria,Funciones Trigonometricas,,,
2055,Trigonometria,Funciones Trigonometricas,,,
2056,Trigonometria,Funciones Trigonometricas,,,
2057,Trigonometria,Funciones Trigonometricas,,,
2058,Trigonometria,Funciones Trigonometricas,,,
2059,Trigonometria,Funciones Trigonometricas,,,
2060,Trigonometria,Funciones Trigonometricas,,,
2061,Trigonometria,Funciones Trigonometricas,,,
2062,Trigonometria,Funciones Trigonometricas,,,
2063,Trigonometria,Funciones Trigonometricas,,,
2064,Trigonometria,Funciones Trigonometricas,,,
2065,Trigonometria,Funciones Trigonometricas,,,
2066,Trigonometria,Funciones Trigonometricas,,,
2067,Trigonometria,Funciones Trigonometricas,,,
2068,Trigonometria,Funciones Trigonometricas,,,
2069,Trigonometria,Funciones Trigonometricas,,,
2070,Trigonometria,Funciones Trigonometricas,,,
2071,Trigonometria,Funciones Trigonometricas,,,
2072,Trigonometria,Funciones Trigonometricas,,,
2073,Trigonometria,Funciones Trigonometricas,,,
2074,Trigonometria,Funciones Trigonometricas,,,
2075,Trigonometria,Funciones Trigonometricas,,,
2076,Trigonometria,Funciones Trigonometricas,,,
2077,Trigonometria,Funciones Trigonometricas,,,
2078,Trigonometria,Funciones Trigonometricas,,,
2079,Trigonometria,Funciones Trigonometricas,,,
2080,Trigonometria,Funciones Trigonometricas,,,
2081,Trigonometria,Funciones Trigonometricas,,,
2082,Trigonometria,Funciones Trigonometricas,,,
2083,Trigonometria,Funciones Trigonometricas,,,
2084,Trigonometria,Funciones Trigonometricas,,,
2085,Trigonometria,Funciones Trigonometricas,,,
2086,Trigonometria,Funciones Trigonometricas,,,
2087,Trigonometria,Funciones Trigonometricas,,,
2088,Trigonometria,Funciones Trigonometricas,,,
2089,Trigonometria,Funciones Trigonometricas,,,
2090,Trigonometria,Funciones Trigonometricas,,,
2091,Trigonometria,Funciones Trigonometricas,,,
2092,Trigonometria,Funciones Trigonometricas,,,
2093,Trigonometria,Funciones Trigonometricas,,,
2094,Trigonometria,Funciones Trigonometricas,,,
2095,Trigonometria,Funciones Trigonometricas,,,
2096,Trigonometria,Funciones Trigonometricas,,,
2097,Trigonometria,Funciones Trigonometricas,,,
2098,Trigonometria,Funciones Trigonometricas,,,
2099,Trigonometria,Funciones Trigonometricas,,,
2100,Trigonometria,Funciones Trigonometricas,,,
2101,Trigonometria,Funciones Trigonometricas,,,
2102,Trigonometria,Funciones Trigonometricas,,,
2103,Trigonometria,Funciones Trigonometricas,,,
2104,Trigonometria,Funciones Trigonometricas,,,
2105,Trigonometria,Funciones Trigonometricas,,,
2106,Trigonometria,Funciones Trigonometricas,,,
2107,Trigonometria,Funciones Trigonometricas,,,
2108,Trigonometria,Funciones Trigonometricas,,,
2109,Trigonometria,Funciones Trigonometricas,,,
2110,Trigonometria,Funciones Trigonometricas,,,
2111,Trigonometria,Funciones Trigonometricas,,,
2112,Trigonometria,Funciones Trigonometricas,,,
2113,Trigonometria,Funciones Trigonometricas,,,
2114,Trigonometria,Funciones Trigonometricas,,,
2115,Trigonometria,Funciones Trigonometricas,,,
2116,Trigonometria,Funciones Trigonometricas,,,
2117,Trigonometria,Funciones Trigonometricas,,,
2118,Trigonometria,Funciones Trigonometricas,,,
2119,Trigonometria,Funciones Trigonometricas,,,
2120,Trigonometria,Funciones Trigonometricas,,,
2121,Trigonometria,Funciones Trigonometricas,,,
2122,Trigonometria,Funciones Trigonometricas,,,
2123,Trigonometria,Funciones Trigonometricas,,,
2124,Trigonometria,Funciones Trigonometricas,,,
2125,Trigonometria,Funciones Trigonometricas,,,
2126,Trigonometria,Funciones Trigonometricas,,,
2127,Trigonometria,Funciones Trigonometricas,,,
2128,Trigonometria,Funciones Trigonometricas,,,
2129,Trigonometria,Funciones Trigonometricas,,,
2130,Trigonometria,Funciones Trigonometricas,,,
2131,Trigonometria,Funciones Trigonometricas,,,
2132,Trigonometria,Funciones Trigonometricas,,,
2133,Trigonometria,Funciones Trigonometricas,,,
2134,Trigonometria,Funciones Trigonometricas,,,
2135,Trigonometria,Funciones Trigonometricas,,,
2136,Trigonometria,Funciones Trigonometricas,,,
2137,Trigonometria,Funciones Trigonometricas,,,
2138,Trigonometria,Funciones Trigonometricas,,,
2139,Trigonometria,Funciones Trigonometricas,,,
2140,Trigonometria,Funciones Trigonometricas,,,
2141,Trigonometria,Funciones Trigonometricas,,,
2142,Trigonometria,Funciones Trigonometricas,,,
2143,Trigonometria,Funciones Trigonometricas,,,
2144,Trigonometria,Funciones Trigonometricas,,,
2145,Trigonometria,Funciones Trigonometricas,,,
2146,Trigonometria,Funciones Trigonometricas,,,
2147,Trigonometria,Funciones Trigonometricas,,,
2148,Trigonometria,Funciones Trigonometricas,,,
2149,Trigonometria,Funciones Trigonometricas,,,
2150,Trigonometria,Funciones Trigonometricas,,,
2151,Trigonometria,Funciones Trigonometricas,,,
2152,Trigonometria,Funciones Trigonometricas,,,
2153,Trigonometria,Funciones Trigonometricas,,,
2154,Trigonometria,Funciones Trigonometricas,,,
2155,Trigonometria,Funciones Trigonometricas,,,
2156,Trigonometria,Funciones Trigonometricas,,,
2157,Trigonometria,Funciones Trigonometricas,,,
2158,Trigonometria,Funciones Trigonometricas,,,
2159,Trigonometria,Funciones Trigonometricas,,,
2160,Trigonometria,Funciones Trigonometricas,,,
2161,Trigonometria,Funciones Trigonometricas,,,
2162,Trigonometria,Funciones Trigonometricas,,,
2163,Trigonometria,Funciones Trigonometricas,,,
2164,Trigonometria,Funciones Trigonometricas,,,
2165,Trigonometria,Funciones Trigonometricas,,,
2166,Trigonometria,Funciones Trigonometricas,,,
2167,Trigonometria,Funciones Trigonometricas,,,
2168,Trigonometria,Funciones Trigonometricas,,,
2169,Trigonometria,Funciones Trigonometricas,,,
2170,Trigonometria,Funciones Trigonometricas,,,
2171,Trigonometria,Funciones Trigonometricas,,,
2172,Trigonometria,Funciones Trigonometricas,,,
2173,Trigonometria,Funciones Trigonometricas,,,
2174,Trigonometria,Funciones Trigonometricas,,,
2175,Trigonometria,Funciones Trigonometricas,,,
2176,Trigonometria,Funciones Trigonometricas,,,
2177,Trigonometria,Funciones Trigonometricas,,,
2178,Trigonometria,Funciones Trigonometricas,,,
2179,Trigonometria,Funciones Trigonometricas,,,
2180,Trigonometria,Funciones Trigonometricas,,,
2181,Trigonometria,Funciones Trigonometricas,,,
2182,Trigonometria,Funciones Trigonometricas,,,
2183,Trigonometria,Funciones Trigonometricas,,,
2184,Trigonometria,Funciones Trigonometricas,,,
2185,Trigonometria,Funciones Trigonometricas,,,
2186,Trigonometria,Funciones Trigonometricas,,,
2187,Trigonometria,Funciones Trigonometricas,,,
2188,Trigonometria,Funciones Trigonometricas,,,
2189,Trigonometria,Funciones Trigonometricas,,,
2190,Trigonometria,Funciones Trigonometricas,,,
2191,Trigonometria,Funciones Trigonometricas,,,
2192,Trigonometria,Funciones Trigonometricas,,,
2193,Trigonometria,Funciones Trigonometricas,,,
2194,Trigonometria,Funciones Trigonometricas,,,
2195,Trigonometria,Funciones Trigonometricas,,,
2196,Trigonometria,Funciones Trigonometricas,,,
2197,Trigonometria,Funciones Trigonometricas,,,
2198,Trigonometria,Funciones Trigonometricas,,,
2199,Trigonometria,Funciones Trigonometricas,,,
2200,Trigonometria,Funciones Trigonometricas,,,
2201,Trigonometria,Funciones Trigonometricas,,,
2202,Trigonometria,Funciones Trigonometricas,,,
2203,Trigonometria,Funciones Trigonometricas,,,
2204,Trigonometria,Funciones Trigonometricas,,,
2205,Trigonometria,Funciones Trigonometricas,,,
2206,Trigonometria,Funciones Trigonometricas Inversas,,,
2207,Trigonometria,Funciones Trigonometricas Inversas,,,
2208,Trigonometria,Funciones Trigonometricas Inversas,,,
2209,Trigonometria,Funciones Trigonometricas Inversas,,,
2210,Trigonometria,Funciones Trigonometricas Inversas,,,
2211,Trigonometria,Funciones Trigonometricas Inversas,,,
2212,Trigonometria,Funciones Trigonometricas Inversas,,,
2213,Trigonometria,Funciones Trigonometricas Inversas,,,
2214,Trigonometria,Funciones Trigonometricas Inversas,,,
2215,Trigonometria,Funciones Trigonometricas Inversas,,,
2216,Trigonometria,Funciones Trigonometricas Inversas,,,
2217,Trigonometria,Funciones Trigonometricas Inversas,,,
2218,Trigonometria,Funciones Trigonometricas Inversas,,,
2219,Trigonometria,Funciones Trigonometricas Inversas,,,
2220,Trigonometria,Funciones Trigonometricas Inversas,,,
2221,Trigonometria,Funciones Trigonometricas Inversas,,,
2222,Trigonometria,Funciones Trigonometricas Inversas,,,
2223,Trigonometria,Funciones Trigonometricas Inversas,,,
2224,Trigonometria,Funciones Trigonometricas Inversas,,,
2225,Trigonometria,Funciones Trigonometricas Inversas,,,
2226,Trigonometria,Funciones Trigonometricas Inversas,,,
2227,Trigonometria,Funciones Trigonometricas Inversas,,,
2228,Trigonometria,Funciones Trigonometricas Inversas,,,
2229,Trigonometria,Funciones Trigonometricas Inversas,,,
2230,Trigonometria,Funciones Trigonometricas Inversas,,,
2231,Trigonometria,Funciones Trigonometricas Inversas,,,
2232,Trigonometria,Funciones Trigonometricas Inversas,,,
2233,Trigonometria,Funciones Trigonometricas Inversas,,,
2234,Trigonometria,Funciones Trigonometricas Inversas,,,
2235,Trigonometria,Funciones Trigonometricas Inversas,,,
2236,Trigonometria,Funciones Trigonometricas Inversas,,,
2237,Trigonometria,Funciones Trigonometricas Inversas,,,
2238,Trigonometria,Funciones Trigonometricas Inversas,,,
2239,Trigonometria,Funciones Trigonometricas Inversas,,,
2240,Trigonometria,Funciones Trigonometricas Inversas,,,
2241,Trigonometria,Funciones Trigonometricas Inversas,,,
2242,Trigonometria,Funciones Trigonometricas Inversas,,,
2243,Trigonometria,Funciones Trigonometricas Inversas,,,
2244,Trigonometria,Funciones Trigonometricas Inversas,,,
2245,Trigonometria,Funciones Trigonometricas Inversas,,,
2246,Trigonometria,Funciones Trigonometricas Inversas,,,
2247,Trigonometria,Funciones Trigonometricas Inversas,,,
2248,Trigonometria,Funciones Trigonometricas Inversas,,,
2249,Trigonometria,Funciones Trigonometricas Inversas,,,
2250,Trigonometria,Funciones Trigonometricas Inversas,,,
2251,Trigonometria,Funciones Trigonometricas Inversas,,,
2252,Trigonometria,Funciones Trigonometricas Inversas,,,
2253,Trigonometria,Funciones Trigonometricas Inversas,,,
2254,Trigonometria,Funciones Trigonometricas Inversas,,,
2255,Trigonometria,Funciones Trigonometricas Inversas,,,
2256,Trigonometria,Funciones Trigonometricas Inversas,,,
2257,Trigonometria,Funciones Trigonometricas Inversas,,,
2258,Trigonometria,Funciones Trigonometricas Inversas,,,
2259,Trigonometria,Funciones Trigonometricas Inversas,,,
2260,Trigonometria,Funciones Trigonometricas Inversas,,,
2261,Trigonometria,Funciones Trigonometricas Inversas,,,
2262,Trigonometria,Funciones Trigonometricas Inversas,,,
2263,Trigonometria,Funciones Trigonometricas Inversas,,,
2264,Trigonometria,Funciones Trigonometricas Inversas,,,
2265,Trigonometria,Funciones Trigonometricas Inversas,,,
2266,Trigonometria,Funciones Trigonometricas Inversas,,,
2267,Trigonometria,Funciones Trigonometricas Inversas,,,
2268,Trigonometria,Funciones Trigonometricas Inversas,,,
2269,Trigonometria,Funciones Trigonometricas Inversas,,,
2270,Trigonometria,Funciones Trigonometricas Inversas,,,
2271,Trigonometria,Funciones Trigonometricas Inversas,,,
2272,Trigonometria,Funciones Trigonometricas Inversas,,,
2273,Trigonometria,Funciones Trigonometricas Inversas,,,
2274,Trigonometria,Funciones Trigonometricas Inversas,,,
2275,Trigonometria,Funciones Trigonometricas Inversas,,,
2276,Trigonometria,Funciones Trigonometricas Inversas,,,
2277,Trigonometria,Funciones Trigonometricas Inversas,,,
2278,Trigonometria,Funciones Trigonometricas Inversas,,,
2279,Trigonometria,Funciones Trigonometricas Inversas,,,
2280,Trigonometria,Funciones Trigonometricas Inversas,,,
2281,Trigonometria,Funciones Trigonometricas Inversas,,,
2282,Trigonometria,Funciones Trigonometricas Inversas,,,
2283,Trigonometria,Funciones Trigonometricas Inversas,,,
2284,Trigonometria,Funciones Trigonometricas Inversas,,,
2285,Trigonometria,Funciones Trigonometricas Inversas,,,
2286,Trigonometria,Funciones Trigonometricas Inversas,,,
2287,Trigonometria,Funciones Trigonometricas Inversas,,,
2288,Trigonometria,Funciones Trigonometricas Inversas,,,
2289,Trigonometria,Funciones Trigonometricas Inversas,,,
2290,Trigonometria,Funciones Trigonometricas Inversas,,,
2291,Trigonometria,Funciones Trigonometricas Inversas,,,
2292,Trigonometria,Funciones Trigonometricas Inversas,,,
2293,Trigonometria,Funciones Trigonometricas Inversas,,,
2294,Trigonometria,Funciones Trigonometricas Inversas,,,
2295,Trigonometria,Funciones Trigonometricas Inversas,,,
2296,Trigonometria,Funciones Trigonometricas Inversas,,,
2297,Trigonometria,Funciones Trigonometricas Inversas,,,
2298,Trigonometria,Funciones Trigonometricas Inversas,,,
2299,Trigonometria,Funciones Trigonometricas Inversas,,,
2300,Trigonometria,Funciones Trigonometricas Inversas,,,
2301,Trigonometria,Funciones Trigonometricas Inversas,,,
2302,Trigonometria,Funciones Trigonometricas Inversas,,,
2303,Trigonometria,Funciones Trigonometricas Inversas,,,
2304,Trigonometria,Funciones Trigonometricas Inversas,,,
2305,Trigonometria,Funciones Trigonometricas Inversas,,,
2306,Trigonometria,Funciones Trigonometricas Inversas,,,
2307,Trigonometria,Funciones Trigonometricas Inversas,,,
2308,Trigonometria,Funciones Trigonometricas Inversas,,,
2309,Trigonometria,Funciones Trigonometricas Inversas,,,
2310,Trigonometria,Funciones Trigonometricas Inversas,,,
2311,Trigonometria,Funciones Trigonometricas Inversas,,,
2312,Trigonometria,Funciones Trigonometricas Inversas,,,
2313,Trigonometria,Funciones Trigonometricas Inversas,,,
2314,Trigonometria,Funciones Trigonometricas Inversas,,,
2315,Trigonometria,Funciones Trigonometricas Inversas,,,
2316,Trigonometria,Funciones Trigonometricas Inversas,,,
2317,Trigonometria,Funciones Trigonometricas Inversas,,,
2318,Trigonometria,Funciones Trigonometricas Inversas,,,
2319,Trigonometria,Funciones Trigonometricas Inversas,,,
2320,Trigonometria,Funciones Trigonometricas Inversas,,,
2321,Trigonometria,Funciones Trigonometricas Inversas,,,
2322,Trigonometria,Funciones Trigonometricas Inversas,,,
2323,Trigonometria,Funciones Trigonometricas Inversas,,,
2324,Trigonometria,Funciones Trigonometricas Inversas,,,
2325,Trigonometria,Funciones Trigonometricas Inversas,,,
2326,Trigonometria,Funciones Trigonometricas Inversas,,,
2327,Trigonometria,Funciones Trigonometricas Inversas,,,
2328,Trigonometria,Funciones Trigonometricas Inversas,,,
2329,Trigonometria,Funciones Trigonometricas Inversas,,,
2330,Trigonometria,Funciones Trigonometricas Inversas,,,
2331,Trigonometria,Funciones Trigonometricas Inversas,,,
2332,Trigonometria,Funciones Trigonometricas Inversas,,,
2333,Trigonometria,Funciones Trigonometricas Inversas,,,
2334,Trigonometria,Funciones Trigonometricas Inversas,,,
2335,Trigonometria,Funciones Trigonometricas Inversas,,,
2336,Trigonometria,Funciones Trigonometricas Inversas,,,
2337,Trigonometria,Funciones Trigonometricas Inversas,,,
2338,Trigonometria,Funciones Trigonometricas Inversas,,,
2339,Trigonometria,Funciones Trigonometricas Inversas,,,
2340,Trigonometria,Funciones Trigonometricas Inversas,,,
2341,Trigonometria,Funciones Trigonometricas Inversas,,,
2342,Trigonometria,Funciones Trigonometricas Inversas,,,
2343,Trigonometria,Funciones Trigonometricas Inversas,,,
2344,Trigonometria,Funciones Trigonometricas Inversas,,,
2345,Trigonometria,Funciones Trigonometricas Inversas,,,
2346,Trigonometria,Funciones Trigonometricas Inversas,,,
2347,Trigonometria,Funciones Trigonometricas Inversas,,,
2348,Trigonometria,Funciones Trigonometricas Inversas,,,
2349,Trigonometria,Funciones Trigonometricas Inversas,,,
2350,Trigonometria,Funciones Trigonometricas Inversas,,,
2351,Trigonometria,Funciones Trigonometricas Inversas,,,
2352,Trigonometria,Funciones Trigonometricas Inversas,,,
2353,Trigonometria,Funciones Trigonometricas Inversas,,,
2354,Trigonometria,Funciones Trigonometricas Inversas,,,
2355,Trigonometria,Funciones Trigonometricas Inversas,,,
2356,Trigonometria,Funciones Trigonometricas Inversas,,,
2357,Trigonometria,Funciones Trigonometricas Inversas,,,
2358,Trigonometria,Funciones Trigonometricas Inversas,,,
2359,Trigonometria,Funciones Trigonometricas Inversas,,,
2360,Trigonometria,Funciones Trigonometricas Inversas,,,
2361,Trigonometria,Funciones Trigonometricas Inversas,,,
2362,Trigonometria,Funciones Trigonometricas Inversas,,,
2363,Trigonometria,Funciones Trigonometricas Inversas,,,
2364,Trigonometria,Funciones Trigonometricas Inversas,,,
2365,Trigonometria,Funciones Trigonometricas Inversas,,,
2366,Trigonometria,Funciones Trigonometricas Inversas,,,
2367,Trigonometria,Funciones Trigonometricas Inversas,,,
2368,Trigonometria,Funciones Trigonometricas Inversas,,,
2369,Trigonometria,Funciones Trigonometricas Inversas,,,
2370,Trigonometria,Funciones Trigonometricas Inversas,,,
2371,Trigonometria,Funciones Trigonometricas Inversas,,,
2372,Trigonometria,Funciones Trigonometricas Inversas,,,
2373,Trigonometria,Funciones Trigonometricas Inversas,,,
2374,Trigonometria,Funciones Trigonometricas Inversas,,,
2375,Trigonometria,Funciones Trigonometricas Inversas,,,
2376,Trigonometria,Funciones Trigonometricas Inversas,,,
2377,Trigonometria,Funciones Trigonometricas Inversas,,,
2378,Trigonometria,Funciones Trigonometricas Inversas,,,
2379,Trigonometria,Funciones Trigonometricas Inversas,,,
2380,Trigonometria,Funciones Trigonometricas Inversas,,,
2381,Trigonometria,Funciones Trigonometricas Inversas,,,
2382,Trigonometria,Funciones Trigonometricas Inversas,,,
2383,Trigonometria,Funciones Trigonometricas Inversas,,,
2384,Trigonometria,Funciones Trigonometricas Inversas,,,
2385,Trigonometria,Funciones Trigonometricas Inversas,,,
2386,Trigonometria,Funciones Trigonometricas Inversas,,,
2387,Trigonometria,Funciones Trigonometricas Inversas,,,
2388,Trigonometria,Funciones Trigonometricas Inversas,,,
2389,Trigonometria,Funciones Trigonometricas Inversas,,,
2390,Trigonometria,Funciones Trigonometricas Inversas,,,
2391,Trigonometria,Funciones Trigonometricas Inversas,,,
2392,Trigonometria,Funciones Trigonometricas Inversas,,,
2393,Trigonometria,Funciones Trigonometricas Inversas,,,
2394,Trigonometria,Funciones Trigonometricas Inversas,,,
2395,Trigonometria,Funciones Trigonometricas Inversas,,,
2396,Trigonometria,Funciones Trigonometricas Inversas,,,
2397,Trigonometria,Funciones Trigonometricas Inversas,,,
2398,Trigonometria,Funciones Trigonometricas Inversas,,,
2399,Trigonometria,Funciones Trigonometricas Inversas,,,
2400,Trigonometria,Funciones Trigonometricas Inversas,,,
2401,Trigonometria,Funciones Trigonometricas Inversas,,,
2402,Trigonometria,Funciones Trigonometricas Inversas,,,
2403,Trigonometria,Funciones Trigonometricas Inversas,,,
2404,Trigonometria,Funciones Trigonometricas Inversas,,,
2405,Trigonometria,Funciones Trigonometricas Inversas,,,
2406,Trigonometria,Ecuaciones Trigonometricas,,,
2407,Trigonometria,Ecuaciones Trigonometricas,,,
2408,Trigonometria,Ecuaciones Trigonometricas,,,
2409,Trigonometria,Ecuaciones Trigonometricas,,,
2410,Trigonometria,Ecuaciones Trigonometricas,,,
2411,Trigonometria,Ecuaciones Trigonometricas,,,
2412,Trigonometria,Ecuaciones Trigonometricas,,,
2413,Trigonometria,Ecuaciones Trigonometricas,,,
2414,Trigonometria,Ecuaciones Trigonometricas,,,
2415,Trigonometria,Ecuaciones Trigonometricas,,,
2416,Trigonometria,Ecuaciones Trigonometricas,,,
2417,Trigonometria,Ecuaciones Trigonometricas,,,
2418,Trigonometria,Ecuaciones Trigonometricas,,,
2419,Trigonometria,Ecuaciones Trigonometricas,,,
2420,Trigonometria,Ecuaciones Trigonometricas,,,
2421,Trigonometria,Ecuaciones Trigonometricas,,,
2422,Trigonometria,Ecuaciones Trigonometricas,,,
2423,Trigonometria,Ecuaciones Trigonometricas,,,
2424,Trigonometria,Ecuaciones Trigonometricas,,,
2425,Trigonometria,Ecuaciones Trigonometricas,,,
2426,Trigonometria,Ecuaciones Trigonometricas,,,
2427,Trigonometria,Ecuaciones Trigonometricas,,,
2428,Trigonometria,Ecuaciones Trigonometricas,,,
2429,Trigonometria,Ecuaciones Trigonometricas,,,
2430,Trigonometria,Ecuaciones Trigonometricas,,,
2431,Trigonometria,Ecuaciones Trigonometricas,,,
2432,Trigonometria,Ecuaciones Trigonometricas,,,
2433,Trigonometria,Ecuaciones Trigonometricas,,,
2434,Trigonometria,Ecuaciones Trigonometricas,,,
2435,Trigonometria,Ecuaciones Trigonometricas,,,
2436,Trigonometria,Ecuaciones Trigonometricas,,,
2437,Trigonometria,Ecuaciones Trigonometricas,,,
2438,Trigonometria,Ecuaciones Trigonometricas,,,
2439,Trigonometria,Ecuaciones Trigonometricas,,,
2440,Trigonometria,Ecuaciones Trigonometricas,,,
2441,Trigonometria,Ecuaciones Trigonometricas,,,
2442,Trigonometria,Ecuaciones Trigonometricas,,,
2443,Trigonometria,Ecuaciones Trigonometricas,,,
2444,Trigonometria,Ecuaciones Trigonometricas,,,
2445,Trigonometria,Inecuaciones Trigonometricas,,,
2446,Trigonometria,Ecuaciones Trigonometricas,,,
2447,Trigonometria,Ecuaciones Trigonometricas,,,
2448,Trigonometria,Ecuaciones Trigonometricas,,,
2449,Trigonometria,Ecuaciones Trigonometricas,,,
2450,Trigonometria,Ecuaciones Trigonometricas,,,
2451,Trigonometria,Ecuaciones Trigonometricas,,,
2452,Trigonometria,Ecuaciones Trigonometricas,,,
2453,Trigonometria,Ecuaciones Trigonometricas,,,
2454,Trigonometria,Inecuaciones Trigonometricas,,,
2455,Trigonometria,Ecuaciones Trigonometricas,,,
2456,Trigonometria,Inecuaciones Trigonometricas,,,
2457,Trigonometria,Ecuaciones Trigonometricas,,,
2458,Trigonometria,Ecuaciones Trigonometricas,,,
2459,Trigonometria,Inecuaciones Trigonometricas,,,
2460,Trigonometria,Ecuaciones Trigonometricas,,,
2461,Trigonometria,Ecuaciones Trigonometricas,,,
2462,Trigonometria,Ecuaciones Trigonometricas,,,
2463,Trigonometria,Inecuaciones Trigonometricas,,,
2464,Trigonometria,Inecuaciones Trigonometricas,,,
2465,Trigonometria,Inecuaciones Trigonometricas,,,
2466,Trigonometria,Inecuaciones Trigonometricas,,,
2467,Trigonometria,Ecuaciones Trigonometricas,,,
2468,Trigonometria,Ecuaciones Trigonometricas,,,
2469,Trigonometria,Ecuaciones Trigonometricas,,,
2470,Trigonometria,Ecuaciones Trigonometricas,,,
2471,Trigonometria,Ecuaciones Trigonometricas,,,
2472,Trigonometria,Inecuaciones Trigonometricas,,,
2473,Trigonometria,Ecuaciones Trigonometricas,,,
2474,Trigonometria,Inecuaciones Trigonometricas,,,
2475,Trigonometria,Inecuaciones Trigonometricas,,,
2476,Trigonometria,Ecuaciones Trigonometricas,,,
2477,Trigonometria,Inecuaciones Trigonometricas,,,
2478,Trigonometria,Ecuaciones Trigonometricas,,,
2479,Trigonometria,Inecuaciones Trigonometricas,,,
2480,Trigonometria,Ecuaciones Trigonometricas,,,
2481,Trigonometria,Ecuaciones Trigonometricas,,,
2482,Trigonometria,Inecuaciones Trigonometricas,,,
2483,Trigonometria,Inecuaciones Trigonometricas,,,
2484,Trigonometria,Inecuaciones Trigonometricas,,,
2485,Trigonometria,Inecuaciones Trigonometricas,,,
2486,Trigonometria,Inecuaciones Trigonometricas,,,
2487,Trigonometria,Ecuaciones Trigonometricas,,,
2488,Trigonometria,Inecuaciones Trigonometricas,,,
2489,Trigonometria,Ecuaciones Trigonometricas,,,
2490,Trigonometria,Inecuaciones Trigonometricas,,,
2491,Trigonometria,Ecuaciones Trigonometricas,,,
2492,Trigonometria,Inecuaciones Trigonometricas,,,
2493,Trigonometria,Ecuaciones Trigonometricas,,,
2494,Trigonometria,Inecuaciones Trigonometricas,,,
2495,Trigonometria,Ecuaciones Trigonometricas,,,
2496,Trigonometria,Inecuaciones Trigonometricas,,,
2497,Trigonometria,Ecuaciones Trigonometricas,,,
2498,Trigonometria,Inecuaciones Trigonometricas,,,
2499,Trigonometria,Inecuaciones Trigonometricas,,,
2500,Trigonometria,Inecuaciones Trigonometricas,,,
2501,Trigonometria,Ecuaciones Trigonometricas,,,
2502,Trigonometria,Inecuaciones Trigonometricas,,,
2503,Trigonometria,Inecuaciones Trigonometricas,,,
2504,Trigonometria,Ecuaciones Trigonometricas,,,
2505,Trigonometria,Ecuaciones Trigonometricas,,,
2506,Trigonometria,Ecuaciones Trigonometricas,,,
2507,Trigonometria,Ecuaciones Trigonometricas,,,
2508,Trigonometria,Ecuaciones Trigonometricas,,,
2509,Trigonometria,Ecuaciones Trigonometricas,,,
2510,Trigonometria,Ecuaciones Trigonometricas,,,
2511,Trigonometria,Ecuaciones Trigonometricas,,,
2512,Trigonometria,Ecuaciones Trigonometricas,,,
2513,Trigonometria,Ecuaciones Trigonometricas,,,
2514,Trigonometria,Ecuaciones Trigonometricas,,,
2515,Trigonometria,Ecuaciones Trigonometricas,,,
2516,Trigonometria,Ecuaciones Trigonometricas,,,
2517,Trigonometria,Inecuaciones Trigonometricas,,,
2518,Trigonometria,Inecuaciones Trigonometricas,,,
2519,Trigonometria,Ecuaciones Trigonometricas,,,
2520,Trigonometria,Ecuaciones Trigonometricas,,,
2521,Trigonometria,Ecuaciones Trigonometricas,,,
2522,Trigonometria,Ecuaciones Trigonometricas,,,
2523,Trigonometria,Ecuaciones Trigonometricas,,,
2524,Trigonometria,Ecuaciones Trigonometricas,,,
2525,Trigonometria,Inecuaciones Trigonometricas,,,
2526,Trigonometria,Inecuaciones Trigonometricas,,,
2527,Trigonometria,Ecuaciones Trigonometricas,,,
2528,Trigonometria,Ecuaciones Trigonometricas,,,
2529,Trigonometria,Ecuaciones Trigonometricas,,,
2530,Trigonometria,Ecuaciones Trigonometricas,,,
2531,Trigonometria,Ecuaciones Trigonometricas,,,
2532,Trigonometria,Ecuaciones Trigonometricas,,,
2533,Trigonometria,Inecuaciones Trigonometricas,,,
2534,Trigonometria,Inecuaciones Trigonometricas,,,
2535,Trigonometria,Ecuaciones Trigonometricas,,,
2536,Trigonometria,Ecuaciones Trigonometricas,,,
2537,Trigonometria,Ecuaciones Trigonometricas,,,
2538,Trigonometria,Ecuaciones Trigonometricas,,,
2539,Trigonometria,Ecuaciones Trigonometricas,,,
2540,Trigonometria,Ecuaciones Trigonometricas,,,
2541,Trigonometria,Inecuaciones Trigonometricas,,,
2542,Trigonometria,Inecuaciones Trigonometricas,,,
2543,Trigonometria,Ecuaciones Trigonometricas,,,
2544,Trigonometria,Ecuaciones Trigonometricas,,,
2545,Trigonometria,Ecuaciones Trigonometricas,,,
2546,Trigonometria,Ecuaciones Trigonometricas,,,
2547,Trigonometria,Ecuaciones Trigonometricas,,,
2548,Trigonometria,Ecuaciones Trigonometricas,,,
2549,Trigonometria,Ecuaciones Trigonometricas,,,
2550,Trigonometria,Ecuaciones Trigonometricas,,,
2551,Trigonometria,Ecuaciones Trigonometricas,,,
2552,Trigonometria,Ecuaciones Trigonometricas,,,
2553,Trigonometria,Ecuaciones Trigonometricas,,,
2554,Trigonometria,Ecuaciones Trigonometricas,,,
2555,Trigonometria,Ecuaciones Trigonometricas,,,
2556,Trigonometria,Ecuaciones Trigonometricas,,,
2557,Trigonometria,Ecuaciones Trigonometricas,,,
2558,Trigonometria,Ecuaciones Trigonometricas,,,
2559,Trigonometria,Ecuaciones Trigonometricas,,,
2560,Trigonometria,Ecuaciones Trigonometricas,,,
2561,Trigonometria,Ecuaciones Trigonometricas,,,
2562,Trigonometria,Ecuaciones Trigonometricas,,,
2563,Trigonometria,Ecuaciones Trigonometricas,,,
2564,Trigonometria,Ecuaciones Trigonometricas,,,
2565,Trigonometria,Ecuaciones Trigonometricas,,,
2566,Trigonometria,Ecuaciones Trigonometricas,,,
2567,Trigonometria,Ecuaciones Trigonometricas,,,
2568,Trigonometria,Ecuaciones Trigonometricas,,,
2569,Trigonometria,Ecuaciones Trigonometricas,,,
2570,Trigonometria,Ecuaciones Trigonometricas,,,
2571,Trigonometria,Ecuaciones Trigonometricas,,,
2572,Trigonometria,Ecuaciones Trigonometricas,,,
2573,Trigonometria,Ecuaciones Trigonometricas,,,
2574,Trigonometria,Ecuaciones Trigonometricas,,,
2575,Trigonometria,Ecuaciones Trigonometricas,,,
2576,Trigonometria,Ecuaciones Trigonometricas,,,
2577,Trigonometria,Ecuaciones Trigonometricas,,,
2578,Trigonometria,Ecuaciones Trigonometricas,,,
2579,Trigonometria,Ecuaciones Trigonometricas,,,
2580,Trigonometria,Ecuaciones Trigonometricas,,,
2581,Trigonometria,Ecuaciones Trigonometricas,,,
2582,Trigonometria,Ecuaciones Trigonometricas,,,
2583,Trigonometria,Ecuaciones Trigonometricas,,,
2584,Trigonometria,Ecuaciones Trigonometricas,,,
2585,Trigonometria,Ecuaciones Trigonometricas,,,
2586,Trigonometria,Ecuaciones Trigonometricas,,,
2587,Trigonometria,Ecuaciones Trigonometricas,,,
2588,Trigonometria,Ecuaciones Trigonometricas,,,
2589,Trigonometria,Ecuaciones Trigonometricas,,,
2590,Trigonometria,Ecuaciones Trigonometricas,,,
2591,Trigonometria,Ecuaciones Trigonometricas,,,
2592,Trigonometria,Inecuaciones Trigonometricas,,,
2593,Trigonometria,Inecuaciones Trigonometricas,,,
2594,Trigonometria,Inecuaciones Trigonometricas,,,
2595,Trigonometria,Inecuaciones Trigonometricas,,,
2596,Trigonometria,Inecuaciones Trigonometricas,,,
2597,Trigonometria,Inecuaciones Trigonometricas,,,
2598,Trigonometria,Ecuaciones Trigonometricas,,,
2599,Trigonometria,Ecuaciones Trigonometricas,,,
2600,Trigonometria,Ecuaciones Trigonometricas,,,
2601,Trigonometria,Inecuaciones Trigonometricas,,,
2602,Trigonometria,Inecuaciones Trigonometricas,,,
2603,Trigonometria,Inecuaciones Trigonometricas,,,
2604,Trigonometria,Ecuaciones Trigonometricas,,,
2605,Trigonometria,Ecuaciones Trigonometricas,,,
2606,Trigonometria,Ecuaciones Trigonometricas,,,
2607,Trigonometria,Resolucion de Triangulos Oblicuangulos y Cuadrilateros,,,
2608,Trigonometria,Resolucion de Triangulos Oblicuangulos y Cuadrilateros,,,
2609,Trigonometria,Resolucion de Triangulos Oblicuangulos y Cuadrilateros,,,
2610,Trigonometria,Resolucion de Triangulos Oblicuangulos y Cuadrilateros,,,
2611,Trigonometria,Resolucion de Triangulos Oblicuangulos y Cuadrilateros,,,
2612,Trigonometria,Resolucion de Triangulos Oblicuangulos y Cuadrilateros,,,
2613,Trigonometria,Resolucion de Triangulos Oblicuangulos y Cuadrilateros,,,
2614,Trigonometria,Resolucion de Triangulos Oblicuangulos y Cuadrilateros,,,
2615,Trigonometria,Resolucion de Triangulos Oblicuangulos y Cuadrilateros,,,
2616,Trigonometria,Resolucion de Triangulos Oblicuangulos y Cuadrilateros,,,
2617,Trigonometria,Resolucion de Triangulos Oblicuangulos y Cuadrilateros,,,
2618,Trigonometria,Resolucion de Triangulos Oblicuangulos y Cuadrilateros,,,
2619,Trigonometria,Resolucion de Triangulos Oblicuangulos y Cuadrilateros,,,
2620,Trigonometria,Resolucion de Triangulos Oblicuangulos y Cuadrilateros,,,
2621,Trigonometria,Resolucion de Triangulos Oblicuangulos y Cuadrilateros,,,
2622,Trigonometria,Resolucion de Triangulos Oblicuangulos y Cuadrilateros,,,
2623,Trigonometria,Resolucion de Triangulos Oblicuangulos y Cuadrilateros,,,
2624,Trigonometria,Resolucion de Triangulos Oblicuangulos y Cuadrilateros,,,
2625,Trigonometria,Resolucion de Triangulos Oblicuangulos y Cuadrilateros,,,
2626,Trigonometria,Resolucion de Triangulos Oblicuangulos y Cuadrilateros,,,
2627,Trigonometria,Resolucion de Triangulos Oblicuangulos y Cuadrilateros,,,
2628,Trigonometria,Resolucion de Triangulos Oblicuangulos y Cuadrilateros,,,
2629,Trigonometria,Resolucion de Triangulos Oblicuangulos y Cuadrilateros,,,
2630,Trigonometria,Resolucion de Triangulos Oblicuangulos y Cuadrilateros,,,
2631,Trigonometria,Resolucion de Triangulos Oblicuangulos y Cuadrilateros,,,
2632,Trigonometria,Resolucion de Triangulos Oblicuangulos y Cuadrilateros,,,
2633,Trigonometria,Resolucion de Triangulos Oblicuangulos y Cuadrilateros,,,
2634,Trigonometria,Resolucion de Triangulos Oblicuangulos y Cuadrilateros,,,
2635,Trigonometria,Resolucion de Triangulos Oblicuangulos y Cuadrilateros,,,
2636,Trigonometria,Resolucion de Triangulos Oblicuangulos y Cuadrilateros,,,
2637,Trigonometria,Resolucion de Triangulos Oblicuangulos y Cuadrilateros,,,
2638,Trigonometria,Resolucion de Triangulos Oblicuangulos y Cuadrilateros,,,
2639,Trigonometria,Resolucion de Triangulos Oblicuangulos y Cuadrilateros,,,
2640,Trigonometria,Resolucion de Triangulos Oblicuangulos y Cuadrilateros,,,
2641,Trigonometria,Resolucion de Triangulos Oblicuangulos y Cuadrilateros,,,
2642,Trigonometria,Resolucion de Triangulos Oblicuangulos y Cuadrilateros,,,
2643,Trigonometria,Resolucion de Triangulos Oblicuangulos y Cuadrilateros,,,
2644,Trigonometria,Resolucion de Triangulos Oblicuangulos y Cuadrilateros,,,
2645,Trigonometria,Resolucion de Triangulos Oblicuangulos y Cuadrilateros,,,
2646,Trigonometria,Resolucion de Triangulos Oblicuangulos y Cuadrilateros,,,
2647,Trigonometria,Resolucion de Triangulos Oblicuangulos y Cuadrilateros,,,
2648,Trigonometria,Resolucion de Triangulos Oblicuangulos y Cuadrilateros,,,
2649,Trigonometria,Resolucion de Triangulos Oblicuangulos y Cuadrilateros,,,
2650,Trigonometria,Resolucion de Triangulos Oblicuangulos y Cuadrilateros,,,
2651,Trigonometria,Resolucion de Triangulos Oblicuangulos y Cuadrilateros,,,
2652,Trigonometria,Resolucion de Triangulos Oblicuangulos y Cuadrilateros,,,
2653,Trigonometria,Resolucion de Triangulos Oblicuangulos y Cuadrilateros,,,
2654,Trigonometria,Resolucion de Triangulos Oblicuangulos y Cuadrilateros,,,
2655,Trigonometria,Resolucion de Triangulos Oblicuangulos y Cuadrilateros,,,
2656,Trigonometria,Resolucion de Triangulos Oblicuangulos y Cuadrilateros,,,
2657,Trigonometria,Resolucion de Triangulos Oblicuangulos y Cuadrilateros,,,
2658,Trigonometria,Resolucion de Triangulos Oblicuangulos y Cuadrilateros,,,
2659,Trigonometria,Resolucion de Triangulos Oblicuangulos y Cuadrilateros,,,
2660,Trigonometria,Resolucion de Triangulos Oblicuangulos y Cuadrilateros,,,
2661,Trigonometria,Resolucion de Triangulos Oblicuangulos y Cuadrilateros,,,
2662,Trigonometria,Resolucion de Triangulos Oblicuangulos y Cuadrilateros,,,
2663,Trigonometria,Resolucion de Triangulos Oblicuangulos y Cuadrilateros,,,
2664,Trigonometria,Resolucion de Triangulos Oblicuangulos y Cuadrilateros,,,
2665,Trigonometria,Resolucion de Triangulos Oblicuangulos y Cuadrilateros,,,
2666,Trigonometria,Resolucion de Triangulos Oblicuangulos y Cuadrilateros,,,
2667,Trigonometria,Resolucion de Triangulos Oblicuangulos y Cuadrilateros,,,
2668,Trigonometria,Resolucion de Triangulos Oblicuangulos y Cuadrilateros,,,
2669,Trigonometria,Resolucion de Triangulos Oblicuangulos y Cuadrilateros,,,
2670,Trigonometria,Resolucion de Triangulos Oblicuangulos y Cuadrilateros,,,
2671,Trigonometria,Resolucion de Triangulos Oblicuangulos y Cuadrilateros,,,
2672,Trigonometria,Resolucion de Triangulos Oblicuangulos y Cuadrilateros,,,
2673,Trigonometria,Resolucion de Triangulos Oblicuangulos y Cuadrilateros,,,
2674,Trigonometria,Resolucion de Triangulos Oblicuangulos y Cuadrilateros,,,
2675,Trigonometria,Resolucion de Triangulos Oblicuangulos y Cuadrilateros,,,
2676,Trigonometria,Resolucion de Triangulos Oblicuangulos y Cuadrilateros,,,
2677,Trigonometria,Resolucion de Triangulos Oblicuangulos y Cuadrilateros,,,
2678,Trigonometria,Resolucion de Triangulos Oblicuangulos y Cuadrilateros,,,
2679,Trigonometria,Resolucion de Triangulos Oblicuangulos y Cuadrilateros,,,
2680,Trigonometria,Resolucion de Triangulos Oblicuangulos y Cuadrilateros,,,
2681,Trigonometria,Resolucion de Triangulos Oblicuangulos y Cuadrilateros,,,
2682,Trigonometria,Resolucion de Triangulos Oblicuangulos y Cuadrilateros,,,
2683,Trigonometria,Resolucion de Triangulos Oblicuangulos y Cuadrilateros,,,
2684,Trigonometria,Resolucion de Triangulos Oblicuangulos y Cuadrilateros,,,
2685,Trigonometria,Resolucion de Triangulos Oblicuangulos y Cuadrilateros,,,
2686,Trigonometria,Resolucion de Triangulos Oblicuangulos y Cuadrilateros,,,
2687,Trigonometria,Resolucion de Triangulos Oblicuangulos y Cuadrilateros,,,
2688,Trigonometria,Resolucion de Triangulos Oblicuangulos y Cuadrilateros,,,
2689,Trigonometria,Resolucion de Triangulos Oblicuangulos y Cuadrilateros,,,
2690,Trigonometria,Resolucion de Triangulos Oblicuangulos y Cuadrilateros,,,
2691,Trigonometria,Resolucion de Triangulos Oblicuangulos y Cuadrilateros,,,
2692,Trigonometria,Resolucion de Triangulos Oblicuangulos y Cuadrilateros,,,
2693,Trigonometria,Resolucion de Triangulos Oblicuangulos y Cuadrilateros,,,
2694,Trigonometria,Resolucion de Triangulos Oblicuangulos y Cuadrilateros,,,
2695,Trigonometria,Resolucion de Triangulos Oblicuangulos y Cuadrilateros,,,
2696,Trigonometria,Resolucion de Triangulos Oblicuangulos y Cuadrilateros,,,
2697,Trigonometria,Resolucion de Triangulos Oblicuangulos y Cuadrilateros,,,
2698,Trigonometria,Resolucion de Triangulos Oblicuangulos y Cuadrilateros,,,
2699,Trigonometria,Resolucion de Triangulos Oblicuangulos y Cuadrilateros,,,
2700,Trigonometria,Resolucion de Triangulos Oblicuangulos y Cuadrilateros,,,
2701,Trigonometria,Resolucion de Triangulos Oblicuangulos y Cuadrilateros,,,
2702,Trigonometria,Resolucion de Triangulos Oblicuangulos y Cuadrilateros,,,
2703,Trigonometria,Resolucion de Triangulos Oblicuangulos y Cuadrilateros,,,
2704,Trigonometria,Resolucion de Triangulos Oblicuangulos y Cuadrilateros,,,
2705,Trigonometria,Resolucion de Triangulos Oblicuangulos y Cuadrilateros,,,
2706,Trigonometria,Resolucion de Triangulos Oblicuangulos y Cuadrilateros,,,
2707,Trigonometria,Resolucion de Triangulos Oblicuangulos y Cuadrilateros,,,
2708,Trigonometria,Resolucion de Triangulos Oblicuangulos y Cuadrilateros,,,
2709,Trigonometria,Resolucion de Triangulos Oblicuangulos y Cuadrilateros,,,
2710,Trigonometria,Resolucion de Triangulos Oblicuangulos y Cuadrilateros,,,
2711,Trigonometria,Resolucion de Triangulos Oblicuangulos y Cuadrilateros,,,
2712,Trigonometria,Resolucion de Triangulos Oblicuangulos y Cuadrilateros,,,
2713,Trigonometria,Resolucion de Triangulos Oblicuangulos y Cuadrilateros,,,
2714,Trigonometria,Resolucion de Triangulos Oblicuangulos y Cuadrilateros,,,
2715,Trigonometria,Resolucion de Triangulos Oblicuangulos y Cuadrilateros,,,
2716,Trigonometria,Resolucion de Triangulos Oblicuangulos y Cuadrilateros,,,
2717,Trigonometria,Resolucion de Triangulos Oblicuangulos y Cuadrilateros,,,
2718,Trigonometria,Resolucion de Triangulos Oblicuangulos y Cuadrilateros,,,
2719,Trigonometria,Resolucion de Triangulos Oblicuangulos y Cuadrilateros,,,
2720,Trigonometria,Resolucion de Triangulos Oblicuangulos y Cuadrilateros,,,
2721,Trigonometria,Resolucion de Triangulos Oblicuangulos y Cuadrilateros,,,
2722,Trigonometria,Resolucion de Triangulos Oblicuangulos y Cuadrilateros,,,
2723,Trigonometria,Resolucion de Triangulos Oblicuangulos y Cuadrilateros,,,
2724,Trigonometria,Resolucion de Triangulos Oblicuangulos y Cuadrilateros,,,
2725,Trigonometria,Resolucion de Triangulos Oblicuangulos y Cuadrilateros,,,
2726,Trigonometria,Resolucion de Triangulos Oblicuangulos y Cuadrilateros,,,
2727,Trigonometria,Resolucion de Triangulos Oblicuangulos y Cuadrilateros,,,
2728,Trigonometria,Resolucion de Triangulos Oblicuangulos y Cuadrilateros,,,
2729,Trigonometria,Resolucion de Triangulos Oblicuangulos y Cuadrilateros,,,
2730,Trigonometria,Resolucion de Triangulos Oblicuangulos y Cuadrilateros,,,
2731,Trigonometria,Resolucion de Triangulos Oblicuangulos y Cuadrilateros,,,
2732,Trigonometria,Resolucion de Triangulos Oblicuangulos y Cuadrilateros,,,
2733,Trigonometria,Resolucion de Triangulos Oblicuangulos y Cuadrilateros,,,
2734,Trigonometria,Resolucion de Triangulos Oblicuangulos y Cuadrilateros,,,
2735,Trigonometria,Resolucion de Triangulos Oblicuangulos y Cuadrilateros,,,
2736,Trigonometria,Resolucion de Triangulos Oblicuangulos y Cuadrilateros,,,
2737,Trigonometria,Resolucion de Triangulos Oblicuangulos y Cuadrilateros,,,
2738,Trigonometria,Resolucion de Triangulos Oblicuangulos y Cuadrilateros,,,
2739,Trigonometria,Resolucion de Triangulos Oblicuangulos y Cuadrilateros,,,
2740,Trigonometria,Resolucion de Triangulos Oblicuangulos y Cuadrilateros,,,
2741,Trigonometria,Resolucion de Triangulos Oblicuangulos y Cuadrilateros,,,
2742,Trigonometria,Resolucion de Triangulos Oblicuangulos y Cuadrilateros,,,
2743,Trigonometria,Resolucion de Triangulos Oblicuangulos y Cuadrilateros,,,
2744,Trigonometria,Resolucion de Triangulos Oblicuangulos y Cuadrilateros,,,
2745,Trigonometria,Resolucion de Triangulos Oblicuangulos y Cuadrilateros,,,
2746,Trigonometria,Resolucion de Triangulos Oblicuangulos y Cuadrilateros,,,
2747,Trigonometria,Resolucion de Triangulos Oblicuangulos y Cuadrilateros,,,
2748,Trigonometria,Resolucion de Triangulos Oblicuangulos y Cuadrilateros,,,
2749,Trigonometria,Resolucion de Triangulos Oblicuangulos y Cuadrilateros,,,
2750,Trigonometria,Resolucion de Triangulos Oblicuangulos y Cuadrilateros,,,
2751,Trigonometria,Resolucion de Triangulos Oblicuangulos y Cuadrilateros,,,
2752,Trigonometria,Resolucion de Triangulos Oblicuangulos y Cuadrilateros,,,
2753,Trigonometria,Resolucion de Triangulos Oblicuangulos y Cuadrilateros,,,
2754,Trigonometria,Resolucion de Triangulos Oblicuangulos y Cuadrilateros,,,
2755,Trigonometria,Resolucion de Triangulos Oblicuangulos y Cuadrilateros,,,
2756,Trigonometria,Resolucion de Triangulos Oblicuangulos y Cuadrilateros,,,
2757,Trigonometria,Resolucion de Triangulos Oblicuangulos y Cuadrilateros,,,
2758,Trigonometria,Resolucion de Triangulos Oblicuangulos y Cuadrilateros,,,
2759,Trigonometria,Resolucion de Triangulos Oblicuangulos y Cuadrilateros,,,
2760,Trigonometria,Resolucion de Triangulos Oblicuangulos y Cuadrilateros,,,
2761,Trigonometria,Resolucion de Triangulos Oblicuangulos y Cuadrilateros,,,
2762,Trigonometria,Resolucion de Triangulos Oblicuangulos y Cuadrilateros,,,
2763,Trigonometria,Resolucion de Triangulos Oblicuangulos y Cuadrilateros,,,
2764,Trigonometria,Resolucion de Triangulos Oblicuangulos y Cuadrilateros,,,
2765,Trigonometria,Resolucion de Triangulos Oblicuangulos y Cuadrilateros,,,
2766,Trigonometria,Resolucion de Triangulos Oblicuangulos y Cuadrilateros,,,
2767,Trigonometria,Resolucion de Triangulos Oblicuangulos y Cuadrilateros,,,
2768,Trigonometria,Resolucion de Triangulos Oblicuangulos y Cuadrilateros,,,
2769,Trigonometria,Resolucion de Triangulos Oblicuangulos y Cuadrilateros,,,
2770,Trigonometria,Resolucion de Triangulos Oblicuangulos y Cuadrilateros,,,
2771,Trigonometria,Resolucion de Triangulos Oblicuangulos y Cuadrilateros,,,
2772,Trigonometria,Resolucion de Triangulos Oblicuangulos y Cuadrilateros,,,
2773,Trigonometria,Resolucion de Triangulos Oblicuangulos y Cuadrilateros,,,
2774,Trigonometria,Resolucion de Triangulos Oblicuangulos y Cuadrilateros,,,
2775,Trigonometria,Resolucion de Triangulos Oblicuangulos y Cuadrilateros,,,
2776,Trigonometria,Resolucion de Triangulos Oblicuangulos y Cuadrilateros,,,
2777,Trigonometria,Resolucion de Triangulos Oblicuangulos y Cuadrilateros,,,
2778,Trigonometria,Resolucion de Triangulos Oblicuangulos y Cuadrilateros,,,
2779,Trigonometria,Resolucion de Triangulos Oblicuangulos y Cuadrilateros,,,
2780,Trigonometria,Resolucion de Triangulos Oblicuangulos y Cuadrilateros,,,
2781,Trigonometria,Resolucion de Triangulos Oblicuangulos y Cuadrilateros,,,
2782,Trigonometria,Resolucion de Triangulos Oblicuangulos y Cuadrilateros,,,
2783,Trigonometria,Resolucion de Triangulos Oblicuangulos y Cuadrilateros,,,
2784,Trigonometria,Resolucion de Triangulos Oblicuangulos y Cuadrilateros,,,
2785,Trigonometria,Resolucion de Triangulos Oblicuangulos y Cuadrilateros,,,
2786,Trigonometria,Resolucion de Triangulos Oblicuangulos y Cuadrilateros,,,
2787,Trigonometria,Resolucion de Triangulos Oblicuangulos y Cuadrilateros,,,
2788,Trigonometria,Resolucion de Triangulos Oblicuangulos y Cuadrilateros,,,
2789,Trigonometria,Resolucion de Triangulos Oblicuangulos y Cuadrilateros,,,
2790,Trigonometria,Resolucion de Triangulos Oblicuangulos y Cuadrilateros,,,
2791,Trigonometria,Resolucion de Triangulos Oblicuangulos y Cuadrilateros,,,
2792,Trigonometria,Resolucion de Triangulos Oblicuangulos y Cuadrilateros,,,
2793,Trigonometria,Resolucion de Triangulos Oblicuangulos y Cuadrilateros,,,
2794,Trigonometria,Resolucion de Triangulos Oblicuangulos y Cuadrilateros,,,
2795,Trigonometria,Resolucion de Triangulos Oblicuangulos y Cuadrilateros,,,
2796,Trigonometria,Resolucion de Triangulos Oblicuangulos y Cuadrilateros,,,
2797,Trigonometria,Resolucion de Triangulos Oblicuangulos y Cuadrilateros,,,
2798,Trigonometria,Resolucion de Triangulos Oblicuangulos y Cuadrilateros,,,
2799,Trigonometria,Resolucion de Triangulos Oblicuangulos y Cuadrilateros,,,
2800,Trigonometria,Resolucion de Triangulos Oblicuangulos y Cuadrilateros,,,
2801,Trigonometria,Resolucion de Triangulos Oblicuangulos y Cuadrilateros,,,
2802,Trigonometria,Resolucion de Triangulos Oblicuangulos y Cuadrilateros,,,
2803,Trigonometria,Resolucion de Triangulos Oblicuangulos y Cuadrilateros,,,
2804,Trigonometria,Resolucion de Triangulos Oblicuangulos y Cuadrilateros,,,
2805,Trigonometria,Resolucion de Triangulos Oblicuangulos y Cuadrilateros,,,
2806,Trigonometria,Resolucion de Triangulos Oblicuangulos y Cuadrilateros,,,
2807,Trigonometria,Resolucion de Triangulos Oblicuangulos y Cuadrilateros,,,
2808,Trigonometria,Resolucion de Triangulos Oblicuangulos y Cuadrilateros,,,
2809,Trigonometria,Resolucion de Triangulos Oblicuangulos y Cuadrilateros,,,
2810,Trigonometria,Resolucion de Triangulos Oblicuangulos y Cuadrilateros,,,
2811,Trigonometria,Resolucion de Triangulos Oblicuangulos y Cuadrilateros,,,
2812,Trigonometria,Resolucion de Triangulos Oblicuangulos y Cuadrilateros,,,
2813,Trigonometria,Resolucion de Triangulos Oblicuangulos y Cuadrilateros,,,
2814,Trigonometria,Resolucion de Triangulos Oblicuangulos y Cuadrilateros,,,
2815,Trigonometria,Resolucion de Triangulos Oblicuangulos y Cuadrilateros,,,
2816,Trigonometria,Resolucion de Triangulos Oblicuangulos y Cuadrilateros,,,
2817,Algebra,Conceptos Basicos,,,
2818,Algebra,Conceptos Basicos,,,
2819,Algebra,Conceptos Basicos,,,
2820,Algebra,Conceptos Basicos,,,
2821,Algebra,Conceptos Basicos,,,
2822,Algebra,Conceptos Basicos,,,
2823,Algebra,Conceptos Basicos,,,
2824,Algebra,Conceptos Basicos,,,
2825,Algebra,Conceptos Basicos,,,
2826,Algebra,Conceptos Basicos,,,
2827,Algebra,Conceptos Basicos,,,
2828,Algebra,Conceptos Basicos,,,
2829,Algebra,Conceptos Basicos,,,
2830,Algebra,Conceptos Basicos,,,
2831,Algebra,Conceptos Basicos,,,
2832,Algebra,Conceptos Basicos,,,
2833,Algebra,Conceptos Basicos,,,
2834,Algebra,Conceptos Basicos,,,
2835,Algebra,Conceptos Basicos,,,
2836,Algebra,Conceptos Basicos,,,
2837,Algebra,Teoria de Exponentes,,,
2838,Algebra,Teoria de Exponentes,,,
2839,Algebra,Teoria de Exponentes,,,
2840,Algebra,Teoria de Exponentes,,,
2841,Algebra,Teoria de Exponentes,,,
2842,Algebra,Teoria de Exponentes,,,
2843,Algebra,Teoria de Exponentes,,,
2844,Algebra,Teoria de Exponentes,,,
2845,Algebra,Teoria de Exponentes,,,
2846,Algebra,Teoria de Exponentes,,,
2847,Algebra,Teoria de Exponentes,,,
2848,Algebra,Teoria de Exponentes,,,
2849,Algebra,Teoria de Exponentes,,,
2850,Algebra,Teoria de Exponentes,,,
2851,Algebra,Teoria de Exponentes,,,
2852,Algebra,Teoria de Exponentes,,,
2853,Algebra,Teoria de Exponentes,,,
2854,Algebra,Teoria de Exponentes,,,
2855,Algebra,Teoria de Exponentes,,,
2856,Algebra,Teoria de Exponentes,,,
2857,Algebra,Teoria de Exponentes,,,
2858,Algebra,Teoria de Exponentes,,,
2859,Algebra,Teoria de Exponentes,,,
2860,Algebra,Teoria de Exponentes,,,
2861,Algebra,Teoria de Exponentes,,,
2862,Algebra,Teoria de Exponentes,,,
2863,Algebra,Teoria de Exponentes,,,
2864,Algebra,Teoria de Exponentes,,,
2865,Algebra,Teoria de Exponentes,,,
2866,Algebra,Teoria de Exponentes,,,
2867,Algebra,Teoria de Exponentes,,,
2868,Algebra,Teoria de Exponentes,,,
2869,Algebra,Teoria de Exponentes,,,
2870,Algebra,Teoria de Exponentes,,,
2871,Algebra,Teoria de Exponentes,,,
2872,Algebra,Teoria de Exponentes,,,
2873,Algebra,Teoria de Exponentes,,,
2874,Algebra,Teoria de Exponentes,,,
2875,Algebra,Teoria de Exponentes,,,
2876,Algebra,Teoria de Exponentes,,,
2877,Algebra,Teoria de Exponentes,,,
2878,Algebra,Teoria de Exponentes,,,
2879,Algebra,Teoria de Exponentes,,,
2880,Algebra,Teoria de Exponentes,,,
2881,Algebra,Teoria de Exponentes,,,
2882,Algebra,Teoria de Exponentes,,,
2883,Algebra,Teoria de Exponentes,,,
2884,Algebra,Teoria de Exponentes,,,
2885,Algebra,Teoria de Exponentes,,,
2886,Algebra,Teoria de Exponentes,,,
2887,Algebra,Teoria de Exponentes,,,
2888,Algebra,Teoria de Exponentes,,,
2889,Algebra,Teoria de Exponentes,,,
2890,Algebra,Teoria de Exponentes,,,
2891,Algebra,Teoria de Exponentes,,,
2892,Algebra,Teoria de Exponentes,,,
2893,Algebra,Teoria de Exponentes,,,
2894,Algebra,Teoria de Exponentes,,,
2895,Algebra,Teoria de Exponentes,,,
2896,Algebra,Teoria de Exponentes,,,
2897,Algebra,Teoria de Exponentes,,,
2898,Algebra,Teoria de Exponentes,,,
2899,Algebra,Polinomios,,,
2900,Algebra,Expresiones Algebraicas,,,
2901,Algebra,Polinomios,,,
2902,Algebra,Expresiones Algebraicas,,,
2903,Algebra,Productos Notables,,,
2904,Algebra,Productos Notables,,,
2905,Algebra,Productos Notables,,,
2906,Algebra,Productos Notables,,,
2907,Algebra,Productos Notables,,,
2908,Algebra,Productos Notables,,,
2909,Algebra,Division Algebraica,,,
2910,Algebra,Division Algebraica,,,
2911,Algebra,Division Algebraica,,,
2912,Algebra,Division Algebraica,,,
2913,Algebra,Division Algebraica,,,
2914,Algebra,Factorizacion,,,
2915,Algebra,Factorizacion,,,
2916,Algebra,Factorizacion,,,
2917,Algebra,Factorizacion,,,
2918,Algebra,Radicacion,,,
2919,Algebra,Fracciones Parciales,,,
2920,Algebra,Radicacion,,,
2921,Algebra,Numeros Complejos,,,
2922,Algebra,Numeros Complejos,,,
2923,Algebra,Numeros Complejos,,,
2924,Algebra,Numeros Complejos,,,
2925,Algebra,Numeros Complejos,,,
2926,Algebra,Numeros Complejos,,,
2927,Algebra,Numeros Complejos,,,
2928,Algebra,Ecuaciones Cuadraticas,,,
2929,Algebra,Ecuaciones Cuadraticas,,,
2930,Algebra,Ecuaciones Cuadraticas,,,
2931,Algebra,Ecuaciones de Grado Superior,,,
2932,Algebra,Ecuaciones Cuadraticas,,,
2933,Algebra,Ecuaciones de Grado Superior,,,
2934,Algebra,Ecuaciones de Grado Superior,,,
2935,Algebra,Ecuaciones de Grado Superior,,,
2936,Algebra,Ecuaciones de Grado Superior,,,
2937,Algebra,Ecuaciones de Grado Superior,,,
2938,Algebra,Ecuaciones de Grado Superior,,,
2939,Geometria,Triangulos,,,
2940,Geometria,Triangulos,,,
2941,Geometria,Triangulos,,,
2942,Geometria,Triangulos,,,
2943,Geometria,Triangulos,,,
2944,Geometria,Triangulos,,,
2945,Geometria,Triangulos,,,
2946,Geometria,Triangulos,,,
2947,Geometria,Congruencia de Triangulos,,,
2948,Geometria,Congruencia de Triangulos,,,
2949,Geometria,Congruencia de Triangulos,,,
2950,Geometria,Congruencia de Triangulos,,,
2951,Geometria,Congruencia de Triangulos,,,
2952,Geometria,Congruencia de Triangulos,,,
2953,Geometria,Congruencia de Triangulos,,,
2954,Geometria,Congruencia de Triangulos,,,
2955,Geometria,Congruencia de Triangulos,,,
2956,Geometria,Cuadrilateros,,,
2957,Geometria,Cuadrilateros,,,
2958,Geometria,Cuadrilateros,,,
2959,Geometria,Cuadrilateros,,,
2960,Geometria,Cuadrilateros,,,
2961,Geometria,Cuadrilateros,,,
2962,Geometria,Cuadrilateros,,,
2963,Geometria,Cuadrilateros,,,
2964,Geometria,Cuadrilateros,,,
2965,Geometria,Cuadrilateros,,,
2966,Geometria,Circunferencias,,,
2967,Geometria,Circunferencias,,,
2968,Geometria,Circunferencias,,,
2969,Geometria,Circunferencias,,,
2970,Geometria,Circunferencias,,,
2971,Geometria,Circunferencias,,,
2972,Geometria,Circunferencias,,,
2973,Geometria,Circunferencias,,,
2974,Geometria,Circunferencias,,,
2975,Geometria,Cuadrilatero Inscrito e Inscriptible,,,
2976,Geometria,Cuadrilatero Inscrito e Inscriptible,,,
2977,Geometria,Cuadrilatero Inscrito e Inscriptible,,,
2978,Geometria,Cuadrilatero Inscrito e Inscriptible,,,
2979,Geometria,Cuadrilatero Inscrito e Inscriptible,,,
2980,Geometria,Cuadrilatero Inscrito e Inscriptible,,,
2981,Geometria,Cuadrilatero Inscrito e Inscriptible,,,
2982,Geometria,Cuadrilatero Inscrito e Inscriptible,,,
2983,Algebra,Teoria de Exponentes,,,
2984,Algebra,Teoria de Exponentes,,,
2985,Algebra,Ecuaciones Exponenciales,,,
2986,Algebra,Teoria de Exponentes,,,
2987,Algebra,Radicacion,,,
2988,Algebra,Radicacion,,,
2989,Algebra,Radicacion,,,
2990,Algebra,Radicacion,,,
2991,Algebra,Teoria de Exponentes,,,
2992,Algebra,Teoria de Exponentes,,,
2993,Algebra,Teoria de Exponentes,,,
2994,Algebra,Teoria de Exponentes,,,
2995,Algebra,Ecuaciones Exponenciales,,,
2996,Algebra,Radicacion,,,
2997,Algebra,Teoria de Exponentes,,,
2998,Algebra,Teoria de Exponentes,,,
2999,Algebra,Teoria de Exponentes,,,
3000,Algebra,Teoria de Exponentes,,,
3001,Algebra,Teoria de Exponentes,,,
3002,Algebra,Teoria de Exponentes,,,
3003,Algebra,Teoria de Exponentes,,,
3004,Algebra,Ecuaciones Exponenciales,,,
3005,Algebra,Teoria de Exponentes,,,
3006,Algebra,Ecuaciones Exponenciales,,,
3007,Algebra,Ecuaciones Exponenciales,,,
3008,Algebra,Teoria de Exponentes,,,
3009,Algebra,Ecuaciones Exponenciales,,,
3010,Algebra,Teoria de Exponentes,,,
3011,Algebra,Teoria de Exponentes,,,
3012,Algebra,Teoria de Exponentes,,,
3013,Algebra,Teoria de Exponentes,,,
3014,Algebra,Teoria de Exponentes,,,
3015,Algebra,Teoria de Exponentes,,,
3016,Algebra,Teoria de Exponentes,,,
3017,Algebra,Teoria de Exponentes,,,
3018,Algebra,Teoria de Exponentes,,,
3019,Algebra,Radicacion,,,
3020,Algebra,Radicacion,,,
3021,Algebra,Radicacion,,,
3022,Algebra,Radicacion,,,
3023,Algebra,Teoria de Exponentes,,,
3024,Algebra,Radicacion,,,
3025,Algebra,Teoria de Exponentes,,,
3026,Algebra,Teoria de Exponentes,,,
3027,Algebra,Teoria de Exponentes,,,
3028,Algebra,Teoria de Exponentes,,,
3029,Algebra,Teoria de Exponentes,,,
3030,Algebra,Radicacion,,,
3031,Algebra,Radicacion,,,
3032,Algebra,Radicacion,,,
3033,Algebra,Teoria de Exponentes,,,
3034,Algebra,Teoria de Exponentes,,,
3035,Algebra,Teoria de Exponentes,,,
3036,Algebra,Teoria de Exponentes,,,
3037,Algebra,Teoria de Exponentes,,,
3038,Algebra,Teoria de Exponentes,,,
3039,Algebra,Radicacion,,,
3040,Algebra,Radicacion,,,
3041,Algebra,Radicacion,,,
3042,Algebra,Radicacion,,,
3043,Algebra,Teoria de Exponentes,,,
3044,Algebra,Teoria de Exponentes,,,
3045,Algebra,Teoria de Exponentes,,,
3046,Algebra,Teoria de Exponentes,,,
3047,Algebra,Teoria de Exponentes,,,
3048,Algebra,Teoria de Exponentes,,,
3049,Algebra,Radicacion,,,
3050,Algebra,Radicacion,,,
3051,Algebra,Radicacion,,,
3052,Algebra,Radicacion,,,
3053,Algebra,Teoria de Exponentes,,,
3054,Algebra,Teoria de Exponentes,,,
3055,Algebra,Teoria de Exponentes,,,
3056,Algebra,Teoria de Exponentes,,,
3057,Algebra,Radicacion,,,
3058,Algebra,Radicacion,,,
3059,Algebra,Teoria de Exponentes,,,
3060,Algebra,Operaciones Basicas,,,
3061,Algebra,Operaciones Basicas,,,
3062,Algebra,Teoria de Exponentes,,,
3063,Algebra,Teoria de Exponentes,,,
3064,Algebra,Teoria de Exponentes,,,
3065,Algebra,Operaciones Basicas,,,
3066,Algebra,Teoria de Exponentes,,,
3067,Algebra,Teoria de Exponentes,,,
3068,Algebra,Teoria de Exponentes,,,
3069,Algebra,Teoria de Exponentes,,,
3070,Algebra,Teoria de Exponentes,,,
3071,Algebra,Operaciones Basicas,,,
3072,Algebra,Teoria de Exponentes,,,
3073,Algebra,Teoria de Exponentes,,,
3074,Algebra,Teoria de Exponentes,,,
3075,Algebra,Teoria de Exponentes,,,
3076,Algebra,Teoria de Exponentes,,,
3077,Algebra,Radicacion,,,
3078,Algebra,Radicacion,,,
3079,Algebra,Radicacion,,,
3080,Algebra,Radicacion,,,
3081,Algebra,Radicacion,,,
3082,Algebra,Radicacion,,,
3083,Algebra,Radicacion,,,
3084,Algebra,Radicacion,,,
3085,Algebra,Radicacion,,,
3086,Algebra,Radicacion,,,
3087,Algebra,Radicacion,,,
3088,Algebra,Radicacion,,,
3089,Algebra,Radicacion,,,
3090,Algebra,Radicacion,,,
3091,Algebra,Radicacion,,,
3092,Algebra,Radicacion,,,
3093,Algebra,Radicacion,,,
3094,Algebra,Radicacion,,,
3095,Algebra,Radicacion,,,
3096,Algebra,Productos Notables,,,
3097,Algebra,Productos Notables,,,
3098,Algebra,Productos Notables,,,
3099,Algebra,Productos Notables,,,
3100,Algebra,Productos Notables,,,
3101,Algebra,Productos Notables,,,
3102,Algebra,Productos Notables,,,
3103,Algebra,Productos Notables,,,
3104,Algebra,Productos Notables,,,
3105,Algebra,Productos Notables,,,
3106,Algebra,Productos Notables,,,
3107,Algebra,Productos Notables,,,
3108,Algebra,Productos Notables,,,
3109,Algebra,Productos Notables,,,
3110,Algebra,Productos Notables,,,
3111,Algebra,Productos Notables,,,
3112,Algebra,Productos Notables,,,
3113,Algebra,Productos Notables,,,
3114,Algebra,Productos Notables,,,
3115,Algebra,Productos Notables,,,
3116,Algebra,Productos Notables,,,
3117,Algebra,Productos Notables,,,
3118,Algebra,Productos Notables,,,
3119,Algebra,Productos Notables,,,
3120,Algebra,Productos Notables,,,
3121,Algebra,Productos Notables,,,
3122,Algebra,Productos Notables,,,
3123,Algebra,Productos Notables,,,
3124,Algebra,Productos Notables,,,
3125,Algebra,Productos Notables,,,
3126,Algebra,Productos Notables,,,
3127,Algebra,Productos Notables,,,
3128,Algebra,Productos Notables,,,
3129,Algebra,Productos Notables,,,
3130,Algebra,Productos Notables,,,
3131,Algebra,Productos Notables,,,
3132,Algebra,Polinomios,,,
3133,Algebra,Polinomios,,,
3134,Algebra,Polinomios,,,
3135,Algebra,Polinomios,,,
3136,Algebra,Polinomios,,,
3137,Algebra,Polinomios,,,
3138,Algebra,Polinomios,,,
3139,Algebra,Polinomios,,,
3140,Algebra,Polinomios,,,
3141,Algebra,Polinomios,,,
3142,Algebra,Polinomios,,,
3143,Algebra,Polinomios,,,
3144,Algebra,Polinomios,,,
3145,Algebra,Polinomios,,,
3146,Algebra,Polinomios,,,
3147,Algebra,Polinomios,,,
3148,Algebra,Polinomios,,,
3149,Algebra,Polinomios,,,
3150,Algebra,Teoria de Exponentes,,,
3151,Algebra,Teoria de Exponentes,,,
3152,Algebra,Teoria de Exponentes,,,
3153,Algebra,Teoria de Exponentes,,,
3154,Algebra,Teoria de Exponentes,,,
3155,Algebra,Teoria de Exponentes,,,
3156,Algebra,Teoria de Exponentes,,,
3157,Algebra,Teoria de Exponentes,,,
3158,Algebra,Teoria de Exponentes,,,
3159,Algebra,Teoria de Exponentes,,,
3160,Algebra,Teoria de Exponentes,,,
3161,Algebra,Teoria de Exponentes,,,
3162,Algebra,Teoria de Exponentes,,,
3163,Algebra,Teoria de Exponentes,,,
3164,Algebra,Teoria de Exponentes,,,
3165,Algebra,Teoria de Exponentes,,,
3166,Algebra,Teoria de Exponentes,,,
3167,Algebra,Teoria de Exponentes,,,
3168,Algebra,Teoria de Exponentes,,,
3169,Algebra,Teoria de Exponentes,,,
3170,Algebra,Teoria de Exponentes,,,
3171,Algebra,Teoria de Exponentes,,,
3172,Algebra,Teoria de Exponentes,,,
3173,Algebra,Teoria de Exponentes,,,
3174,Algebra,Teoria de Exponentes,,,
3175,Algebra,Teoria de Exponentes,,,
3176,Algebra,Teoria de Exponentes,,,
3177,Algebra,Teoria de Exponentes,,,
3178,Algebra,Teoria de Exponentes,,,
3179,Algebra,Teoria de Exponentes,,,
3180,Algebra,Teoria de Exponentes,,,
3181,Algebra,Teoria de Exponentes,,,
3182,Algebra,Teoria de Exponentes,,,
3183,Algebra,Teoria de Exponentes,,,
3184,Algebra,Teoria de Exponentes,,,
3185,Algebra,Teoria de Exponentes,,,
3186,Algebra,Teoria de Exponentes,,,
3187,Algebra,Teoria de Exponentes,,,
3188,Algebra,Teoria de Exponentes,,,
3189,Algebra,Teoria de Exponentes,,,
3190,Algebra,Teoria de Exponentes,,,
3191,Algebra,Teoria de Exponentes,,,
3192,Algebra,Teoria de Exponentes,,,
3193,Algebra,Teoria de Exponentes,,,
3194,Algebra,Teoria de Exponentes,,,
3195,Algebra,Teoria de Exponentes,,,
3196,Algebra,Teoria de Exponentes,,,
3197,Algebra,Teoria de Exponentes,,,
3198,Algebra,Teoria de Exponentes,,,
3199,Algebra,Teoria de Exponentes,,,
3200,Algebra,Teoria de Exponentes,,,
3201,Algebra,Teoria de Exponentes,,,
3202,Algebra,Teoria de Exponentes,,,
3203,Algebra,Teoria de Exponentes,,,
3204,Algebra,Teoria de Exponentes,,,
3205,Algebra,Teoria de Exponentes,,,
3206,Algebra,Teoria de Exponentes,,,
3207,Algebra,Teoria de Exponentes,,,
3208,Algebra,Teoria de Exponentes,,,
3209,Algebra,Teoria de Exponentes,,,
3210,Algebra,Teoria de Exponentes,,,
3211,Algebra,Teoria de Exponentes,,,
3212,Algebra,Teoria de Exponentes,,,
3213,Algebra,Teoria de Exponentes,,,
3214,Algebra,Teoria de Exponentes,,,
3215,Algebra,Teoria de Exponentes,,,
3216,Algebra,Teoria de Exponentes,,,
3217,Algebra,Teoria de Exponentes,,,
3218,Algebra,Teoria de Exponentes,,,
3219,Algebra,Teoria de Exponentes,,,
3220,Algebra,Teoria de Exponentes,,,
3221,Algebra,Teoria de Exponentes,,,
3222,Algebra,Teoria de Exponentes,,,
3223,Algebra,Teoria de Exponentes,,,
3224,Algebra,Teoria de Exponentes,,,
3225,Algebra,Teoria de Exponentes,,,
3226,Algebra,Teoria de Exponentes,,,
3227,Algebra,Teoria de Exponentes,,,
3228,Algebra,Teoria de Exponentes,,,
3229,Algebra,Teoria de Exponentes,,,
3230,Algebra,Teoria de Exponentes,,,
3231,Algebra,Teoria de Exponentes,,,
3232,Algebra,Teoria de Exponentes,,,
3233,Algebra,Teoria de Exponentes,,,
3234,Algebra,Teoria de Exponentes,,,
3235,Algebra,Teoria de Exponentes,,,
3236,Algebra,Teoria de Exponentes,,,
3237,Algebra,Teoria de Exponentes,,,
3238,Algebra,Teoria de Exponentes,,,
3239,Algebra,Teoria de Exponentes,,,
3240,Algebra,Teoria de Exponentes,,,
3241,Algebra,Teoria de Exponentes,,,
3242,Algebra,Teoria de Exponentes,,,
3243,Algebra,Teoria de Exponentes,,,
3244,Algebra,Teoria de Exponentes,,,
3245,Algebra,Teoria de Exponentes,,,
3246,Algebra,Teoria de Exponentes,,,
3247,Algebra,Teoria de Exponentes,,,
3248,Algebra,Teoria de Exponentes,,,
3249,Algebra,Teoria de Exponentes,,,
3250,Algebra,Teoria de Exponentes,,,
3251,Algebra,Teoria de Exponentes,,,
3252,Algebra,Teoria de Exponentes,,,
3253,Algebra,Teoria de Exponentes,,,
3254,Algebra,Teoria de Exponentes,,,
3255,Algebra,Teoria de Exponentes,,,
3256,Algebra,Teoria de Exponentes,,,
3257,Algebra,Radicacion,,,
3258,Algebra,Radicacion,,,
3259,Algebra,Radicacion,,,
3260,Algebra,Radicacion,,,
3261,Algebra,Radicacion,,,
3262,Algebra,Radicacion,,,
3263,Algebra,Radicacion,,,
3264,Algebra,Radicacion,,,
3265,Algebra,Radicacion,,,
3266,Algebra,Radicacion,,,
3267,Algebra,Radicacion,,,
3268,Algebra,Radicacion,,,
3269,Algebra,Radicacion,,,
3270,Algebra,Radicacion,,,
3271,Algebra,Radicacion,,,
3272,Algebra,Radicacion,,,
3273,Algebra,Radicacion,,,
3274,Algebra,Radicacion,,,
3275,Algebra,Radicacion,,,
3276,Algebra,Radicacion,,,
3277,Algebra,Radicacion,,,
3278,Algebra,Radicacion,,,
3279,Algebra,Radicacion,,,
3280,Algebra,Radicacion,,,
3281,Algebra,Radicacion,,,
3282,Algebra,Radicacion,,,
3283,Algebra,Radicacion,,,
3284,Algebra,Radicacion,,,
3285,Algebra,Radicacion,,,
3286,Algebra,Radicacion,,,
3287,Algebra,Radicacion,,,
3288,Algebra,Radicacion,,,
3289,Algebra,Radicacion,,,
3290,Algebra,Radicacion,,,
3291,Algebra,Radicacion,,,
3292,Algebra,Radicacion,,,
3293,Algebra,Radicacion,,,
3294,Algebra,Radicacion,,,
3295,Algebra,Radicacion,,,
3296,Algebra,Radicacion,,,
3297,Algebra,Radicacion,,,
3298,Algebra,Radicacion,,,
3299,Algebra,Radicacion,,,
3300,Algebra,Radicacion,,,
3301,Algebra,Radicacion,,,
3302,Algebra,Radicacion,,,
3303,Algebra,Radicacion,,,
3304,Algebra,Radicacion,,,
3305,Algebra,Radicacion,,,
3306,Algebra,Radicacion,,,
3307,Algebra,Radicacion,,,
3308,Algebra,Radicacion,,,
3309,Algebra,Radicacion,,,
3310,Algebra,Radicacion,,,
3311,Algebra,Radicacion,,,
3312,Algebra,Radicacion,,,
3313,Algebra,Radicacion,,,
3314,Algebra,Radicacion,,,
3315,Algebra,Radicacion,,,
3316,Algebra,Radicacion,,,
3317,Algebra,Radicacion,,,
3318,Algebra,Radicacion,,,
3319,Algebra,Radicacion,,,
3320,Algebra,Radicacion,,,
3321,Algebra,Radicacion,,,
3322,Algebra,Radicacion,,,
3323,Algebra,Radicacion,,,
3324,Algebra,Radicacion,,,
3325,Algebra,Radicacion,,,
3326,Algebra,Radicacion,,,
3327,Algebra,Radicacion,,,
3328,Algebra,Radicacion,,,
3329,Algebra,Teoria de Exponentes,,,
3330,Algebra,Radicacion,,,
3331,Algebra,Radicacion,,,
3332,Algebra,Teoria de Exponentes,,,
3333,Algebra,Radicacion,,,
3334,Algebra,Radicacion,,,
3335,Algebra,Radicacion,,,
3336,Algebra,Radicacion,,,
3337,Algebra,Radicacion,,,
3338,Algebra,Radicacion,,,
3339,Algebra,Radicacion,,,
3340,Algebra,Radicacion,,,
3341,Algebra,Radicacion,,,
3342,Algebra,Radicacion,,,
3343,Algebra,Radicacion,,,
3344,Algebra,Radicacion,,,
3345,Algebra,Radicacion,,,
3346,Algebra,Radicacion,,,
3347,Algebra,Radicacion,,,
3348,Algebra,Radicacion,,,
3349,Algebra,Radicacion,,,
3350,Algebra,Radicacion,,,
3351,Algebra,Radicacion,,,
3352,Algebra,Radicacion,,,
3353,Algebra,Radicacion,,,
3354,Algebra,Radicacion,,,
3355,Algebra,Ecuaciones Exponenciales,,,
3356,Algebra,Ecuaciones Exponenciales,,,
3357,Algebra,Radicacion,,,
3358,Algebra,Radicacion,,,
3359,Algebra,Ecuaciones Exponenciales,,,
3360,Algebra,Radicacion,,,
3361,Algebra,Teoria de Exponentes,,,
3362,Algebra,Ecuaciones Exponenciales,,,
3363,Algebra,Ecuaciones Exponenciales,,,
3364,Algebra,Radicacion,,,
3365,Algebra,Ecuaciones Exponenciales,,,
3366,Algebra,Radicacion,,,
3367,Algebra,Ecuaciones Exponenciales,,,
3368,Algebra,Radicacion,,,
3369,Algebra,Radicacion,,,
3370,Algebra,Ecuaciones Exponenciales,,,
3371,Algebra,Ecuaciones Exponenciales,,,
3372,Algebra,Ecuaciones Exponenciales,,,
3373,Algebra,Radicacion,,,
3374,Algebra,Radicacion,,,
3375,Algebra,Radicacion,,,
3377,Algebra,Radicacion,,,
3378,Algebra,Radicacion,,,
3379,Algebra,Radicacion,,,
3380,Algebra,Ecuaciones Exponenciales,,,
3381,Algebra,Radicacion,,,
3382,Algebra,Teoria de Exponentes,,,
3383,Algebra,Teoria de Exponentes,,,
3384,Algebra,Radicacion,,,
3385,Algebra,Radicacion,,,
3386,Algebra,Radicacion,,,
3387,Algebra,Radicacion,,,
3388,Algebra,Radicacion,,,
3389,Algebra,Radicacion,,,
3390,Algebra,Radicacion,,,
3391,Algebra,Teoria de Exponentes,,,
3392,Algebra,Teoria de Exponentes,,,
3393,Algebra,Teoria de Exponentes,,,
3394,Algebra,Teoria de Exponentes,,,
3395,Algebra,Teoria de Exponentes,,,
3396,Algebra,Teoria de Exponentes,,,
3397,Algebra,Teoria de Exponentes,,,
3398,Algebra,Teoria de Exponentes,,,
3399,Algebra,Teoria de Exponentes,,,
3400,Algebra,Teoria de Exponentes,,,
3401,Algebra,Teoria de Exponentes,,,
3402,Algebra,Teoria de Exponentes,,,
3403,Algebra,Teoria de Exponentes,,,
3404,Algebra,Radicacion,,,
3405,Algebra,Radicacion,,,
3406,Algebra,Radicacion,,,
3407,Algebra,Radicacion,,,
3408,Algebra,Radicacion,,,
3409,Algebra,Radicacion,,,
3410,Algebra,Radicacion,,,
3411,Algebra,Teoria de Exponentes,,,
3412,Algebra,Teoria de Exponentes,,,
3413,Algebra,Teoria de Exponentes,,,
3414,Algebra,Teoria de Exponentes,,,
3415,Algebra,Teoria de Exponentes,,,
3416,Algebra,Teoria de Exponentes,,,
3417,Algebra,Teoria de Exponentes,,,
3418,Algebra,Teoria de Exponentes,,,
3419,Algebra,Teoria de Exponentes,,,
3420,Algebra,Teoria de Exponentes,,,
3421,Algebra,Teoria de Exponentes,,,
3422,Algebra,Teoria de Exponentes,,,
3423,Algebra,Teoria de Exponentes,,,
3424,Algebra,Radicacion,,,
3425,Algebra,Radicacion,,,
3426,Algebra,Radicacion,,,
3427,Algebra,Radicacion,,,
3428,Algebra,Radicacion,,,
3429,Algebra,Radicacion,,,
3430,Algebra,Radicacion,,,
3431,Algebra,Teoria de Exponentes,,,
3432,Algebra,Teoria de Exponentes,,,
3433,Algebra,Teoria de Exponentes,,,
3434,Algebra,Teoria de Exponentes,,,
3435,Algebra,Radicacion,,,
3436,Algebra,Teoria de Exponentes,,,
3437,Algebra,Teoria de Exponentes,,,
3438,Algebra,Radicacion,,,
3439,Algebra,Teoria de Exponentes,,,
3440,Algebra,Teoria de Exponentes,,,
3441,Algebra,Teoria de Exponentes,,,
3442,Algebra,Radicacion,,,
3443,Algebra,Radicacion,,,
3444,Algebra,Radicacion,,,
3445,Algebra,Radicacion,,,
3446,Algebra,Teoria de Exponentes,,,
3447,Algebra,Radicacion,,,
3448,Algebra,Teoria de Exponentes,,,
3449,Algebra,Teoria de Exponentes,,,
3450,Algebra,Teoria de Exponentes,,,
3451,Algebra,Radicacion,,,
3452,Algebra,Teoria de Exponentes,,,
3453,Algebra,Teoria de Exponentes,,,
3454,Algebra,Radicacion,,,
3455,Algebra,Radicacion,,,
3505,Algebra,Teoria de Exponentes,,,
3506,Algebra,Teoria de Exponentes,,,
3507,Algebra,Teoria de Exponentes,,,
3508,Algebra,Teoria de Exponentes,,,
3509,Algebra,Teoria de Exponentes,,,
3510,Algebra,Teoria de Exponentes,,,
3511,Algebra,Radicacion,,,
3512,Algebra,Radicacion,,,
3513,Algebra,Teoria de Exponentes,,,
3514,Algebra,Teoria de Exponentes,,,
3515,Algebra,Teoria de Exponentes,,,
3516,Algebra,Teoria de Exponentes,,,
3517,Algebra,Teoria de Exponentes,,,
3518,Algebra,Teoria de Exponentes,,,
3519,Algebra,Teoria de Exponentes,,,
3520,Algebra,Teoria de Exponentes,,,
3521,Algebra,Teoria de Exponentes,,,
3522,Algebra,Teoria de Exponentes,,,
3523,Algebra,Teoria de Exponentes,,,
3524,Algebra,Teoria de Exponentes,,,
3525,Algebra,Teoria de Exponentes,,,
3526,Algebra,Teoria de Exponentes,,,
3527,Algebra,Teoria de Exponentes,,,
3528,Algebra,Radicacion,,,
3529,Algebra,Teoria de Exponentes,,,
3530,Algebra,Teoria de Exponentes,,,
3531,Algebra,Teoria de Exponentes,,,
3532,Algebra,Teoria de Exponentes,,,
3533,Algebra,Teoria de Exponentes,,,
3534,Algebra,Teoria de Exponentes,,,
3535,Algebra,Radicacion,,,
3536,Algebra,Teoria de Exponentes,,,
3537,Algebra,Radicacion,,,
3538,Algebra,Radicacion,,,
3539,Algebra,Radicacion,,,
3540,Algebra,Teoria de Exponentes,,,
3541,Algebra,Teoria de Exponentes,,,
3542,Algebra,Teoria de Exponentes,,,
3543,Algebra,Radicacion,,,
3544,Algebra,Teoria de Exponentes,,,
3545,Algebra,Teoria de Exponentes,,,
3546,Algebra,Teoria de Exponentes,,,
3547,Algebra,Teoria de Exponentes,,,
3548,Algebra,Teoria de Exponentes,,,
3549,Algebra,Teoria de Exponentes,,,
3550,Algebra,Teoria de Exponentes,,,
3551,Algebra,Teoria de Exponentes,,,
3552,Algebra,Teoria de Exponentes,,,
3553,Algebra,Teoria de Exponentes,,,
3554,Algebra,Radicacion,,,
3555,Algebra,Radicacion,,,
3556,Algebra,Radicacion,,,
3557,Algebra,Radicacion,,,
3558,Algebra,Teoria de Exponentes,,,
3559,Algebra,Teoria de Exponentes,,,
3560,Algebra,Radicacion,,,
3561,Algebra,Radicacion,,,
3562,Algebra,Radicacion,,,
3563,Algebra,Radicacion,,,
3564,Algebra,Radicacion,,,
3565,Algebra,Radicacion,,,
3566,Algebra,Radicacion,,,
3567,Algebra,Radicacion,,,
3568,Algebra,Radicacion,,,
3569,Algebra,Radicacion,,,
3570,Algebra,Radicacion,,,
3571,Algebra,Radicacion,,,
3572,Algebra,Radicacion,,,
3573,Algebra,Radicacion,,,
3574,Algebra,Radicacion,,,
3575,Algebra,Radicacion,,,
3576,Algebra,Radicacion,,,
3577,Algebra,Radicacion,,,
3578,Algebra,Radicacion,,,
3579,Algebra,Radicacion,,,
3580,Algebra,Radicacion,,,
3581,Algebra,Radicacion,,,
3582,Algebra,Radicacion,,,
3583,Algebra,Radicacion,,,
3584,Algebra,Radicacion,,,
3585,Algebra,Radicacion,,,
3586,Algebra,Radicacion,,,
3587,Algebra,Radicacion,,,
3588,Algebra,Radicacion,,,
3589,Algebra,Radicacion,,,
3590,Algebra,Radicacion,,,
3591,Algebra,Radicacion,,,
3592,Algebra,Radicacion,,,
3593,Algebra,Radicacion,,,
3594,Algebra,Radicacion,,,
3595,Algebra,Radicacion,,,
3596,Algebra,Radicacion,,,
3597,Algebra,Radicacion,,,
3598,Algebra,Radicacion,,,
3599,Algebra,Radicacion,,,
3600,Algebra,Radicacion,,,
3601,Algebra,Radicacion,,,
3602,Algebra,Radicacion,,,
3603,Algebra,Radicacion,,,
3604,Algebra,Radicacion,,,
3605,Algebra,Radicacion,,,
3606,Algebra,Radicacion,,,
3607,Algebra,Radicacion,,,
3608,Algebra,Radicacion,,,
3609,Algebra,Radicacion,,,
3610,Algebra,Radicacion,,,
3611,Algebra,Radicacion,,,
3612,Algebra,Radicacion,,,
3613,Algebra,Radicacion,,,
3614,Algebra,Radicacion,,,
3615,Algebra,Expresiones Algebraicas,,,
3616,Algebra,Expresiones Algebraicas,,,
3617,Algebra,Expresiones Algebraicas,,,
3618,Algebra,Expresiones Algebraicas,,,
3619,Algebra,Expresiones Algebraicas,,,
3620,Algebra,Expresiones Algebraicas,,,
3621,Algebra,Expresiones Algebraicas,,,
3622,Algebra,Expresiones Algebraicas,,,
3623,Algebra,Expresiones Algebraicas,,,
3624,Algebra,Expresiones Algebraicas,,,
3625,Algebra,Expresiones Algebraicas,,,
3626,Algebra,Expresiones Algebraicas,,,
3627,Algebra,Expresiones Algebraicas,,,
3628,Algebra,Expresiones Algebraicas,,,
3629,Algebra,Teoria de Grados,,,
3630,Algebra,Teoria de Grados,,,
3631,Algebra,Teoria de Grados,,,
3632,Algebra,Teoria de Grados,,,
3633,Algebra,Teoria de Grados,,,
3634,Algebra,Teoria de Grados,,,
3635,Algebra,Teoria de Grados,,,
3636,Algebra,Teoria de Grados,,,
3637,Algebra,Teoria de Grados,,,
3638,Algebra,Teoria de Grados,,,
3639,Algebra,Teoria de Grados,,,
3640,Algebra,Teoria de Grados,,,
3641,Algebra,Teoria de Grados,,,
3642,Algebra,Teoria de Grados,,,
3643,Algebra,Teoria de Grados,,,
3644,Algebra,Teoria de Grados,,,
3645,Algebra,Teoria de Grados,,,
3646,Algebra,Teoria de Grados,,,
3647,Algebra,Teoria de Grados,,,
3648,Algebra,Teoria de Grados,,,
3649,Algebra,Teoria de Grados,,,
3650,Algebra,Teoria de Grados,,,
3651,Algebra,Teoria de Grados,,,
3652,Algebra,Teoria de Grados,,,
3653,Algebra,Teoria de Grados,,,
3654,Algebra,Teoria de Grados,,,
3655,Algebra,Teoria de Grados,,,
3656,Algebra,Teoria de Grados,,,
3657,Algebra,Expresiones Algebraicas,,,
3658,Algebra,Expresiones Algebraicas,,,
3659,Algebra,Teoria de Grados,,,
3660,Algebra,Teoria de Grados,,,
3661,Algebra,Expresiones Algebraicas,,,
3662,Algebra,Expresiones Algebraicas,,,
3663,Algebra,Expresiones Algebraicas,,,
3664,Algebra,Teoria de Grados,,,
3665,Algebra,Teoria de Grados,,,
3666,Algebra,Teoria de Grados,,,
3667,Algebra,Teoria de Grados,,,
3668,Algebra,Teoria de Grados,,,
3669,Algebra,Teoria de Grados,,,
3670,Algebra,Teoria de Grados,,,
3671,Algebra,Polinomios Especiales,,,
3672,Algebra,Polinomios Especiales,,,
3673,Algebra,Polinomios Especiales,,,
3674,Algebra,Polinomios Especiales,,,
3675,Algebra,Polinomios Especiales,,,
3676,Algebra,Polinomios Especiales,,,
3677,Algebra,Polinomios Especiales,,,
3678,Algebra,Polinomios Especiales,,,
3679,Algebra,Polinomios Especiales,,,
3680,Algebra,Polinomios Especiales,,,
3681,Algebra,Polinomios Especiales,,,
3682,Algebra,Polinomios Especiales,,,
3683,Algebra,Polinomios Especiales,,,
3684,Algebra,Polinomios Especiales,,,
3685,Algebra,Polinomios Especiales,,,
3686,Algebra,Polinomios Especiales,,,
3687,Algebra,Polinomios Especiales,,,
3688,Algebra,Polinomios Especiales,,,
3689,Algebra,Polinomios Especiales,,,
3690,Algebra,Polinomios Especiales,,,
3691,Algebra,Polinomios Especiales,,,
3692,Algebra,Polinomios Especiales,,,
3693,Algebra,Polinomios Especiales,,,
3694,Algebra,Polinomios Especiales,,,
3695,Algebra,Polinomios Especiales,,,
3696,Algebra,Polinomios Especiales,,,
3697,Algebra,Polinomios Especiales,,,
3698,Algebra,Polinomios Especiales,,,
3699,Algebra,Polinomios Especiales,,,
3700,Algebra,Polinomios Especiales,,,
3701,Algebra,Polinomios Especiales,,,
3702,Algebra,Polinomios Especiales,,,
3703,Algebra,Polinomios Especiales,,,
3704,Algebra,Polinomios Especiales,,,
3705,Algebra,Polinomios Especiales,,,
3706,Algebra,Polinomios Especiales,,,
3707,Algebra,Polinomios Especiales,,,
3708,Algebra,Polinomios Especiales,,,
3709,Algebra,Polinomios Especiales,,,
3710,Algebra,Polinomios Especiales,,,
3711,Algebra,Polinomios Especiales,,,
3712,Algebra,Polinomios Especiales,,,
3713,Algebra,Polinomios Especiales,,,
3714,Algebra,Polinomios Especiales,,,
3715,Algebra,Polinomios Especiales,,,
3716,Algebra,Polinomios Especiales,,,
3717,Algebra,Polinomios Especiales,,,
3720,Algebra,Polinomios Especiales,,,
3721,Algebra,Polinomios Especiales,,,
3722,Algebra,Polinomios Especiales,,,
3723,Algebra,Polinomios,,,
3724,Algebra,Polinomios,,,
3725,Algebra,Polinomios,,,
3726,Algebra,Polinomios,,,
3727,Algebra,Polinomios,,,
3728,Algebra,Polinomios,,,
3729,Algebra,Polinomios,,,
3730,Algebra,Polinomios,,,
3731,Algebra,Polinomios,,,
3732,Algebra,Polinomios,,,
3733,Algebra,Polinomios,,,
3734,Algebra,Polinomios,,,
3735,Algebra,Polinomios,,,
3736,Algebra,Polinomios,,,
3737,Algebra,Polinomios,,,
3738,Algebra,Polinomios,,,
3739,Algebra,Polinomios,,,
3740,Algebra,Polinomios,,,
3741,Algebra,Polinomios,,,
3742,Algebra,Polinomios,,,
3743,Algebra,Polinomios,,,
3744,Algebra,Polinomios,,,
3745,Algebra,Polinomios,,,
3746,Algebra,Polinomios,,,
3747,Algebra,Polinomios,,,
3748,Algebra,Polinomios,,,
3749,Algebra,Polinomios,,,
3750,Algebra,Polinomios,,,
3751,Algebra,Polinomios,,,
3752,Algebra,Polinomios,,,
3753,Algebra,Polinomios,,,
3754,Algebra,Polinomios,,,
3755,Algebra,Polinomios,,,
3756,Algebra,Polinomios,,,
3757,Algebra,Polinomios,,,
3758,Algebra,Polinomios,,,
3759,Algebra,Polinomios,,,
3760,Algebra,Polinomios,,,
3761,Algebra,Polinomios,,,
3762,Algebra,Polinomios,,,
3763,Algebra,Polinomios,,,
3764,Algebra,Polinomios,,,
3765,Algebra,Polinomios,,,
3766,Algebra,Polinomios,,,
3767,Algebra,Polinomios,,,
3768,Algebra,Polinomios,,,
3769,Algebra,Polinomios,,,
3770,Algebra,Polinomios,,,
3771,Algebra,Polinomios,,,
3772,Algebra,Polinomios,,,
3773,Algebra,Polinomios,,,
3774,Algebra,Polinomios,,,
3775,Algebra,Polinomios,,,
3776,Algebra,Polinomios,,,
3777,Algebra,Polinomios,,,
3778,Algebra,Polinomios,,,
3779,Algebra,Polinomios,,,
3780,Algebra,Polinomios,,,
3781,Algebra,Polinomios,,,
3782,Algebra,Polinomios,,,
3783,Algebra,Polinomios,,,
3784,Algebra,Polinomios,,,
3785,Algebra,Polinomios,,,
3786,Algebra,Polinomios,,,
3787,Algebra,Polinomios,,,
3788,Algebra,Productos Notables,,,
3789,Algebra,Productos Notables,,,
3790,Algebra,Productos Notables,,,
3791,Algebra,Productos Notables,,,
3792,Algebra,Productos Notables,,,
3793,Algebra,Productos Notables,,,
3794,Algebra,Productos Notables,,,
3795,Algebra,Productos Notables,,,
3796,Algebra,Productos Notables,,,
3797,Algebra,Productos Notables,,,
3798,Algebra,Productos Notables,,,
3799,Algebra,Productos Notables,,,
3800,Algebra,Productos Notables,,,
3801,Algebra,Productos Notables,,,
3802,Algebra,Productos Notables,,,
3803,Algebra,Productos Notables,,,
3804,Algebra,Productos Notables,,,
3805,Algebra,Productos Notables,,,
3806,Algebra,Productos Notables,,,
3807,Algebra,Productos Notables,,,
3808,Algebra,Productos Notables,,,
3809,Algebra,Productos Notables,,,
3810,Algebra,Productos Notables,,,
3811,Algebra,Productos Notables,,,
3812,Algebra,Productos Notables,,,
3813,Algebra,Productos Notables,,,
3814,Algebra,Productos Notables,,,
3815,Algebra,Productos Notables,,,
3816,Algebra,Productos Notables,,,
3817,Algebra,Productos Notables,,,
3818,Algebra,Productos Notables,,,
3819,Algebra,Productos Notables,,,
3820,Algebra,Productos Notables,,,
3821,Algebra,Productos Notables,,,
3822,Algebra,Productos Notables,,,
3823,Algebra,Productos Notables,,,
3824,Algebra,Productos Notables,,,
3825,Algebra,Productos Notables,,,
3826,Algebra,Productos Notables,,,
3827,Algebra,Productos Notables,,,
3828,Algebra,Productos Notables,,,
3829,Algebra,Productos Notables,,,
3830,Algebra,Productos Notables,,,
3831,Algebra,Productos Notables,,,
3832,Algebra,Productos Notables,,,
3833,Algebra,Productos Notables,,,
3834,Algebra,Productos Notables,,,
3835,Algebra,Productos Notables,,,
3836,Algebra,Productos Notables,,,
3837,Algebra,Productos Notables,,,
3838,Algebra,Productos Notables,,,
3839,Algebra,Productos Notables,,,
3840,Algebra,Productos Notables,,,
3841,Algebra,Productos Notables,,,
3842,Algebra,Productos Notables,,,
3843,Algebra,Division Algebraica,,,
3844,Algebra,Division Algebraica,,,
3845,Algebra,Division Algebraica,,,
3846,Algebra,Division Algebraica,,,
3847,Algebra,Division Algebraica,,,
3848,Algebra,Division Algebraica,,,
3849,Algebra,Division Algebraica,,,
3850,Algebra,Division Algebraica,,,
3851,Algebra,Division Algebraica,,,
3852,Algebra,Division Algebraica,,,
3853,Algebra,Division Algebraica,,,
3854,Algebra,Division Algebraica,,,
3855,Algebra,Division Algebraica,,,
3856,Algebra,Division Algebraica,,,
3857,Algebra,Division Algebraica,,,
3858,Algebra,Division Algebraica,,,
3859,Algebra,Division Algebraica,,,
3860,Algebra,Division Algebraica,,,
3861,Algebra,Division Algebraica,,,
3862,Algebra,Division Algebraica,,,
3863,Algebra,Division Algebraica,,,
3864,Algebra,Division Algebraica,,,
3865,Algebra,Division Algebraica,,,
3866,Algebra,Division Algebraica,,,
3867,Algebra,Division Algebraica,,,
3868,Algebra,Division Algebraica,,,
3869,Algebra,Division Algebraica,,,
3870,Algebra,Division Algebraica,,,
3871,Algebra,Division Algebraica,,,
3872,Algebra,Division Algebraica,,,
3873,Algebra,Division Algebraica,,,
3874,Algebra,Division Algebraica,,,
3875,Algebra,Division Algebraica,,,
3876,Algebra,Division Algebraica,,,
3877,Algebra,Division Algebraica,,,
3878,Algebra,Division Algebraica,,,
3879,Algebra,Division Algebraica,,,
3880,Algebra,Division Algebraica,,,
3881,Algebra,Division Algebraica,,,
3882,Algebra,Division Algebraica,,,
3883,Algebra,Division Algebraica,,,
3884,Algebra,Division Algebraica,,,
3885,Algebra,Division Algebraica,,,
3886,Algebra,Division Algebraica,,,
3887,Algebra,Division Algebraica,,,
3888,Algebra,Division Algebraica,,,
3889,Algebra,Division Algebraica,,,
3890,Algebra,Division Algebraica,,,
3891,Algebra,Division Algebraica,,,
3893,Algebra,Division Algebraica,,,
3894,Algebra,Cocientes Notables,,,
3895,Algebra,Cocientes Notables,,,
3896,Algebra,Cocientes Notables,,,
3897,Algebra,Cocientes Notables,,,
3898,Algebra,Cocientes Notables,,,
3899,Algebra,Cocientes Notables,,,
3900,Algebra,Cocientes Notables,,,
3901,Algebra,Cocientes Notables,,,
3902,Algebra,Cocientes Notables,,,
3903,Algebra,Cocientes Notables,,,
3904,Algebra,Cocientes Notables,,,
3905,Algebra,Cocientes Notables,,,
3906,Algebra,Cocientes Notables,,,
3907,Algebra,Cocientes Notables,,,
3908,Algebra,Cocientes Notables,,,
3909,Algebra,Cocientes Notables,,,
3910,Algebra,Cocientes Notables,,,
3911,Algebra,Cocientes Notables,,,
3912,Algebra,Cocientes Notables,,,
3913,Algebra,Cocientes Notables,,,
3914,Algebra,Cocientes Notables,,,
3915,Algebra,Cocientes Notables,,,
3916,Algebra,Cocientes Notables,,,
3917,Algebra,Cocientes Notables,,,
3918,Algebra,Cocientes Notables,,,
3919,Algebra,Cocientes Notables,,,
3920,Algebra,Cocientes Notables,,,
3921,Algebra,Cocientes Notables,,,
3922,Algebra,Cocientes Notables,,,
3923,Algebra,Cocientes Notables,,,
3924,Algebra,Cocientes Notables,,,
3925,Algebra,Cocientes Notables,,,
3926,Algebra,Cocientes Notables,,,
3927,Algebra,Cocientes Notables,,,
3928,Algebra,Cocientes Notables,,,
3929,Algebra,Cocientes Notables,,,
3930,Algebra,Cocientes Notables,,,
3931,Algebra,Cocientes Notables,,,
3932,Algebra,Cocientes Notables,,,
3933,Algebra,Cocientes Notables,,,
3934,Algebra,Cocientes Notables,,,
3935,Algebra,Cocientes Notables,,,
3936,Algebra,Cocientes Notables,,,
3937,Algebra,Cocientes Notables,,,
3938,Algebra,Cocientes Notables,,,
3939,Algebra,Radicacion,,,
3940,Aritmetica,Sucesiones Numericas,,,
3941,Razonamiento Matematico,Conteo de Figuras,,,
3942,Aritmetica,Probabilidades,,,
3943,Razonamiento Matematico,Planteo de Ecuaciones,,,
3944,Algebra,Funciones,,,
3945,Geometria,Proporcionalidad,,,
3946,Geometria,Perimetros,,,
3947,Geometria,Semejanza,,,
3948,Aritmetica,Mezclas,,,
3949,Algebra,Productos Notables,,,
3950,Algebra,Factorizacion,,,
3951,Geometria,Semejanza,,,
3952,Geometria,Areas Sombreadas,,,
3953,Geometria Analitica,Parabola,,,
3954,Estadistica,Distribucion de Frecuencias,,,
3955,Trigonometria,Areas de Triangulos,,,
3956,Trigonometria,Identidades Trigonometricas,,,
3957,Geometria,Clasificacion de Triangulos,,,
3958,Geometria,Triangulos,,,
3959,Geometria,Triangulos,,,
3960,Geometria,Lineas Notables,,,
3961,Geometria,Triangulos,,,
3962,Geometria,Triangulos,,,
3963,Geometria,Clasificacion de Triangulos,,,
3964,Geometria,Clasificacion de Triangulos,,,
3965,Geometria,Lineas Notables,,,
3966,Geometria,Clasificacion de Triangulos,,,
3967,Geometria,Triangulos,,,
3968,Geometria,Clasificacion de Triangulos,,,
3969,Geometria,Triangulos,,,
3970,Geometria,Lineas Notables,,,
3971,Geometria,Triangulos,,,
3972,Geometria,Lineas Notables,,,
3973,Geometria,Clasificacion de Triangulos,,,
3974,Geometria,Triangulos,,,
3975,Geometria,Triangulos,,,
3976,Geometria,Clasificacion de Triangulos,,,
3977,Geometria,Clasificacion de Triangulos,,,
3978,Geometria,Triangulos,,,
3979,Geometria,Lineas Notables,,,
3980,Geometria,Triangulos,,,
3981,Geometria,Clasificacion de Triangulos,,,
3982,Geometria,Desigualdades Geometricas,,,
3983,Geometria,Desigualdades Geometricas,,,
3984,Geometria,Clasificacion de Triangulos,,,
3985,Geometria,Desigualdades Geometricas,,,
3986,Geometria,Triangulos,,,
3987,Geometria,Desigualdades Geometricas,,,
3988,Geometria,Desigualdades Geometricas,,,
3989,Geometria,Clasificacion de Triangulos,,,
3990,Geometria,Triangulos,,,
3991,Geometria,Triangulos,,,
3992,Geometria,Clasificacion de Triangulos,,,
3993,Geometria,Clasificacion de Triangulos,,,
3994,Geometria,Clasificacion de Triangulos,,,
3995,Geometria,Triangulos,,,
3996,Geometria,Clasificacion de Triangulos,,,
3997,Geometria,Triangulos,,,
3998,Geometria,Triangulos,,,
3999,Algebra,Teoria de Exponentes,,,
4000,Algebra,Teoria de Exponentes,,,
4001,Algebra,Teoria de Exponentes,,,
4002,Algebra,Radicacion,,,
4003,Algebra,Radicacion,,,
4004,Algebra,Radicacion,,,
4005,Algebra,Teoria de Exponentes,,,
4006,Algebra,Radicacion,,,
4007,Algebra,Radicacion,,,
4008,Algebra,Teoria de Exponentes,,,
4009,Algebra,Radicacion,,,
4010,Algebra,Radicacion,,,
4011,Algebra,Radicacion,,,
4012,Algebra,Radicacion,,,
4013,Algebra,Teoria de Exponentes,,,
4014,Algebra,Teoria de Exponentes,,,
4015,Algebra,Teoria de Exponentes,,,
4016,Algebra,Teoria de Exponentes,,,
4017,Algebra,Teoria de Exponentes,,,
4018,Algebra,Teoria de Exponentes,,,
4019,Algebra,Polinomios,,,
4020,Algebra,Polinomios,,,
4021,Algebra,Polinomios,,,
4022,,,,,
4023,Algebra,Polinomios,,,
4024,Algebra,Polinomios,,,
4025,Algebra,Polinomios Especiales,,,
4026,Algebra,Polinomios Especiales,,,
4027,Algebra,Polinomios Especiales,,,
4028,Algebra,Polinomios Especiales,,,
4029,Algebra,Polinomios Especiales,,,
4030,Algebra,Polinomios Especiales,,,
4031,Algebra,Polinomios Especiales,,,
4032,Algebra,Polinomios Especiales,,,
4033,Algebra,Polinomios Especiales,,,
4034,Algebra,Polinomios,,,
4035,Algebra,Polinomios,,,
4036,Algebra,Polinomios,,,
4037,Algebra,Polinomios,,,
4038,Algebra,Polinomios,,,
4039,Algebra,Expresiones Algebraicas,,,
4040,Algebra,Expresiones Algebraicas,,,
4041,Algebra,Radicacion,,,
4042,Algebra,Teoria de Exponentes,,,
4043,Algebra,Teoria de Exponentes,,,
4044,Algebra,Teoria de Exponentes,,,
4045,Algebra,Radicacion,,,
4046,Algebra,Teoria de Exponentes,,,
4047,Algebra,Expresiones Algebraicas,,,
4048,Algebra,Expresiones Algebraicas,,,
4049,Algebra,Teoria de Exponentes,,,
4050,Algebra,Teoria de Exponentes,,,
4051,Algebra,Radicacion,,,
4052,Algebra,Teoria de Exponentes,,,
4053,Algebra,Teoria de Exponentes,,,
4054,Algebra,Teoria de Exponentes,,,
4055,Algebra,Expresiones Algebraicas,,,
4056,Algebra,Teoria de Exponentes,,,
4057,Algebra,Teoria de Exponentes,,,
4058,Algebra,Teoria de Exponentes,,,
4059,Algebra,Teoria de Exponentes,,,
4060,Algebra,Expresiones Algebraicas,,,
4061,Algebra,Radicacion,,,
4062,Algebra,Teoria de Exponentes,,,
4063,Algebra,Expresiones Algebraicas,,,
4064,Algebra,Expresiones Algebraicas,,,
4065,Algebra,Teoria de Exponentes,,,
4066,Algebra,Radicacion,,,
4067,Algebra,Radicacion,,,
4068,Algebra,Teoria de Exponentes,,,
4069,Algebra,Teoria de Exponentes,,,
4070,Algebra,Teoria de Exponentes,,,
4071,Algebra,Expresiones Algebraicas,,,
4072,Algebra,Teoria de Exponentes,,,
4073,Algebra,Expresiones Algebraicas,,,
4074,Algebra,Teoria de Exponentes,,,
4075,Algebra,Teoria de Exponentes,,,
4076,Algebra,Radicacion,,,
4077,Algebra,Teoria de Exponentes,,,
4078,Algebra,Teoria de Exponentes,,,
4079,Algebra,Expresiones Algebraicas,,,
4080,Algebra,Radicacion,,,
4081,Algebra,Teoria de Exponentes,,,
4082,Algebra,Teoria de Exponentes,,,
4083,Algebra,Teoria de Exponentes,,,
4084,Algebra,Teoria de Exponentes,,,
4085,Algebra,Radicacion,,,
4086,Algebra,Teoria de Exponentes,,,
4087,Algebra,Expresiones Algebraicas,,,
4088,Algebra,Teoria de Exponentes,,,
4089,Algebra,Teoria de Exponentes,,,
4090,Algebra,Radicacion,,,
4091,Algebra,Teoria de Exponentes,,,
4092,Algebra,Radicacion,,,
4093,Algebra,Expresiones Algebraicas,,,
4094,Algebra,Teoria de Exponentes,,,
4095,Algebra,Expresiones Algebraicas,,,
4096,Algebra,Teoria de Exponentes,,,
4097,Algebra,Teoria de Exponentes,,,
4098,Algebra,Radicacion,,,
4099,Algebra,Radicacion,,,
4100,Algebra,Teoria de Exponentes,,,
4101,Algebra,Radicacion,,,
4102,Algebra,Teoria de Exponentes,,,
4103,Algebra,Sistemas de Ecuaciones Lineales,,,
4104,Algebra,Sistemas de Ecuaciones Lineales,,,
4105,Algebra,Sistemas de Ecuaciones Lineales,,,
4106,Algebra,Sistemas de Ecuaciones Lineales,,,
4107,Algebra,Sistemas de Ecuaciones Lineales,,,
4108,Algebra,Sistemas de Ecuaciones Lineales,,,
4109,Algebra,Sistemas de Ecuaciones Lineales,,,
4110,Algebra,Sistemas de Ecuaciones Lineales,,,
4111,Algebra,Sistemas de Ecuaciones Lineales,,,
4112,Algebra,Sistemas de Ecuaciones Lineales,,,
4113,Algebra,Sistemas de Ecuaciones Lineales,,,
4114,Algebra,Sistemas de Ecuaciones Lineales,,,
4115,Algebra,Sistemas de Ecuaciones Lineales,,,
4116,Algebra,Sistemas de Ecuaciones Lineales,,,
4117,Algebra,Sistemas de Ecuaciones Lineales,,,
4118,Algebra,Sistemas de Ecuaciones Lineales,,,
4119,Algebra,Sistemas de Ecuaciones Lineales,,,
4120,Algebra,Sistemas de Ecuaciones Lineales,,,
4121,Algebra,Sistemas de Ecuaciones Lineales,,,
4122,Algebra,Sistemas de Ecuaciones Lineales,,,
4123,Algebra,Binomio de Newton,,,
4124,Algebra,Binomio de Newton,,,
4125,Algebra,Binomio de Newton,,,
4126,Algebra,Binomio de Newton,,,
4127,Algebra,Binomio de Newton,,,
4128,Algebra,Binomio de Newton,,,
4129,Algebra,Binomio de Newton,,,
4130,Algebra,Binomio de Newton,,,
4131,Algebra,Binomio de Newton,,,
4132,Algebra,Binomio de Newton,,,
4133,Algebra,Binomio de Newton,,,
4134,Algebra,Binomio de Newton,,,
4135,Algebra,Binomio de Newton,,,
4136,Algebra,Binomio de Newton,,,
4137,Algebra,Binomio de Newton,,,
4138,Algebra,Binomio de Newton,,,
4139,Algebra,Binomio de Newton,,,
4140,Algebra,Binomio de Newton,,,
4141,Algebra,Binomio de Newton,,,
4142,Algebra,Binomio de Newton,,,
4143,Algebra,Binomio de Newton,,,
4144,Algebra,Binomio de Newton,,,
4145,Algebra,Binomio de Newton,,,
4146,Algebra,Binomio de Newton,,,
4147,Algebra,Binomio de Newton,,,
4148,Algebra,Binomio de Newton,,,
4149,Algebra,Binomio de Newton,,,
4150,Algebra,Binomio de Newton,,,
4151,Algebra,Binomio de Newton,,,
4152,Algebra,Binomio de Newton,,,
4153,Algebra,Binomio de Newton,,,
4154,Algebra,Binomio de Newton,,,
4155,Algebra,Binomio de Newton,,,
4156,Algebra,Binomio de Newton,,,
4157,Algebra,Binomio de Newton,,,
4158,Algebra,Binomio de Newton,,,
4159,Algebra,Binomio de Newton,,,
4160,Algebra,Binomio de Newton,,,
4161,Algebra,Binomio de Newton,,,
4162,Algebra,Binomio de Newton,,,
4163,Algebra,Binomio de Newton,,,
4164,Algebra,Teoria de grados,,,
4165,Algebra,Teoria de grados,,,
4166,Algebra,Teoria de grados,,,
4167,Algebra,Teoria de grados,,,
4168,Algebra,Teoria de grados,,,
4169,Algebra,Teoria de grados,,,
4170,Algebra,Teoria de grados,,,
4171,Algebra,Teoria de grados,,,
4172,Algebra,Teoria de grados,,,
4173,Algebra,Teoria de grados,,,
4174,Algebra,Teoria de grados,,,
4175,Algebra,Teoria de grados,,,
4176,Algebra,Teoria de grados,,,
4177,Algebra,Teoria de grados,,,
4178,Algebra,Teoria de grados,,,
4179,Algebra,Teoria de grados,,,
4180,Algebra,Teoria de grados,,,
4181,Algebra,Teoria de grados,,,
4182,Algebra,Teoria de grados,,,
4183,Algebra,Teoria de grados,,,
4184,Algebra,Teoria de grados,,,
4185,Algebra,Teoria de grados,,,
4186,Algebra,Teoria de grados,,,
4187,Algebra,Polinomios especiales,,,
4188,Algebra,Teoria de grados,,,
4189,Algebra,Polinomios especiales,,,
4190,Algebra,Teoria de grados,,,
4191,Algebra,Teoria de grados,,,
4192,Algebra,Teoria de grados,,,
4193,Algebra,Teoria de grados,,,
4194,Algebra,Teoria de grados,,,
4195,Algebra,Teoria de grados,,,
4196,Algebra,Teoria de grados,,,
4197,Algebra,Polinomios especiales,,,
4198,Algebra,Polinomios especiales,,,
4199,Algebra,Polinomios especiales,,,
4200,Algebra,Teoria de grados,,,
4201,Algebra,Teoria de grados,,,
4202,Algebra,Teoria de grados,,,
4203,Algebra,Teoria de grados,,,
4204,Algebra,Teoria de grados,,,
4205,Algebra,Teoria de grados,,,
4206,Algebra,Teoria de grados,,,
4207,Algebra,Polinomios especiales,,,
4208,Algebra,Teoria de grados,,,
4209,Algebra,Teoria de grados,,,
4210,Algebra,Teoria de grados,,,
4211,Algebra,Teoria de grados,,,
4212,Algebra,Teoria de grados,,,
4213,Algebra,Teoria de grados,,,
4214,Algebra,Teoria de grados,,,
4215,Algebra,Division Algebraica,,,
4216,Algebra,Division Algebraica,,,
4217,Algebra,Division Algebraica,,,
4218,Algebra,Division Algebraica,,,
4219,Algebra,Division Algebraica,,,
4220,Algebra,Division Algebraica,,,
4221,Algebra,Division Algebraica,,,
4222,Algebra,Division Algebraica,,,
4223,Algebra,Division Algebraica,,,
4224,Algebra,Division Algebraica,,,
4225,Algebra,Division Algebraica,,,
4226,Algebra,Division Algebraica,,,
4227,Algebra,Division Algebraica,,,
4228,Algebra,Division Algebraica,,,
4229,Algebra,Division Algebraica,,,
4230,Algebra,Division Algebraica,,,
4231,Algebra,Division Algebraica,,,
4232,Algebra,Division Algebraica,,,
4233,Algebra,Division Algebraica,,,
4234,Algebra,Division Algebraica,,,
4235,Algebra,Division Algebraica,,,
4236,Algebra,Division Algebraica,,,
4237,Algebra,Division Algebraica,,,
4238,Algebra,Division Algebraica,,,
4239,Algebra,Division Algebraica,,,
4240,Algebra,Division Algebraica,,,
4241,Algebra,Division Algebraica,,,
4242,Algebra,Division Algebraica,,,
4243,Algebra,Division Algebraica,,,
4244,Algebra,Division Algebraica,,,
4245,Algebra,Division Algebraica,,,
4246,Algebra,Division Algebraica,,,
4247,Algebra,Division Algebraica,,,
4248,Algebra,Division Algebraica,,,
4249,Algebra,Division Algebraica,,,
4250,Algebra,Division Algebraica,,,
4251,Algebra,Division Algebraica,,,
4252,Algebra,Division Algebraica,,,
4253,Algebra,Division Algebraica,,,
4254,Algebra,Division Algebraica,,,
4255,Algebra,Division Algebraica,,,
4256,Algebra,Division Algebraica,,,
4257,Algebra,Division Algebraica,,,
4258,Algebra,Division Algebraica,,,
4259,Algebra,Division Algebraica,,,
4260,Algebra,Division Algebraica,,,
4261,Algebra,Division Algebraica,,,
4262,Algebra,Division Algebraica,,,
4263,Algebra,Division Algebraica,,,
4264,Algebra,Division Algebraica,,,
4265,Algebra,Division Algebraica,,,
4266,Algebra,Division Algebraica,,,
4267,Algebra,Division Algebraica,,,
4268,Algebra,Division Algebraica,,,
4269,Algebra,Division Algebraica,,,
4270,Algebra,Division Algebraica,,,
4271,Algebra,Division Algebraica,,,
4272,Algebra,Division Algebraica,,,
4273,Algebra,Division Algebraica,,,
4274,Algebra,Division Algebraica,,,
4275,Algebra,Division Algebraica,,,
4276,Algebra,Division Algebraica,,,
4277,Algebra,Division Algebraica,,,
4278,Algebra,Division Algebraica,,,
4279,Algebra,Division Algebraica,,,
4280,Algebra,Division Algebraica,,,
4281,Algebra,Division Algebraica,,,
4282,Algebra,Division Algebraica,,,
4283,Algebra,Division Algebraica,,,
4284,Algebra,Division Algebraica,,,
4285,Algebra,Division Algebraica,,,
4286,Algebra,Division Algebraica,,,
4287,Algebra,Division Algebraica,,,
4288,Algebra,Division Algebraica,,,
4289,Algebra,Division Algebraica,,,
4290,Algebra,Division Algebraica,,,
4291,Algebra,Division Algebraica,,,
4292,Algebra,Division Algebraica,,,
4293,Algebra,Division Algebraica,,,
4294,Algebra,Division Algebraica,,,
4295,Algebra,Grados,,,
4296,Algebra,Grados,,,
4297,Algebra,Polinomios Especiales,,,
4298,Algebra,Grados,,,
4299,Algebra,Grados,,,
4300,Algebra,Grados,,,
4301,Algebra,Polinomios Especiales,,,
4302,Algebra,Polinomios,,,
4303,Algebra,Grados,,,
4304,Algebra,Polinomios Especiales,,,
4305,Algebra,Polinomios Especiales,,,
4306,Algebra,Polinomios Especiales,,,
4307,Algebra,Polinomios Especiales,,,
4308,Algebra,Polinomios Especiales,,,
4309,Algebra,Polinomios,,,
4310,Algebra,Grados,,,
4311,Algebra,Polinomios Especiales,,,
4312,Algebra,Valor Numerico,,,
4313,Algebra,Polinomios Especiales,,,
4314,Algebra,Grados,,,
4315,Algebra,Polinomios Especiales,,,
4316,Algebra,Valor Numerico,,,
4317,Algebra,Valor Numerico,,,
4318,Algebra,Valor Numerico,,,
4319,Algebra,Valor Numerico,,,
4320,Algebra,Polinomios Especiales,,,
4321,Algebra,Polinomios Especiales,,,
4322,Algebra,Polinomios Especiales,,,
4323,Algebra,Polinomios Especiales,,,
4324,Algebra,Polinomios,,,
4325,Algebra,Valor Numerico,,,
4326,Algebra,Valor Numerico,,,
4327,Algebra,Polinomios Especiales,,,
4328,Algebra,Grados,,,
4329,Algebra,Valor Numerico,,,
4330,Algebra,Polinomios Especiales,,,
4331,Algebra,Polinomios Especiales,,,
4332,Algebra,Polinomios Especiales,,,
4333,Algebra,Polinomios Especiales,,,
4334,Algebra,Expresiones Algebraicas,,,
4335,Algebra,Grados,,,
4336,Algebra,Polinomios Especiales,,,
4337,Algebra,Polinomios Especiales,,,
4338,Algebra,Polinomios Especiales,,,
4339,Algebra,Grados,,,
4340,Algebra,Grados,,,
4341,Algebra,Polinomios Especiales,,,
4342,Algebra,Valor Numerico,,,
4343,Algebra,Valor Numerico,,,
4344,Algebra,Polinomios Especiales,,,
4345,Algebra,Valor Numerico,,,
4346,Algebra,Grados,,,
4347,Algebra,Valor Numerico,,,
4348,Algebra,Polinomios Especiales,,,
4349,Algebra,Polinomios Especiales,,,
4350,Algebra,Polinomios Especiales,,,
4351,Algebra,Polinomios Especiales,,,
4352,Algebra,Polinomios Especiales,,,
4365,Algebra,Valor Numerico,,,
4366,Algebra,Valor Numerico,,,
4367,Algebra,Valor Numerico,,,
4368,Algebra,Grados,,,
4369,Algebra,Valor Numerico,,,
4370,Algebra,Valor Numerico,,,
4371,Algebra,Grados,,,
4372,Algebra,Valor Numerico,,,
4373,Algebra,Polinomios Especiales,,,
4374,Algebra,Polinomios Especiales,,,
4375,Algebra,Expresiones Algebraicas,,,
4376,Algebra,Grados,,,
4377,Algebra,Teoria de Grados,,,
4378,Algebra,Teoria de Grados,,,
4379,Algebra,Teoria de Grados,,,
4380,Algebra,Teoria de Grados,,,
4381,Algebra,Teoria de Grados,,,
4382,Algebra,Teoria de Grados,,,
4383,Algebra,Teoria de Grados,,,
4384,Algebra,Teoria de Grados,,,
4385,Algebra,Teoria de Grados,,,
4386,Algebra,Teoria de Grados,,,
4387,Algebra,Teoria de Grados,,,
4388,Algebra,Teoria de Grados,,,
4389,Algebra,Teoria de Grados,,,
4390,Algebra,Teoria de Grados,,,
4391,Algebra,Teoria de Grados,,,
4392,Algebra,Teoria de Grados,,,
4393,Algebra,Teoria de Grados,,,
4394,Algebra,Teoria de Grados,,,
4395,Algebra,Teoria de Grados,,,
4396,Algebra,Teoria de Grados,,,
4397,Algebra,Teoria de Grados,,,
4398,Algebra,Teoria de Grados,,,
4399,Algebra,Teoria de Grados,,,
4400,Algebra,Teoria de Grados,,,
4401,Algebra,Teoria de Grados,,,
4402,Algebra,Teoria de Grados,,,
4403,Algebra,Teoria de Grados,,,
4404,Algebra,Teoria de Grados,,,
4405,Algebra,Teoria de Grados,,,
4406,Algebra,Teoria de Grados,,,
4407,Algebra,Teoria de Grados,,,
4408,Algebra,Polinomios Especiales,,,
4409,Algebra,Teoria de Grados,,,
4410,Algebra,Polinomios Especiales,,,
4411,Algebra,Polinomios Especiales,,,
4412,Algebra,Valor Numerico,,,
4413,Algebra,Teoria de Grados,,,
4414,Algebra,Polinomios Especiales,,,
4415,Algebra,Teoria de Grados,,,
4416,Algebra,Polinomios Especiales,,,
4417,Algebra,Polinomios Especiales,,,
4418,Algebra,Polinomios Especiales,,,
4419,Algebra,Polinomios Especiales,,,
4420,Algebra,Valor Numerico,,,
4421,Algebra,Polinomios Especiales,,,
4422,Algebra,Teoria de Grados,,,
4423,Algebra,Teoria de Grados,,,
4424,Algebra,Polinomios Especiales,,,
4425,Algebra,Teoria de Grados,,,
4426,Algebra,Polinomios Especiales,,,
4427,Algebra,Teoria de Grados,,,
4428,Algebra,Polinomios Especiales,,,
4429,Algebra,Polinomios Especiales,,,
4430,Algebra,Polinomios Especiales,,,
4431,Algebra,Polinomios Especiales,,,
4432,Algebra,Teoria de Grados,,,
4433,Algebra,Polinomios Especiales,,,
4434,Algebra,Polinomios Especiales,,,
4435,Algebra,Teoria de Grados,,,
4436,Algebra,Polinomios Especiales,,,
4437,Algebra,Polinomios Especiales,,,
4438,Algebra,Polinomios Especiales,,,
4439,Algebra,Teoria de Grados,,,
4440,Algebra,Polinomios Especiales,,,
4441,Algebra,Teoria de Grados,,,
4442,Algebra,Teoria de Grados,,,
4443,Algebra,Polinomios Especiales,,,
4444,Algebra,Polinomios,,,
4445,Algebra,Polinomios Especiales,,,
4446,Algebra,Polinomios Especiales,,,
4447,Algebra,Polinomios Especiales,,,
4448,Algebra,Polinomios Especiales,,,
4449,Algebra,Teoria de Grados,,,
4450,Algebra,Polinomios Especiales,,,
4451,Algebra,Polinomios Especiales,,,
4452,Algebra,Teoria de Grados,,,
4453,Algebra,Polinomios Especiales,,,
4454,Algebra,Polinomios Especiales,,,
4455,Algebra,Polinomios Especiales,,,
4456,Algebra,Polinomios Especiales,,,
4457,Algebra,Polinomios Especiales,,,
4458,Algebra,Valor Numerico,,,
4459,Algebra,Valor Numerico,,,
4460,Algebra,Polinomios,,,
4461,Algebra,Valor Numerico,,,
4462,Algebra,Polinomios Especiales,,,
4463,Algebra,Valor Numerico,,,
4464,Algebra,Polinomios Especiales,,,
4465,Algebra,Teoria de Grados,,,
4466,Algebra,Valor Numerico,,,
4467,Algebra,Polinomios,,,
4468,Algebra,Valor Numerico,,,
4469,Algebra,Valor Numerico,,,
4470,Algebra,Valor Numerico,,,
4471,Algebra,Valor Numerico,,,
4472,Algebra,Teoria de Grados,,,
4473,Algebra,Polinomios Especiales,,,
4474,Algebra,Valor Numerico,,,
4475,Algebra,Valor Numerico,,,
4476,Algebra,Polinomios Especiales,,,
4477,Algebra,Valor Numerico,,,
4478,Algebra,Valor Numerico,,,
4479,Algebra,Grados,,,
4480,Algebra,Valor Numerico,,,
4481,Algebra,Valor Numerico,,,
4482,Algebra,Valor Numerico,,,
4483,Algebra,Grados,,,
4484,Algebra,Polinomios Especiales,,,
4485,Algebra,Polinomios Especiales,,,
4486,Algebra,Polinomios Especiales,,,
4487,Algebra,Valor Numerico,,,
4488,Algebra,Valor Numerico,,,
4489,Algebra,Valor Numerico,,,
4490,Algebra,Valor Numerico,,,
4491,Algebra,Polinomios Especiales,,,
4492,Algebra,Grados,,,
4493,Algebra,Polinomios Especiales,,,
4494,Algebra,Valor Numerico,,,
4495,Algebra,Valor Numerico,,,
4496,Algebra,Valor Numerico,,,
4497,Algebra,Grados,,,
4498,Algebra,Polinomios Especiales,,,
4499,Algebra,Polinomios Especiales,,,
4500,Algebra,Polinomios Especiales,,,
4501,Algebra,Polinomios Especiales,,,
4502,Algebra,Valor Numerico,,,
4503,Algebra,Valor Numerico,,,
4504,Algebra,Valor Numerico,,,
4505,Algebra,Valor Numerico,,,
4506,Algebra,Polinomios Especiales,,,
4507,Algebra,Grados,,,
4508,Algebra,Grados,,,
4509,Algebra,Valor Numerico,,,
4510,Algebra,Expresiones Algebraicas,,,
4511,Algebra,Grados,,,
4512,Algebra,Polinomios Especiales,,,
4513,Algebra,Valor Numerico,,,
4514,Algebra,Grados,,,
4515,Algebra,Grados,,,
4516,Algebra,Grados,,,
4517,Algebra,Valor Numerico,,,
4518,Algebra,Grados,,,
4519,Algebra,Polinomios Especiales,,,
4520,Algebra,Polinomios Especiales,,,
4521,Algebra,Valor Numerico,,,
4522,Algebra,Grados,,,
4523,Algebra,Grados,,,
4524,Algebra,Valor Numerico,,,
4525,Algebra,Valor Numerico,,,
4526,Algebra,Grados,,,
4527,Algebra,Valor Numerico,,,
4528,Algebra,Polinomios Especiales,,,
4529,Algebra,Polinomios Especiales,,,
4530,Algebra,Valor Numerico,,,
4531,Algebra,Grados,,,
4532,Algebra,Grados,,,
4533,Algebra,Valor Numerico,,,
4534,Algebra,Grados,,,
4535,Algebra,Valor Numerico,,,
4536,Algebra,Valor Numerico,,,
4537,Algebra,Polinomios Especiales,,,
4538,Algebra,Valor Numerico,,,
4539,Algebra,Expresiones Algebraicas,,,
4540,Algebra,Valor Numerico,,,
4541,Geometria,Triangulos,,,
4542,Geometria,Triangulos,,,
4543,Geometria,Lineas Notables,,,
4544,Geometria,Lineas Notables,,,
4545,Geometria,Lineas Notables,,,
4546,Geometria,Clasificacion de Triangulos,,,
4547,Geometria,Lineas Notables,,,
4548,Geometria,Clasificacion de Triangulos,,,
4549,Geometria,Clasificacion de Triangulos,,,
4550,Geometria,Desigualdades Geometricas,,,
4551,Geometria,Lineas Notables,,,
4552,Geometria,Lineas Notables,,,
4553,Geometria,Triangulos,,,
4554,Geometria,Clasificacion de Triangulos,,,
4555,Geometria,Triangulos,,,
4556,Geometria,Triangulos,,,
4557,Geometria,Lineas Notables,,,
4558,Geometria,Triangulos,,,
4559,Geometria,Clasificacion de Triangulos,,,
4560,Geometria,Desigualdades Geometricas,,,
4561,Geometria,Desigualdades Geometricas,,,
4562,Geometria,Desigualdades Geometricas,,,
4563,Geometria,Lineas Notables,,,
4564,Geometria,Lineas Notables,,,
4565,Geometria,Triangulos,,,
4566,Geometria,Lineas Notables,,,
4567,Geometria,Triangulos,,,
4568,Geometria,Desigualdades Geometricas,,,
4569,Geometria,Desigualdades Geometricas,,,
4570,Geometria,Triangulos,,,
4571,Geometria,Lineas Notables,,,
4572,Geometria,Desigualdades Geometricas,,,
4573,Geometria,Desigualdades Geometricas,,,
4574,Geometria,Desigualdades Geometricas,,,
4575,Geometria,Desigualdades Geometricas,,,
4576,Geometria,Lineas Notables,,,
4577,Geometria,Desigualdades Geometricas,,,
4578,Geometria,Triangulos,,,
4579,Geometria,Lineas Notables,,,
4580,Geometria,Desigualdades Geometricas,,,
4581,Geometria,Clasificacion de Triangulos,,,
4582,Geometria,Lineas Notables,,,
4583,Geometria,Lineas Notables,,,
4584,Geometria,Clasificacion de Triangulos,,,
4585,Geometria,Triangulos,,,
4586,Geometria,Desigualdades Geometricas,,,
4587,Geometria,Triangulos,,,
4588,Geometria,Desigualdades Geometricas,,,
4589,Geometria,Clasificacion de Triangulos,,,
4590,Geometria,Clasificacion de Triangulos,,,
4591,Geometria,Lineas Notables,,,
4592,Geometria,Clasificacion de Triangulos,,,
4593,Geometria,Lineas Notables,,,
4594,Geometria,Lineas Notables,,,
4595,Geometria,Desigualdades Geometricas,,,
4596,Geometria,Lineas Notables,,,
4597,Geometria,Desigualdades Geometricas,,,
4598,Geometria,Desigualdades Geometricas,,,
4599,Geometria,Desigualdades Geometricas,,,
4600,Geometria,Lineas Notables,,,
4601,Geometria,Desigualdades Geometricas,,,
4602,Geometria,Desigualdades Geometricas,,,
4603,Geometria,Lineas Notables,,,
4604,Geometria,Lineas Notables,,,
4605,Geometria,Lineas Notables,,,
4606,Geometria,Lineas Notables,,,
4607,Geometria,Triangulos,,,
4608,Geometria,Lineas Notables,,,
4609,Geometria,Lineas Notables,,,
4610,Geometria,Desigualdades Geometricas,,,
4611,Geometria,Clasificacion de Triangulos,,,
4612,Geometria,Triangulos,,,
4613,Geometria,Lineas Notables,,,
4614,Geometria,Lineas Notables,,,
4615,Geometria,Lineas Notables,,,
4616,Geometria,Lineas Notables,,,
4617,Geometria,Lineas Notables,,,
4618,Geometria,Clasificacion de Triangulos,,,
4619,Geometria,Desigualdades Geometricas,,,
4620,Geometria,Triangulos,,,
4621,Geometria,Clasificacion de Triangulos,,,
4622,Geometria,Desigualdades Geometricas,,,
4623,Geometria,Clasificacion de Triangulos,,,
4624,Geometria,Lineas Notables,,,
4625,Geometria,Desigualdades Geometricas,,,
4626,Geometria,Lineas Notables,,,
4627,Geometria,Lineas Notables,,,
4628,Geometria,Desigualdades Geometricas,,,
4629,Geometria,Triangulos,,,
4630,Geometria,Lineas Notables,,,
4631,Geometria,Lineas Notables,,,
4632,Geometria,Triangulos,,,
4633,Geometria,Desigualdades Geometricas,,,
4634,Geometria,Lineas Notables,,,
4635,Geometria,Desigualdades Geometricas,,,
4636,Geometria,Triangulos,,,
4637,Geometria,Clasificacion de Triangulos,,,
4638,Geometria,Lineas Notables,,,
4639,Geometria,Lineas Notables,,,
4640,Geometria,Lineas Notables,,,
4641,Geometria,Clasificacion de Triangulos,,,
4642,Geometria,Desigualdades Geometricas,,,
4643,Geometria,Desigualdades Geometricas,,,
4644,Geometria,Lineas Notables,,,
4645,Geometria,Clasificacion de Triangulos,,,
4646,Geometria,Desigualdades Geometricas,,,
4647,Geometria,Lineas Notables,,,
4648,Geometria,Desigualdades Geometricas,,,
4649,Geometria,Triangulos,,,
4650,Geometria,Triangulos,,,
4651,Geometria,Clasificacion de Triangulos,,,
4652,Geometria,Desigualdades Geometricas,,,
4653,Geometria,Lineas Notables,,,
4654,Geometria,Triangulos,,,
4655,Geometria,Desigualdades Geometricas,,,
4656,Geometria,Desigualdades Geometricas,,,
4657,Geometria,Triangulos,,,
4658,Geometria,Clasificacion de Triangulos,,,
4659,Geometria,Desigualdades Geometricas,,,
4660,Geometria,Desigualdades Geometricas,,,
4661,Geometria,Desigualdades Geometricas,,,
4662,Geometria,Triangulos,,,
4663,Geometria,Lineas Notables,,,
4664,Geometria,Triangulos,,,
4665,Geometria,Triangulos,,,
4666,Geometria,Triangulos,,,
4667,Geometria,Triangulos,,,
4668,Geometria,Triangulos,,,
4669,Geometria,Lineas Notables,,,
4670,Geometria,Desigualdades Geometricas,,,
4671,Geometria,Lineas Notables,,,
4672,Geometria,Triangulos,,,
4673,Geometria,Desigualdades Geometricas,,,
4674,Geometria,Clasificacion de Triangulos,,,
4675,Geometria,Triangulos,,,
4676,Geometria,Lineas Notables,,,
4677,Geometria,Clasificacion de Triangulos,,,
4678,Geometria,Triangulos,,,
4679,Geometria,Lineas Notables,,,
4680,Geometria,Triangulos,,,
4681,Geometria,Desigualdades Geometricas,,,
4682,Geometria,Clasificacion de Triangulos,,,
4683,Geometria,Triangulos,,,
4684,Geometria,Triangulos,,,
4685,Geometria,Lineas Notables,,,
4686,Geometria,Lineas Notables,,,
4687,Geometria,Triangulos,,,
4688,Geometria,Triangulos,,,
4689,Geometria,Lineas Notables,,,
4690,Geometria,Triangulos,,,
4691,Geometria,Triangulos,,,
4692,Geometria,Triangulos,,,
4693,Geometria,Desigualdades Geometricas,,,
4694,Geometria,Triangulos,,,
4695,Geometria,Triangulos,,,
4696,Geometria,Clasificacion de Triangulos,,,
4697,Geometria,Clasificacion de Triangulos,,,
4698,Geometria,Desigualdades Geometricas,,,
4699,Geometria,Desigualdades Geometricas,,,
4700,Geometria,Desigualdades Geometricas,,,
4701,Geometria,Clasificacion de Triangulos,,,
4702,Geometria,Desigualdades Geometricas,,,
4703,Geometria,Desigualdades Geometricas,,,
4704,Geometria,Clasificacion de Triangulos,,,
4705,Geometria,Desigualdades Geometricas,,,
4706,Geometria,Lineas Notables,,,
4707,Geometria,Lineas Notables,,,
4708,Geometria,Triangulos,,,
4709,Geometria,Clasificacion de Triangulos,,,
4710,Geometria,Triangulos,,,
4711,Geometria,Clasificacion de Triangulos,,,
4712,Geometria,Desigualdades Geometricas,,,
4713,Geometria,Lineas Notables,,,
4714,Geometria,Triangulos,,,
4715,Geometria,Triangulos,,,
4716,Geometria,Clasificacion de Triangulos,,,
4717,Geometria,Lineas Notables,,,
4718,Geometria,Lineas Notables,,,
4719,Geometria,Desigualdades Geometricas,,,
4720,Geometria,Desigualdades Geometricas,,,
4721,Geometria,Lineas Notables,,,
4722,Geometria,Clasificacion de Triangulos,,,
4723,Geometria,Triangulos,,,
4724,Geometria,Triangulos,,,
4725,Geometria,Triangulos,,,
4726,Geometria,Desigualdades Geometricas,,,
4727,Geometria,Triangulos,,,
4728,Geometria,Clasificacion de Triangulos,,,
4729,Geometria,Desigualdades Geometricas,,,
4730,Geometria,Clasificacion de Triangulos,,,
4731,Geometria,Desigualdades Geometricas,,,
4732,Geometria,Clasificacion de Triangulos,,,
4733,Geometria,Clasificacion de Triangulos,,,
4734,Geometria,Desigualdades Geometricas,,,
4735,Geometria,Clasificacion de Triangulos,,,
4736,Geometria,Triangulos,,,
4737,Geometria,Triangulos,,,
4738,Geometria,Lineas Notables,,,
4739,Geometria,Lineas Notables,,,
4740,Geometria,Triangulos,,,
4741,Geometria,Desigualdades Geometricas,,,
4742,Geometria,Desigualdades Geometricas,,,
4743,Geometria,Desigualdades Geometricas,,,
4744,Geometria,Lineas Notables,,,
4745,Geometria,Triangulos,,,
4746,Geometria,Desigualdades Geometricas,,,
4747,Geometria,Triangulos,,,
4748,Geometria,Clasificacion de Triangulos,,,
4749,Geometria,Desigualdades Geometricas,,,
4750,Geometria,Lineas Notables,,,
4751,Geometria,Desigualdades Geometricas,,,
4752,Geometria,Triangulos,,,
4753,Geometria,Triangulos,,,
4754,Geometria,Desigualdades Geometricas,,,
4755,Geometria,Desigualdades Geometricas,,,
4756,Geometria,Desigualdades Geometricas,,,
4757,Geometria,Desigualdades Geometricas,,,
4758,Geometria,Triangulos,,,
4759,Geometria,Clasificacion de Triangulos,,,
4760,Geometria,Triangulos,,,
4761,Geometria,Desigualdades Geometricas,,,
4762,Geometria,Lineas Notables,,,
4763,Geometria,Lineas Notables,,,
4764,Geometria,Triangulos,,,
4765,Geometria,Triangulos,,,
4766,Geometria,Triangulos,,,
4767,Geometria,Clasificacion de Triangulos,,,
4768,Geometria,Lineas Notables,,,
4769,Geometria,Clasificacion de Triangulos,,,
4770,Geometria,Lineas Notables,,,
4771,Geometria,Desigualdades Geometricas,,,
4772,Geometria,Lineas Notables,,,
4773,Geometria,Lineas Notables,,,
4774,Geometria,Desigualdades Geometricas,,,
4775,Geometria,Lineas Notables,,,
4776,Geometria,Clasificacion de Triangulos,,,
4777,Geometria,Triangulos,,,
4778,Geometria,Clasificacion de Triangulos,,,
4779,Geometria,Clasificacion de Triangulos,,,
4780,Geometria,Lineas Notables,,,
4781,Geometria,Clasificacion de Triangulos,,,
4782,Geometria,Lineas Notables,,,
4783,Geometria,Lineas Notables,,,
4784,Geometria,Clasificacion de Triangulos,,,
4793,Algebra,Productos notables,,,
4798,Algebra,Productos notables,,,
4800,Algebra,Productos notables,,,
4809,Algebra,Productos notables,,,
4811,Algebra,Productos notables,,,
4813,Algebra,Productos notables,,,
4816,Algebra,Productos notables,,,
4817,Algebra,Productos notables,,,
4818,Algebra,Productos notables,,,
4819,Algebra,Productos notables,,,
4820,Algebra,Productos notables,,,
4821,Algebra,Productos notables,,,
4822,Algebra,Productos notables,,,
4823,Algebra,Productos notables,,,
4824,Algebra,Productos notables,,,
4825,Algebra,Productos notables,,,
4826,Algebra,Productos notables,,,
4827,Algebra,Productos notables,,,
4828,Algebra,Productos notables,,,
4829,Algebra,Productos notables,,,
4830,Algebra,Productos notables,,,
4831,Algebra,Productos notables,,,
4832,Algebra,Productos notables,,,
4833,Algebra,Productos notables,,,
4834,Algebra,Productos notables,,,
4835,Algebra,Productos notables,,,
4836,Algebra,Productos notables,,,
4837,Algebra,Productos notables,,,
4838,Algebra,Productos notables,,,
4839,Algebra,Productos notables,,,
4840,Algebra,Productos notables,,,
4841,Algebra,Division Algebraica,,,
4842,Algebra,Division Algebraica,,,
4843,Algebra,Division Algebraica,,,
4844,Algebra,Division Algebraica,,,
4845,Algebra,Division Algebraica,,,
4846,Algebra,Division Algebraica,,,
4847,Algebra,Division Algebraica,,,
4848,Algebra,Division Algebraica,,,
4849,Algebra,Division Algebraica,,,
4850,Algebra,Division Algebraica,,,
4851,Algebra,Division Algebraica,,,
4852,Algebra,Division Algebraica,,,
4853,Algebra,Division Algebraica,,,
4854,Algebra,Division Algebraica,,,
4855,Algebra,Division Algebraica,,,
4856,Algebra,Division Algebraica,,,
4857,Algebra,Division Algebraica,,,
4858,Algebra,Division Algebraica,,,
4859,Algebra,Division Algebraica,,,
4860,Algebra,Division Algebraica,,,
4861,Algebra,Division Algebraica,,,
4862,Algebra,Division Algebraica,,,
4863,Algebra,Division Algebraica,,,
4864,Algebra,Division Algebraica,,,
4865,Algebra,Division Algebraica,,,
4866,Algebra,Division Algebraica,,,
4867,Algebra,Division Algebraica,,,
4868,Algebra,Division Algebraica,,,
4869,Algebra,Division Algebraica,,,
4870,Algebra,Division Algebraica,,,
4871,Algebra,Division Algebraica,,,
4872,Algebra,Division Algebraica,,,
4873,Algebra,Division Algebraica,,,
4874,Algebra,Division Algebraica,,,
4875,Algebra,Division Algebraica,,,
4876,Algebra,Division Algebraica,,,
4877,Algebra,Division Algebraica,,,
4878,Algebra,Division Algebraica,,,
4879,Algebra,Division Algebraica,,,
4880,Algebra,Factorizacion,,,
4881,Algebra,Factorizacion,,,
4882,Algebra,Factorizacion,,,
4883,Algebra,Factorizacion,,,
4884,Algebra,Factorizacion,,,
4885,Algebra,Factorizacion,,,
4886,Algebra,Factorizacion,,,
4887,Algebra,Factorizacion,,,
4888,Algebra,Factorizacion,,,
4889,Algebra,Factorizacion,,,
4890,Algebra,Factorizacion,,,
4891,Algebra,Factorizacion,,,
4892,Algebra,Factorizacion,,,
4893,Algebra,Factorizacion,,,
4894,Algebra,Factorizacion,,,
4895,Algebra,Factorizacion,,,
4896,Algebra,Factorizacion,,,
4897,Algebra,Factorizacion,,,
4898,Algebra,Factorizacion,,,
4899,Algebra,Factorizacion,,,
4900,Algebra,Factorizacion,,,
4901,Algebra,Factorizacion,,,
4902,Algebra,Factorizacion,,,
4903,Algebra,Factorizacion,,,
4904,Algebra,Factorizacion,,,
4905,Algebra,Factorizacion,,,
4906,Algebra,Factorizacion,,,
4907,Algebra,Factorizacion,,,
4908,Algebra,Factorizacion,,,
4909,Algebra,Factorizacion,,,
4910,Algebra,Factorizacion,,,
4911,Algebra,Factorizacion,,,
4912,Algebra,Factorizacion,,,
4913,Algebra,Factorizacion,,,
4914,Algebra,Factorizacion,,,
4915,Algebra,Factorizacion,,,
4916,Algebra,Factorizacion,,,
4917,Algebra,Factorizacion,,,
4918,Algebra,Factorizacion,,,
4919,Algebra,Factorizacion,,,
4920,Algebra,Factorizacion,,,
4921,Algebra,Factorizacion,,,
4922,Algebra,Factorizacion,,,
4923,Algebra,Factorizacion,,,
4924,Algebra,Factorizacion,,,
4925,Algebra,Factorizacion,,,
4926,Algebra,Factorizacion,,,
4927,Algebra,Factorizacion,,,
4928,Algebra,Factorizacion,,,
4929,Algebra,Factorizacion,,,
4930,Algebra,Factorizacion,,,
4931,Algebra,Factorizacion,,,
4932,Algebra,Factorizacion,,,
4933,Algebra,Factorizacion,,,
4934,Algebra,Factorizacion,,,
4935,Algebra,Factorizacion,,,
4936,Algebra,Factorizacion,,,
4937,Algebra,Factorizacion,,,
4938,Algebra,Factorizacion,,,
4939,Algebra,Factorizacion,,,
4940,Algebra,Factorizacion,,,
4941,Algebra,Factorizacion,,,
4942,Algebra,Factorizacion,,,
4943,Algebra,Factorizacion,,,
4944,Algebra,Factorizacion,,,
4945,Algebra,Factorizacion,,,
4946,Algebra,Factorizacion,,,
4947,Algebra,Factorizacion,,,
4948,Algebra,Factorizacion,,,
4949,Algebra,Factorizacion,,,
4950,Algebra,Factorizacion,,,
4951,Algebra,Factorizacion,,,
4952,Algebra,Factorizacion,,,
4953,Algebra,Factorizacion,,,
4954,Algebra,Factorizacion,,,
4955,Algebra,Factorizacion,,,
4956,Algebra,Factorizacion,,,
4957,Algebra,Factorizacion,,,
4958,Algebra,Factorizacion,,,
4959,Algebra,Factorizacion,,,
4960,Algebra,Factorizacion,,,
4961,Algebra,Factorizacion,,,
4962,Algebra,Factorizacion,,,
4963,Algebra,Factorizacion,,,
4964,Algebra,Factorizacion,,,
4965,Algebra,Factorizacion,,,
4966,Algebra,Factorizacion,,,
4967,Algebra,Factorizacion,,,
4968,Algebra,Factorizacion,,,
4969,Algebra,Factorizacion,,,
4970,Algebra,Factorizacion,,,
4971,Algebra,Factorizacion,,,
4972,Algebra,Factorizacion,,,
4973,Algebra,Factorizacion,,,
4974,Algebra,Factorizacion,,,
4975,Algebra,Factorizacion,,,
4976,Algebra,Factorizacion,,,
4977,Algebra,Factorizacion,,,
4978,Algebra,Factorización,,,
4979,Algebra,Factorizacion,,,
4980,Algebra,Factorizacion,,,
4981,Algebra,Factorizacion,,,
4982,Algebra,Factorizacion,,,
4983,Algebra,Factorizacion,,,
4984,Algebra,Factorizacion,,,
4985,Algebra,Factorizacion,,,
4986,Algebra,Factorizacion,,,
4987,Algebra,Factorizacion,,,
4988,Algebra,Factorizacion,,,
4989,Algebra,Factorizacion,,,
4990,Algebra,Factorización,,,
4991,Algebra,Factorizacion,,,
4992,Algebra,Factorizacion,,,
4993,Algebra,Factorizacion,,,
4994,Algebra,Factorizacion,,,
4995,Algebra,Factorizacion,,,
4996,Algebra,Factorizacion,,,
4997,Algebra,Factorizacion,,,
4998,Algebra,Factorizacion,,,
4999,Algebra,Factorizacion,,,
5000,Algebra,Factorizacion,,,
5001,Algebra,Factorización,,,
5002,Algebra,Factorizacion,,,
5003,Algebra,Factorizacion,,,
5004,Algebra,Factorización,,,
5005,Algebra,Factorizacion,,,
5006,Algebra,Factorizacion,,,
5007,Algebra,Factorización,,,
5008,Algebra,Factorización,,,
5009,Algebra,Factorizacion,,,
5010,Algebra,Factorizacion,,,
5011,Algebra,Factorización,,,
5012,Algebra,Factorizacion,,,
5013,Algebra,Factorizacion,,,
5014,Algebra,Factorizacion,,,
5015,Algebra,Factorizacion,,,
5016,Algebra,Factorización,,,
5017,Algebra,Factorizacion,,,
5018,Algebra,Factorizacion,,,
5019,Algebra,Factorizacion,,,
5020,Algebra,Factorizacion,,,
5021,Algebra,Factorizacion,,,
5022,Algebra,Factorizacion,,,
5023,Algebra,Factorizacion,,,
5024,Algebra,Factorizacion,,,
5025,Algebra,Factorizacion,,,
5026,Algebra,Factorizacion,,,
5027,Algebra,Factorizacion,,,
5028,Algebra,Factorizacion,,,
5029,Algebra,Factorizacion,,,
5030,Algebra,Factorizacion,,,
5031,Algebra,Factorizacion,,,
5032,Algebra,Factorizacion,,,
5033,Algebra,Factorizacion,,,
5034,Algebra,Factorizacion,,,
5035,Algebra,Factorizacion,,,
5036,Algebra,Factorizacion,,,
5037,Algebra,Factorizacion,,,
5038,Algebra,Factorizacion,,,
5039,Algebra,Factorizacion,,,
5040,Algebra,Factorizacion,,,
5041,Algebra,Factorizacion,,,
5042,Algebra,Factorizacion,,,
5043,Algebra,Factorizacion,,,
5044,Algebra,Factorizacion,,,
5045,Algebra,Factorizacion,,,
5046,Algebra,Factorización,,,
5047,Algebra,Factorizacion,,,
5048,Algebra,Factorizacion,,,
5049,Algebra,Factorizacion,,,
5050,Algebra,Factorizacion,,,
5051,Algebra,Factorización,,,
5052,Algebra,Factorizacion,,,
5053,Algebra,Factorizacion,,,
5054,Algebra,Factorizacion,,,
5055,Algebra,Factorización,,,
5056,Algebra,Factorizacion,,,
5057,Algebra,Factorizacion,,,
5058,Algebra,Factorizacion,,,
5059,Algebra,Factorizacion,,,
5060,Algebra,Factorizacion,,,
5061,Algebra,Factorizacion,,,
5062,Algebra,Factorizacion,,,
5063,Algebra,Factorizacion,,,
5064,Algebra,Factorizacion,,,
5065,Algebra,Factorizacion,,,
5066,Algebra,Factorizacion,,,
5067,Algebra,Factorización,,,
5068,Algebra,Factorizacion,,,
5069,Algebra,Factorizacion,,,
5070,Algebra,Factorizacion,,,
5071,Algebra,Factorizacion,,,
5085,Geometria,Triangulos,,,
5086,Geometria,Clasificacion de Triangulos,,,
5087,Geometria,Clasificacion de Triangulos,,,
5088,Geometria,Desigualdades Geometricas,,,
5089,Geometria,Clasificacion de Triangulos,,,
5090,Geometria,Desigualdades Geometricas,,,
5091,Geometria,Lineas Notables,,,
5092,Geometria,Desigualdades Geometricas,,,
5093,Geometria,Triangulos,,,
5094,Geometria,Triangulos,,,
5095,Geometria,Lineas Notables,,,
5096,Geometria,Clasificacion de Triangulos,,,
5097,Geometria,Triangulos,,,
5098,Geometria,Triangulos,,,
5099,Algebra,Factorizacion,,,
5100,Algebra,Factorizacion,,,
5101,Algebra,Factorizacion,,,
5102,Algebra,Factorizacion,,,
5103,Algebra,Factorizacion,,,
5104,Algebra,Factorizacion,,,
5105,Algebra,Factorizacion,,,
5106,Algebra,Factorizacion,,,
5107,Algebra,Factorizacion,,,
5108,Algebra,Factorizacion,,,
5109,Algebra,Factorizacion,,,
5110,Algebra,Factorizacion,,,
5111,Algebra,Factorizacion,,,
5112,Algebra,Factorizacion,,,
5113,Algebra,Factorizacion,,,
5114,Algebra,Factorizacion,,,
5115,Algebra,Factorizacion,,,
5116,Algebra,Factorizacion,,,
5117,Algebra,Factorizacion,,,
5118,Algebra,Factorizacion,,,
5119,Algebra,Factorizacion,,,
5120,Algebra,Factorizacion,,,
5121,Algebra,Factorizacion,,,
5122,Algebra,Factorizacion,,,
5123,Algebra,Factorizacion,,,
5124,Algebra,Factorizacion,,,
5125,Algebra,Factorizacion,,,
5126,Algebra,Factorizacion,,,
5127,Algebra,Factorizacion,,,
5128,Algebra,Factorizacion,,,
5129,Algebra,Factorizacion,,,
5130,Algebra,Factorizacion,,,
5131,Algebra,Factorizacion,,,
5132,Algebra,Factorizacion,,,
5133,Algebra,Factorizacion,,,
5134,Algebra,Factorizacion,,,
5135,Algebra,Factorizacion,,,
5136,Algebra,Factorizacion,,,
5137,Algebra,Factorizacion,,,
5138,Algebra,Factorizacion,,,
5139,Algebra,Factorizacion,,,
5140,Algebra,Factorizacion,,,
5141,Algebra,Factorizacion,,,
5142,Algebra,Factorizacion,,,
5143,Algebra,Factorizacion,,,
5144,Algebra,Factorizacion,,,
5145,Algebra,Factorizacion,,,
5146,Algebra,Factorizacion,,,
5147,Algebra,Factorizacion,,,
5148,Algebra,Factorizacion,,,
5149,Algebra,Factorizacion,,,
5150,Algebra,Factorizacion,,,
5151,Algebra,Factorizacion,,,
5152,Algebra,Factorizacion,,,
5153,Algebra,Factorizacion,,,
5154,Algebra,Factorizacion,,,
5155,Algebra,Factorizacion,,,
5156,Algebra,Factorizacion,,,
5157,Algebra,Factorizacion,,,
5158,Algebra,Factorizacion,,,
5159,Algebra,Factorizacion,,,
5160,Algebra,Factorizacion,,,
5161,Algebra,Factorizacion,,,
5162,Algebra,Factorizacion,,,
5163,Algebra,Factorizacion,,,
5164,Algebra,Factorizacion,,,
5165,Algebra,Factorizacion,,,
5166,Algebra,Factorizacion,,,
5167,Algebra,Factorizacion,,,
5168,Algebra,Factorizacion,,,
5169,Algebra,Factorizacion,,,
5170,Algebra,Factorizacion,,,
5171,Algebra,Factorizacion,,,
5172,Algebra,Factorizacion,,,
5173,Algebra,Factorizacion,,,
5174,Algebra,Factorizacion,,,
5175,Algebra,Factorizacion,,,
5176,Algebra,Factorizacion,,,
5177,Algebra,Factorizacion,,,
5178,Algebra,Factorizacion,,,
5179,Algebra,Factorizacion,,,
5180,Algebra,Factorizacion,,,
5181,Algebra,Factorizacion,,,
5182,Algebra,Factorizacion,,,
5183,Algebra,Factorizacion,,,
5184,Algebra,Factorizacion,,,
5185,Algebra,Factorizacion,,,
5186,Algebra,Factorizacion,,,
5187,Algebra,Factorizacion,,,
5188,Algebra,Factorizacion,,,
5189,Algebra,Factorizacion,,,
5190,Algebra,Factorizacion,,,
5191,Algebra,Factorizacion,,,
5192,Algebra,Factorizacion,,,
5193,Algebra,Factorizacion,,,
5194,Algebra,Factorizacion,,,
5195,Algebra,Factorizacion,,,
5196,Algebra,Factorizacion,,,
5197,Algebra,Factorizacion,,,
5198,Algebra,Factorizacion,,,
5199,Algebra,Factorizacion,,,
5200,Algebra,Factorizacion,,,
5201,Algebra,Factorizacion,,,
5202,Algebra,Factorizacion,,,
5203,Algebra,Factorizacion,,,
5204,Algebra,Factorizacion,,,
5205,Algebra,Factorizacion,,,
5206,Algebra,Factorizacion,,,
5207,Algebra,Factorizacion,,,
5208,Algebra,Factorizacion,,,
5209,Algebra,Factorizacion,,,
5210,Algebra,Factorizacion,,,
5211,Algebra,Factorizacion,,,
5212,Algebra,Factorizacion,,,
5213,Algebra,Factorizacion,,,
5214,Geometria,Congruencia de triangulos,,,
5215,Geometria,Congruencia de triangulos,,,
5216,Geometria,Congruencia de triangulos,,,
5217,Geometria,Congruencia de triangulos,,,
5218,Geometria,Congruencia de triangulos,,,
5219,Geometria,Congruencia de triangulos,,,
5220,Geometria,Congruencia de triangulos,,,
5221,Geometria,Congruencia de triangulos,,,
5222,Geometria,Congruencia de triangulos,,,
5223,Geometria,Congruencia de triangulos,,,
5224,Geometria,Congruencia de triangulos,,,
5225,Geometria,Congruencia de triangulos,,,
5226,Geometria,Congruencia de triangulos,,,
5227,Geometria,Congruencia de triangulos,,,
5228,Geometria,Congruencia de triangulos,,,
5229,Geometria,Congruencia de triangulos,,,
5230,Geometria,Congruencia de triangulos,,,
5231,Geometria,Congruencia de triangulos,,,
5232,Geometria,Congruencia de triangulos,,,
5233,Geometria,Congruencia de triangulos,,,
5234,Geometria,Congruencia de triangulos,,,
5235,Geometria,Congruencia de triangulos,,,
5236,Geometria,Congruencia de triangulos,,,
5237,Geometria,Congruencia de triangulos,,,
5238,Geometria,Congruencia de triangulos,,,
5239,Geometria,Congruencia de triangulos,,,
5240,Geometria,Congruencia de triangulos,,,
5241,Geometria,Congruencia de triangulos,,,
5242,Geometria,Congruencia de triangulos,,,
5243,Geometria,Congruencia de triangulos,,,
5244,Geometria,Congruencia de triangulos,,,
5245,Geometria,Congruencia de triangulos,,,
5246,Geometria,Congruencia de triangulos,,,
5247,Geometria,Congruencia de triangulos,,,
5248,Geometria,Congruencia de triangulos,,,
5249,Geometria,Congruencia de triangulos,,,
5250,Geometria,Congruencia de triangulos,,,
5251,Geometria,Congruencia de triangulos,,,
5252,Geometria,Congruencia de triangulos,,,
5253,Geometria,Congruencia de triangulos,,,
5254,Geometria,Congruencia de triangulos,,,
5255,Geometria,Congruencia de triangulos,,,
5256,Geometria,Congruencia de triangulos,,,
5257,Geometria,Congruencia de triangulos,,,
5258,Geometria,Congruencia de triangulos,,,
5259,Geometria,Congruencia de triangulos,,,
5260,Geometria,Congruencia de triangulos,,,
5261,Geometria,Congruencia de triangulos,,,
5262,Geometria,Congruencia de triangulos,,,
5263,Geometria,Congruencia de triangulos,,,
5264,Geometria,Congruencia de triangulos,,,
5265,Geometria,Congruencia de triangulos,,,
5266,Geometria,Congruencia de triangulos,,,
5267,Geometria,Congruencia de triangulos,,,
5268,Geometria,Congruencia de triangulos,,,
5269,Geometria,Congruencia de triangulos,,,
5270,Geometria,Congruencia de triangulos,,,
5271,Geometria,Congruencia de triangulos,,,
5272,Geometria,Congruencia de triangulos,,,
5273,Geometria,Congruencia de triangulos,,,
5274,Geometria,Congruencia de triangulos,,,
5275,Geometria,Congruencia de triangulos,,,
5276,Geometria,Congruencia de triangulos,,,
5277,Geometria,Congruencia de triangulos,,,
5278,Geometria,Congruencia de triangulos,,,
5279,Geometria,Congruencia de triangulos,,,
5280,Geometria,Congruencia de triangulos,,,
5281,Geometria,Congruencia de triangulos,,,
5282,Geometria,Congruencia de triangulos,,,
5283,Geometria,Congruencia de triangulos,,,
5284,Geometria,Congruencia de triangulos,,,
5285,Geometria,Congruencia de triangulos,,,
5286,Geometria,Congruencia de triangulos,,,
5287,Geometria,Congruencia de triangulos,,,
5288,Geometria,Congruencia de triangulos,,,
5289,Geometria,Congruencia de triangulos,,,
5290,Geometria,Congruencia de triangulos,,,
5291,Geometria,Congruencia de triangulos,,,
5292,Geometria,Congruencia de triangulos,,,
5293,Geometria,Congruencia de triangulos,,,
5294,Geometria,Congruencia de triangulos,,,
5295,Geometria,Congruencia de triangulos,,,
5296,Geometria,Congruencia de triangulos,,,
5297,Geometria,Congruencia de triangulos,,,
5298,Geometria,Congruencia de triangulos,,,
5299,Geometria,Congruencia de triangulos,,,
5300,Geometria,Congruencia de triangulos,,,
5301,Geometria,Congruencia de triangulos,,,
5302,Geometria,Congruencia de triangulos,,,
5303,Geometria,Congruencia de triangulos,,,
5304,Geometria,Congruencia de triangulos,,,
5305,Geometria,Congruencia de triangulos,,,
5306,Geometria,Congruencia de triangulos,,,
5307,Geometria,Congruencia de triangulos,,,
5308,Geometria,Congruencia de triangulos,,,
5309,Geometria,Congruencia de triangulos,,,
5310,Geometria,Congruencia de triangulos,,,
5311,Geometria,Congruencia de triangulos,,,
5312,Geometria,Congruencia de triangulos,,,
5313,Geometria,Congruencia de triangulos,,,
5314,Geometria,Congruencia de triangulos,,,
5315,Geometria,Congruencia de triangulos,,,
5316,Geometria,Congruencia de triangulos,,,
5317,Geometria,Congruencia de triangulos,,,
5318,Geometria,Congruencia de triangulos,,,
5319,Geometria,Congruencia de triangulos,,,
5320,Geometria,Congruencia de triangulos,,,
5321,Geometria,Congruencia de triangulos,,,
5322,Geometria,Congruencia de triangulos,,,
5323,Geometria,Congruencia de triangulos,,,
5324,Geometria,Congruencia de triangulos,,,
5325,Geometria,Congruencia de triangulos,,,
5326,Geometria,Congruencia de triangulos,,,
5327,Geometria,Congruencia de triangulos,,,
5328,Geometria,Congruencia de triangulos,,,
5329,Geometria,Congruencia de triangulos,,,
5330,Geometria,Congruencia de triangulos,,,
5331,Geometria,Congruencia de triangulos,,,
5332,Geometria,Congruencia de triangulos,,,
5333,Geometria,Congruencia de triangulos,,,
5334,Geometria,Congruencia de triangulos,,,
5335,Geometria,Congruencia de triangulos,,,
5336,Geometria,Congruencia de triangulos,,,
5337,Geometria,Congruencia de triangulos,,,
5338,Geometria,Congruencia de triangulos,,,
5339,Geometria,Congruencia de triangulos,,,
5340,Geometria,Congruencia de triangulos,,,
5341,Geometria,Congruencia de triangulos,,,
5342,Geometria,Congruencia de triangulos,,,
5343,Geometria,Congruencia de triangulos,,,
5344,Geometria,Congruencia de triangulos,,,
5345,Geometria,Congruencia de triangulos,,,
5346,Geometria,Congruencia de triangulos,,,
5347,Geometria,Congruencia de triangulos,,,
5348,Geometria,Congruencia de triangulos,,,
5349,Geometria,Congruencia de triangulos,,,
5350,Geometria,Congruencia de triangulos,,,
5351,Geometria,Congruencia de triangulos,,,
5352,Geometria,Congruencia de triangulos,,,
5353,Geometria,Congruencia de triangulos,,,
5354,Geometria,Congruencia de triangulos,,,
5355,Geometria,Congruencia de triangulos,,,
5356,Geometria,Congruencia de triangulos,,,
5357,Geometria,Congruencia de triangulos,,,
5358,Geometria,Congruencia de triangulos,,,
5359,Geometria,Congruencia de triangulos,,,
5360,Geometria,Congruencia de triangulos,,,
5361,Geometria,Congruencia de triangulos,,,
5362,Geometria,Congruencia de triangulos,,,
5363,Geometria,Congruencia de triangulos,,,
5364,Geometria,Congruencia de triangulos,,,
5365,Geometria,Congruencia de triangulos,,,
5366,Geometria,Congruencia de triangulos,,,
5367,Geometria,Congruencia de triangulos,,,
5368,Geometria,Congruencia de triangulos,,,
5369,Geometria,Congruencia de triangulos,,,
5370,Geometria,Congruencia de triangulos,,,
5371,Geometria,Congruencia de triangulos,,,
5372,Geometria,Congruencia de triangulos,,,
5373,Geometria,Congruencia de triangulos,,,
5374,Geometria,Congruencia de triangulos,,,
5375,Geometria,Congruencia de triangulos,,,
5376,Geometria,Congruencia de triangulos,,,
5377,Geometria,Congruencia de triangulos,,,
5378,Geometria,Congruencia de triangulos,,,
5379,Geometria,Congruencia de triangulos,,,
5380,Geometria,Congruencia de triangulos,,,
5381,Geometria,Congruencia de triangulos,,,
5382,Geometria,Congruencia de triangulos,,,
5383,Geometria,Congruencia de triangulos,,,
5384,Geometria,Congruencia de triangulos,,,
5385,Geometria,Congruencia de triangulos,,,
5386,Geometria,Congruencia de triangulos,,,
5387,Geometria,Congruencia de triangulos,,,
5388,Geometria,Congruencia de triangulos,,,
5389,Geometria,Congruencia de triangulos,,,
5390,Geometria,Congruencia de triangulos,,,
5391,Geometria,Congruencia de triangulos,,,
5392,Geometria,Congruencia de triangulos,,,
5393,Geometria,Congruencia de triangulos,,,
5394,Geometria,Congruencia de triangulos,,,
5395,Geometria,Congruencia de triangulos,,,
5396,Geometria,Congruencia de triangulos,,,
5397,Geometria,Congruencia de triangulos,,,
5398,Geometria,Congruencia de triangulos,,,
5399,Geometria,Congruencia de triangulos,,,
5400,Geometria,Congruencia de triangulos,,,
5401,Geometria,Congruencia de triangulos,,,
5402,Geometria,Congruencia de triangulos,,,
5403,Geometria,Congruencia de triangulos,,,
5404,Geometria,Congruencia de triangulos,,,
5405,Geometria,Congruencia de triangulos,,,
5406,Geometria,Congruencia de triangulos,,,
5407,Geometria,Congruencia de triangulos,,,
5408,Geometria,Congruencia de triangulos,,,
5409,Geometria,Congruencia de triangulos,,,
5410,Geometria,Congruencia de triangulos,,,
5411,Geometria,Congruencia de triangulos,,,
5412,Geometria,Congruencia de triangulos,,,
5413,Geometria,Congruencia de triangulos,,,
5414,Geometria,Congruencia de triangulos,,,
5415,Geometria,Congruencia de triangulos,,,
5416,Geometria,Congruencia de triangulos,,,
5417,Geometria,Congruencia de triangulos,,,
5418,Geometria,Congruencia de triangulos,,,
5419,Geometria,Congruencia de triangulos,,,
5420,Geometria,Congruencia de triangulos,,,
5421,Geometria,Congruencia de triangulos,,,
5422,Geometria,Congruencia de triangulos,,,
5423,Geometria,Congruencia de triangulos,,,
5424,Geometria,Congruencia de triangulos,,,
5425,Geometria,Congruencia de triangulos,,,
5426,Geometria,Congruencia de triangulos,,,
5427,Geometria,Congruencia de triangulos,,,
5428,Geometria,Congruencia de triangulos,,,
5429,Geometria,Congruencia de triangulos,,,
5430,Geometria,Congruencia de triangulos,,,
5431,Geometria,Congruencia de triangulos,,,
5432,Geometria,Congruencia de triangulos,,,
5433,Geometria,Congruencia de triangulos,,,
5434,Geometria,Congruencia de triangulos,,,
5435,Geometria,Congruencia de triangulos,,,
5436,Geometria,Congruencia de triangulos,,,
5437,Geometria,Congruencia de triangulos,,,
5438,Geometria,Congruencia de triangulos,,,
5439,Geometria,Congruencia de triangulos,,,
5440,Geometria,Congruencia de triangulos,,,
5441,Geometria,Congruencia de triangulos,,,
5442,Geometria,Congruencia de triangulos,,,
5443,Geometria,Congruencia de triangulos,,,
5444,Geometria,Congruencia de triangulos,,,
5445,Geometria,Congruencia de triangulos,,,
5446,Geometria,Congruencia de triangulos,,,
5447,Geometria,Congruencia de triangulos,,,
5448,Geometria,Congruencia de triangulos,,,
5449,Geometria,Congruencia de triangulos,,,
5450,Geometria,Congruencia de triangulos,,,
5451,Geometria,Congruencia de triangulos,,,
5452,Geometria,Congruencia de triangulos,,,
5453,Geometria,Congruencia de triangulos,,,
5454,Geometria,Congruencia de triangulos,,,
5455,Geometria,Congruencia de triangulos,,,
5456,Geometria,Congruencia de triangulos,,,
5457,Geometria,Congruencia de triangulos,,,
5458,Geometria,Congruencia de triangulos,,,
5459,Geometria,Congruencia de triangulos,,,
5460,Geometria,Congruencia de triangulos,,,
5461,Geometria,Congruencia de triangulos,,,
5462,Geometria,Congruencia de triangulos,,,
5463,Geometria,Congruencia de triangulos,,,
5464,Geometria,Congruencia de triangulos,,,
5465,Geometria,Congruencia de triangulos,,,
5466,Geometria,Congruencia de triangulos,,,
5467,Geometria,Congruencia de triangulos,,,
5468,Geometria,Congruencia de triangulos,,,
5469,Geometria,Congruencia de triangulos,,,
5470,Geometria,Congruencia de triangulos,,,
5471,Geometria,Congruencia de triangulos,,,
5472,Geometria,Congruencia de triangulos,,,
5473,Geometria,Congruencia de triangulos,,,
5474,Geometria,Congruencia de triangulos,,,
5475,Geometria,Congruencia de triangulos,,,
5476,Geometria,Congruencia de triangulos,,,
5477,Geometria,Congruencia de triangulos,,,
5478,Geometria,Congruencia de triangulos,,,
5479,Geometria,Congruencia de triangulos,,,
5480,Geometria,Congruencia de triangulos,,,
5481,Geometria,Congruencia de triangulos,,,
5482,Geometria,Congruencia de triangulos,,,
5483,Geometria,Congruencia de triangulos,,,
5484,Geometria,Congruencia de triangulos,,,
5485,Geometria,Congruencia de triangulos,,,
5486,Geometria,Congruencia de triangulos,,,
5487,Geometria,Congruencia de triangulos,,,
5488,Geometria,Congruencia de triangulos,,,
5489,Geometria,Congruencia de triangulos,,,
5490,Geometria,Congruencia de triangulos,,,
5491,Geometria,Congruencia de triangulos,,,
5492,Geometria,Congruencia de triangulos,,,
5493,Geometria,Congruencia de triangulos,,,
5494,Geometria,Congruencia de triangulos,,,
5495,Geometria,Congruencia de triangulos,,,
5496,Geometria,Congruencia de triangulos,,,
5497,Geometria,Congruencia de triangulos,,,
5498,Geometria,Congruencia de triangulos,,,
5499,Geometria,Congruencia de triangulos,,,
5500,Geometria,Congruencia de triangulos,,,
5501,Geometria,Congruencia de triangulos,,,
5502,Geometria,Congruencia de triangulos,,,
5503,Geometria,Congruencia de triangulos,,,
5504,Geometria,Congruencia de triangulos,,,
5505,Geometria,Congruencia de triangulos,,,
5506,Geometria,Congruencia de triangulos,,,
5507,Geometria,Congruencia de triangulos,,,
5508,Geometria,Congruencia de triangulos,,,
5509,Geometria,Congruencia de triangulos,,,
5510,Geometria,Congruencia de triangulos,,,
5511,Geometria,Congruencia de triangulos,,,
5512,Geometria,Congruencia de triangulos,,,
5513,Geometria,Congruencia de triangulos,,,
5514,Geometria,Cuadrilateros,,,
5515,Geometria,Cuadrilateros,,,
5516,Geometria,Cuadrilateros,,,
5517,Geometria,Cuadrilateros,,,
5518,Geometria,Cuadrilateros,,,
5519,Geometria,Cuadrilateros,,,
5520,Geometria,Cuadrilateros,,,
5521,Geometria,Cuadrilateros,,,
5522,Geometria,Cuadrilateros,,,
5523,Geometria,Cuadrilateros,,,
5524,Geometria,Cuadrilateros,,,
5525,Geometria,Cuadrilateros,,,
5526,Geometria,Cuadrilateros,,,
5527,Geometria,Cuadrilateros,,,
5528,Geometria,Cuadrilateros,,,
5529,Geometria,Cuadrilateros,,,
5530,Geometria,Cuadrilateros,,,
5531,Geometria,Cuadrilateros,,,
5532,Geometria,Cuadrilateros,,,
5533,Geometria,Cuadrilateros,,,
5534,Geometria,Cuadrilateros,,,
5535,Geometria,Cuadrilateros,,,
5536,Geometria,Cuadrilateros,,,
5537,Geometria,Cuadrilateros,,,
5538,Geometria,Cuadrilateros,,,
5539,Geometria,Cuadrilateros,,,
5540,Geometria,Cuadrilateros,,,
5541,Geometria,Cuadrilateros,,,
5542,Geometria,Cuadrilateros,,,
5543,Geometria,Cuadrilateros,,,
5544,Geometria,Cuadrilateros,,,
5545,Geometria,Cuadrilateros,,,
5546,Geometria,Cuadrilateros,,,
5547,Geometria,Cuadrilateros,,,
5548,Geometria,Cuadrilateros,,,
5549,Geometria,Cuadrilateros,,,
5550,Geometria,Cuadrilateros,,,
5551,Geometria,Cuadrilateros,,,
5552,Geometria,Cuadrilateros,,,
5553,Geometria,Cuadrilateros,,,
5554,Geometria,Cuadrilateros,,,
5555,Geometria,Cuadrilateros,,,
5556,Geometria,Cuadrilateros,,,
5557,Geometria,Cuadrilateros,,,
5558,Geometria,Cuadrilateros,,,
5559,Geometria,Cuadrilateros,,,
5560,Geometria,Cuadrilateros,,,
5561,Geometria,Cuadrilateros,,,
5562,Geometria,Cuadrilateros,,,
5563,Geometria,Cuadrilateros,,,
5564,Geometria,Cuadrilateros,,,
5565,Geometria,Cuadrilateros,,,
5566,Geometria,Cuadrilateros,,,
5567,Geometria,Cuadrilateros,,,
5568,Geometria,Cuadrilateros,,,
5569,Geometria,Cuadrilateros,,,
5570,Geometria,Cuadrilateros,,,
5571,Geometria,Cuadrilateros,,,
5572,Geometria,Cuadrilateros,,,
5573,Geometria,Cuadrilateros,,,
5574,Geometria,Cuadrilateros,,,
5575,Geometria,Cuadrilateros,,,
5576,Geometria,Cuadrilateros,,,
5577,Geometria,Cuadrilateros,,,
5578,Geometria,Cuadrilateros,,,
5579,Geometria,Cuadrilateros,,,
5580,Geometria,Cuadrilateros,,,
5581,Geometria,Cuadrilateros,,,
5582,Geometria,Cuadrilateros,,,
5583,Geometria,Cuadrilateros,,,
5584,Geometria,Cuadrilateros,,,
5585,Geometria,Cuadrilateros,,,
5586,Geometria,Cuadrilateros,,,
5587,Geometria,Cuadrilateros,,,
5588,Geometria,Cuadrilateros,,,
5589,Geometria,Cuadrilateros,,,
5590,Geometria,Cuadrilateros,,,
5591,Geometria,Cuadrilateros,,,
5592,Geometria,Cuadrilateros,,,
5593,Geometria,Cuadrilateros,,,
5594,Geometria,Cuadrilateros,,,
5595,Geometria,Cuadrilateros,,,
5596,Geometria,Congruencia de triangulos,,,
5597,Geometria,Cuadrilateros,,,
5598,Geometria,Cuadrilateros,,,
5599,Geometria,Cuadrilateros,,,
5600,Geometria,Cuadrilateros,,,
5601,Geometria,Cuadrilateros,,,
5602,Geometria,Cuadrilateros,,,
5603,Geometria,Cuadrilateros,,,
5604,Geometria,Cuadrilateros,,,
5605,Geometria,Cuadrilateros,,,
5606,Geometria,Cuadrilateros,,,
5607,Geometria,Cuadrilateros,,,
5608,Geometria,Cuadrilateros,,,
5609,Geometria,Cuadrilateros,,,
5610,Geometria,Cuadrilateros,,,
5611,Geometria,Cuadrilateros,,,
5612,Geometria,Cuadrilateros,,,
5613,Geometria,Cuadrilateros,,,
5614,Geometria,Cuadrilateros,,,
5615,Geometria,Cuadrilateros,,,
5616,Geometria,Cuadrilateros,,,
5617,Geometria,Cuadrilateros,,,
5618,Geometria,Cuadrilateros,,,
5619,Geometria,Cuadrilateros,,,
5620,Geometria,Cuadrilateros,,,
5621,Geometria,Cuadrilateros,,,
5622,Geometria,Cuadrilateros,,,
5623,Geometria,Cuadrilateros,,,
5624,Geometria,Cuadrilateros,,,
5625,Geometria,Cuadrilateros,,,
5626,Geometria,Cuadrilateros,,,
5627,Geometria,Cuadrilateros,,,
5628,Geometria,Cuadrilateros,,,
5629,Geometria,Congruencia de triangulos,,,
5630,Geometria,Cuadrilateros,,,
5631,Geometria,Cuadrilateros,,,
5632,Geometria,Cuadrilateros,,,
5633,Geometria,Cuadrilateros,,,
5634,Geometria,Cuadrilateros,,,
5635,Geometria,Cuadrilateros,,,
5636,Geometria,Cuadrilateros,,,
5637,Geometria,Cuadrilateros,,,
5638,Geometria,Cuadrilateros,,,
5639,Geometria,Cuadrilateros,,,
5640,Geometria,Cuadrilateros,,,
5641,Geometria,Cuadrilateros,,,
5642,Geometria,Cuadrilateros,,,
5643,Geometria,Cuadrilateros,,,
5644,Geometria,Cuadrilateros,,,
5645,Geometria,Cuadrilateros,,,
5646,Geometria,Cuadrilateros,,,
5647,Geometria,Cuadrilateros,,,
5648,Geometria,Cuadrilateros,,,
5649,Geometria,Cuadrilateros,,,
5650,Geometria,Cuadrilateros,,,
5651,Geometria,Cuadrilateros,,,
5652,Geometria,Cuadrilateros,,,
5653,Geometria,Cuadrilateros,,,
5654,Geometria,Cuadrilateros,,,
5655,Geometria,Congruencia de triangulos,,,
5656,Geometria,Cuadrilateros,,,
5657,Geometria,Cuadrilateros,,,
5658,Geometria,Cuadrilateros,,,
5659,Geometria,Cuadrilateros,,,
5660,Geometria,Cuadrilateros,,,
5661,Geometria,Cuadrilateros,,,
5662,Geometria,Cuadrilateros,,,
5663,Geometria,Cuadrilateros,,,
5664,Geometria,Cuadrilateros,,,
5665,Geometria,Cuadrilateros,,,
5666,Geometria,Cuadrilateros,,,
5667,Geometria,Cuadrilateros,,,
5668,Geometria,Cuadrilateros,,,
5669,Geometria,Cuadrilateros,,,
5670,Geometria,Cuadrilateros,,,
5671,Geometria,Cuadrilateros,,,
5672,Geometria,Cuadrilateros,,,
5673,Geometria,Cuadrilateros,,,
5674,Geometria,Cuadrilateros,,,
5675,Geometria,Cuadrilateros,,,
5676,Geometria,Cuadrilateros,,,
5677,Geometria,Cuadrilateros,,,
5678,Geometria,Cuadrilateros,,,
5679,Geometria,Cuadrilateros,,,
5680,Geometria,Cuadrilateros,,,
5681,Geometria,Cuadrilateros,,,
5682,Geometria,Cuadrilateros,,,
5683,Geometria,Cuadrilateros,,,
5684,Geometria,Cuadrilateros,,,
5685,Geometria,Cuadrilateros,,,
5686,Geometria,Cuadrilateros,,,
5687,Geometria,Congruencia de triangulos,,,
5688,Geometria,Cuadrilateros,,,
5689,Geometria,Cuadrilateros,,,
5690,Geometria,Cuadrilateros,,,
5691,Geometria,Cuadrilateros,,,
5692,Geometria,Cuadrilateros,,,
5693,Geometria,Cuadrilateros,,,
5694,Geometria,Cuadrilateros,,,
5695,Geometria,Cuadrilateros,,,
5696,Geometria,Cuadrilateros,,,
5697,Geometria,Cuadrilateros,,,
5698,Geometria,Cuadrilateros,,,
5699,Geometria,Cuadrilateros,,,
5700,Geometria,Cuadrilateros,,,
5701,Geometria,Cuadrilateros,,,
5702,Geometria,Cuadrilateros,,,
5703,Geometria,Congruencia de triangulos,,,
5704,Geometria,Cuadrilateros,,,
5705,Geometria,Congruencia de triangulos,,,
5706,Geometria,Congruencia de triangulos,,,
5707,Geometria,Cuadrilateros,,,
5708,Geometria,Cuadrilateros,,,
5709,Geometria,Cuadrilateros,,,
5710,Geometria,Cuadrilateros,,,
5711,Geometria,Cuadrilateros,,,
5712,Geometria,Cuadrilateros,,,
5713,Geometria,Cuadrilateros,,,
5714,Geometria,Cuadrilateros,,,
5715,Geometria,Cuadrilateros,,,
5716,Geometria,Congruencia de triangulos,,,
5717,Geometria,Cuadrilateros,,,
5718,Geometria,Cuadrilateros,,,
5719,Geometria,Cuadrilateros,,,
5720,Geometria,Cuadrilateros,,,
5721,Geometria,Cuadrilateros,,,
5722,Geometria,Congruencia de triangulos,,,
5723,Geometria,Cuadrilateros,,,
5724,Geometria,Cuadrilateros,,,
5725,Geometria,Cuadrilateros,,,
5726,Geometria,Cuadrilateros,,,
5727,Geometria,Cuadrilateros,,,
5728,Geometria,Cuadrilateros,,,
5729,Geometria,Cuadrilateros,,,
5730,Geometria,Cuadrilateros,,,
5731,Geometria,Congruencia de triangulos,,,
5732,Geometria,Cuadrilateros,,,
5733,Geometria,Cuadrilateros,,,
5734,Geometria,Cuadrilateros,,,
5735,Geometria,Congruencia de triangulos,,,
5736,Geometria,Cuadrilateros,,,
5737,Geometria,Cuadrilateros,,,
5738,Geometria,Cuadrilateros,,,
5739,Geometria,Cuadrilateros,,,
5740,Geometria,Cuadrilateros,,,
5741,Geometria,Cuadrilateros,,,
5742,Geometria,Cuadrilateros,,,
5743,Geometria,Cuadrilateros,,,
5744,Geometria,Cuadrilateros,,,
5745,Geometria,Cuadrilateros,,,
5746,Geometria,Cuadrilateros,,,
5747,Geometria,Cuadrilateros,,,
5748,Geometria,Cuadrilateros,,,
5749,Geometria,Cuadrilateros,,,
5750,Geometria,Cuadrilateros,,,
5751,Geometria,Cuadrilateros,,,
5752,Geometria,Cuadrilateros,,,
5753,Geometria,Cuadrilateros,,,
5754,Geometria,Cuadrilateros,,,
5755,Geometria,Cuadrilateros,,,
5756,Geometria,Cuadrilateros,,,
5757,Geometria,Cuadrilateros,,,
5758,Geometria,Cuadrilateros,,,
5759,Geometria,Cuadrilateros,,,
5760,Geometria,Cuadrilateros,,,
5761,Geometria,Cuadrilateros,,,
5762,Geometria,Cuadrilateros,,,
5763,Geometria,Cuadrilateros,,,
5764,Geometria,Cuadrilateros,,,
5765,Geometria,Cuadrilateros,,,
5766,Geometria,Cuadrilateros,,,
5767,Geometria,Cuadrilateros,,,
5768,Geometria,Cuadrilateros,,,
5769,Geometria,Cuadrilateros,,,
5770,Geometria,Cuadrilateros,,,
5771,Geometria,Cuadrilateros,,,
5772,Geometria,Cuadrilateros,,,
5773,Geometria,Cuadrilateros,,,
5774,Geometria,Cuadrilateros,,,
5775,Geometria,Cuadrilateros,,,
5776,Geometria,Cuadrilateros,,,
5777,Geometria,Cuadrilateros,,,
5778,Geometria,Cuadrilateros,,,
5779,Geometria,Cuadrilateros,,,
5780,Geometria,Cuadrilateros,,,
5781,Geometria,Cuadrilateros,,,
5782,Geometria,Cuadrilateros,,,
5783,Geometria,Cuadrilateros,,,
5784,Geometria,Cuadrilateros,,,
5785,Geometria,Cuadrilateros,,,
5786,Geometria,Cuadrilateros,,,
5787,Geometria,Cuadrilateros,,,
5788,Geometria,Cuadrilateros,,,
5789,Geometria,Cuadrilateros,,,
5790,Geometria,Cuadrilateros,,,
5791,Geometria,Cuadrilateros,,,
5792,Geometria,Cuadrilateros,,,
5793,Geometria,Cuadrilateros,,,
5794,Geometria,Cuadrilateros,,,
5795,Geometria,Cuadrilateros,,,
5796,Geometria,Cuadrilateros,,,
5797,Geometria,Congruencia de triangulos,,,
5798,Geometria,Cuadrilateros,,,
5799,Geometria,Cuadrilateros,,,
5800,Geometria,Cuadrilateros,,,
5801,Geometria,Cuadrilateros,,,
5802,Geometria,Congruencia de triangulos,,,
5803,Geometria,Cuadrilateros,,,
5804,Geometria,Cuadrilateros,,,
5805,Geometria,Cuadrilateros,,,
5806,Geometria,Cuadrilateros,,,
5807,Geometria,Cuadrilateros,,,
5808,Geometria,Cuadrilateros,,,
5809,Geometria,Cuadrilateros,,,
5810,Geometria,Cuadrilateros,,,
5811,Geometria,Cuadrilateros,,,
5812,Geometria,Cuadrilateros,,,
5813,Geometria,Cuadrilateros,,,
5814,Geometria,Circunferencias,,,
5815,Geometria,Circunferencias,,,
5816,Geometria,Circunferencias,,,
5817,Geometria,Circunferencias,,,
5818,Geometria,Circunferencias,,,
5819,Geometria,Circunferencias,,,
5820,Geometria,Circunferencias,,,
5821,Geometria,Circunferencias,,,
5822,Geometria,Circunferencias,,,
5823,Geometria,Circunferencias,,,
5824,Geometria,Circunferencias,,,
5825,Geometria,Circunferencias,,,
5826,Geometria,Circunferencias,,,
5827,Geometria,Circunferencias,,,
5828,Geometria,Circunferencias,,,
5829,Geometria,Circunferencias,,,
5830,Geometria,Circunferencias,,,
5831,Geometria,Circunferencias,,,
5832,Geometria,Circunferencias,,,
5833,Geometria,Circunferencias,,,
5834,Geometria,Circunferencias,,,
5835,Geometria,Circunferencias,,,
5836,Geometria,Circunferencias,,,
5837,Geometria,Circunferencias,,,
5838,Geometria,Circunferencias,,,
5839,Geometria,Circunferencias,,,
5840,Geometria,Circunferencias,,,
5841,Geometria,Circunferencias,,,
5842,Geometria,Circunferencias,,,
5843,Geometria,Circunferencias,,,
5844,Geometria,Circunferencias,,,
5845,Geometria,Circunferencias,,,
5846,Geometria,Circunferencias,,,
5847,Geometria,Circunferencias,,,
5848,Geometria,Circunferencias,,,
5849,Geometria,Circunferencias,,,
5850,Geometria,Circunferencias,,,
5851,Geometria,Circunferencias,,,
5852,Geometria,Circunferencias,,,
5853,Geometria,Circunferencias,,,
5854,Geometria,Circunferencias,,,
5855,Geometria,Circunferencias,,,
5856,Geometria,Circunferencias,,,
5857,Geometria,Circunferencias,,,
5858,Geometria,Circunferencias,,,
5859,Geometria,Circunferencias,,,
5860,Geometria,Circunferencias,,,
5861,Geometria,Circunferencias,,,
5862,Geometria,Circunferencias,,,
5863,Geometria,Circunferencias,,,
5864,Geometria,Circunferencias,,,
5865,Geometria,Circunferencias,,,
5866,Geometria,Circunferencias,,,
5867,Geometria,Circunferencias,,,
5868,Geometria,Circunferencias,,,
5869,Geometria,Circunferencias,,,
5870,Geometria,Circunferencias,,,
5871,Geometria,Circunferencias,,,
5872,Geometria,Circunferencias,,,
5873,Geometria,Circunferencias,,,
5874,Geometria,Circunferencias,,,
5875,Geometria,Circunferencias,,,
5876,Geometria,Circunferencias,,,
5877,Geometria,Circunferencias,,,
5878,Geometria,Circunferencias,,,
5879,Geometria,Circunferencias,,,
5880,Geometria,Circunferencias,,,
5881,Geometria,Circunferencias,,,
5882,Geometria,Circunferencias,,,
5883,Geometria,Circunferencias,,,
5884,Geometria,Circunferencias,,,
5885,Geometria,Circunferencias,,,
5886,Geometria,Circunferencias,,,
5887,Geometria,Circunferencias,,,
5888,Geometria,Circunferencias,,,
5889,Geometria,Circunferencias,,,
5890,Geometria,Circunferencias,,,
5891,Geometria,Circunferencias,,,
5892,Geometria,Circunferencias,,,
5893,Geometria,Circunferencias,,,
5894,Geometria,Circunferencias,,,
5895,Geometria,Circunferencias,,,
5896,Geometria,Circunferencias,,,
5897,Geometria,Circunferencias,,,
5898,Geometria,Circunferencias,,,
5899,Geometria,Circunferencias,,,
5900,Geometria,Circunferencias,,,
5901,Geometria,Circunferencias,,,
5902,Geometria,Circunferencias,,,
5903,Geometria,Circunferencias,,,
5904,Geometria,Circunferencias,,,
5905,Geometria,Circunferencias,,,
5906,Geometria,Circunferencias,,,
5907,Geometria,Circunferencias,,,
5908,Geometria,Circunferencias,,,
5909,Geometria,Circunferencias,,,
5910,Geometria,Circunferencias,,,
5911,Geometria,Circunferencias,,,
5912,Geometria,Circunferencias,,,
5913,Geometria,Circunferencias,,,
5914,Geometria,Circunferencias,,,
5915,Geometria,Circunferencias,,,
5916,Geometria,Circunferencias,,,
5917,Geometria,Circunferencias,,,
5918,Geometria,Circunferencias,,,
5919,Geometria,Circunferencias,,,
5920,Geometria,Circunferencias,,,
5921,Geometria,Circunferencias,,,
5922,Geometria,Circunferencias,,,
5923,Geometria,Circunferencias,,,
5924,Geometria,Circunferencias,,,
5925,Geometria,Circunferencias,,,
5926,Geometria,Circunferencias,,,
5927,Geometria,Circunferencias,,,
5928,Geometria,Circunferencias,,,
5929,Geometria,Circunferencias,,,
5930,Geometria,Circunferencias,,,
5931,Geometria,Circunferencias,,,
5932,Geometria,Circunferencias,,,
5933,Geometria,Circunferencias,,,
5934,Geometria,Circunferencias,,,
5935,Geometria,Circunferencias,,,
5936,Geometria,Circunferencias,,,
5937,Geometria,Circunferencias,,,
5938,Geometria,Circunferencias,,,
5939,Geometria,Circunferencias,,,
5940,Geometria,Circunferencias,,,
5941,Geometria,Circunferencias,,,
5942,Geometria,Circunferencias,,,
5943,Geometria,Circunferencias,,,
5944,Geometria,Circunferencias,,,
5945,Geometria,Circunferencias,,,
5946,Geometria,Circunferencias,,,
5947,Geometria,Circunferencias,,,
5948,Geometria,Circunferencias,,,
5949,Geometria,Circunferencias,,,
5950,Geometria,Circunferencias,,,
5951,Geometria,Circunferencias,,,
5952,Geometria,Circunferencias,,,
5953,Geometria,Circunferencias,,,
5954,Geometria,Circunferencias,,,
5955,Geometria,Circunferencias,,,
5956,Geometria,Circunferencias,,,
5957,Geometria,Circunferencias,,,
5958,Geometria,Circunferencias,,,
5959,Geometria,Circunferencias,,,
5960,Geometria,Circunferencias,,,
5961,Geometria,Circunferencias,,,
5962,Geometria,Circunferencias,,,
5963,Geometria,Circunferencias,,,
5964,Geometria,Circunferencias,,,
5965,Geometria,Circunferencias,,,
5966,Geometria,Circunferencias,,,
5967,Geometria,Circunferencias,,,
5968,Geometria,Circunferencias,,,
5969,Geometria,Circunferencias,,,
5970,Geometria,Circunferencias,,,
5971,Geometria,Circunferencias,,,
5972,Geometria,Circunferencias,,,
5973,Geometria,Circunferencias,,,
5974,Geometria,Circunferencias,,,
5975,Geometria,Circunferencias,,,
5976,Geometria,Circunferencias,,,
5977,Geometria,Circunferencias,,,
5978,Geometria,Circunferencias,,,
5979,Geometria,Circunferencias,,,
5980,Geometria,Circunferencias,,,
5981,Geometria,Circunferencias,,,
5982,Geometria,Circunferencias,,,
5983,Geometria,Circunferencias,,,
5984,Geometria,Circunferencias,,,
5985,Geometria,Circunferencias,,,
5986,Geometria,Circunferencias,,,
5987,Geometria,Circunferencias,,,
5988,Geometria,Circunferencias,,,
5989,Geometria,Circunferencias,,,
5990,Geometria,Congruencia de triangulos,,,
5991,Geometria,Circunferencias,,,
5992,Geometria,Circunferencias,,,
5993,Geometria,Circunferencias,,,
5994,Geometria,Circunferencias,,,
5995,Geometria,Circunferencias,,,
5996,Geometria,Circunferencias,,,
5997,Geometria,Circunferencias,,,
5998,Geometria,Circunferencias,,,
5999,Geometria,Circunferencias,,,
6000,Geometria,Circunferencias,,,
6001,Geometria,Circunferencias,,,
6002,Geometria,Circunferencias,,,
6003,Geometria,Circunferencias,,,
6004,Geometria,Circunferencias,,,
6005,Geometria,Circunferencias,,,
6006,Geometria,Congruencia de triangulos,,,
6007,Geometria,Circunferencias,,,
6008,Geometria,Circunferencias,,,
6009,Geometria,Circunferencias,,,
6010,Geometria,Circunferencias,,,
6011,Geometria,Circunferencias,,,
6012,Geometria,Circunferencias,,,
6013,Geometria,Circunferencias,,,
6014,Geometria,Circunferencias,,,
6015,Geometria,Circunferencias,,,
6016,Geometria,Circunferencias,,,
6017,Geometria,Circunferencias,,,
6018,Geometria,Circunferencias,,,
6019,Geometria,Circunferencias,,,
6020,Geometria,Congruencia de triangulos,,,
6021,Geometria,Circunferencias,,,
6022,Geometria,Circunferencias,,,
6023,Geometria,Circunferencias,,,
6024,Geometria,Circunferencias,,,
6025,Geometria,Circunferencias,,,
6026,Geometria,Circunferencias,,,
6027,Geometria,Circunferencias,,,
6028,Geometria,Circunferencias,,,
6029,Geometria,Congruencia de triangulos,,,
6030,Geometria,Circunferencias,,,
6031,Geometria,Circunferencias,,,
6032,Geometria,Circunferencias,,,
6033,Geometria,Circunferencias,,,
6034,Geometria,Circunferencias,,,
6035,Geometria,Circunferencias,,,
6036,Geometria,Circunferencias,,,
6037,Geometria,Congruencia de triangulos,,,
6038,Geometria,Circunferencias,,,
6039,Geometria,Circunferencias,,,
6040,Geometria,Circunferencias,,,
6041,Geometria,Circunferencias,,,
6042,Geometria,Congruencia de triangulos,,,
6043,Geometria,Circunferencias,,,
6044,Geometria,Circunferencias,,,
6045,Geometria,Circunferencias,,,
6046,Geometria,Circunferencias,,,
6047,Geometria,Circunferencias,,,
6048,Geometria,Circunferencias,,,
6049,Geometria,Circunferencias,,,
6050,Geometria,Congruencia de triangulos,,,
6051,Geometria,Circunferencias,,,
6052,Geometria,Circunferencias,,,
6053,Geometria,Circunferencias,,,
6054,Geometria,Circunferencias,,,
6055,Geometria,Circunferencias,,,
6056,Geometria,Circunferencias,,,
6057,Geometria,Circunferencias,,,
6058,Geometria,Circunferencias,,,
6059,Geometria,Circunferencias,,,
6060,Geometria,Circunferencias,,,
6061,Geometria,Circunferencias,,,
6062,Geometria,Circunferencias,,,
6063,Geometria,Circunferencias,,,
6064,Geometria,Circunferencias,,,
6065,Geometria,Circunferencias,,,
6066,Geometria,Circunferencias,,,
6067,Geometria,Circunferencias,,,
6068,Geometria,Circunferencias,,,
6069,Geometria,Circunferencias,,,
6070,Geometria,Circunferencias,,,
6071,Geometria,Circunferencias,,,
6072,Geometria,Circunferencias,,,
6073,Geometria,Circunferencias,,,
6074,Geometria,Circunferencias,,,
6075,Geometria,Circunferencias,,,
6076,Geometria,Circunferencias,,,
6077,Geometria,Circunferencias,,,
6078,Geometria,Circunferencias,,,
6079,Geometria,Circunferencias,,,
6080,Geometria,Circunferencias,,,
6081,Geometria,Circunferencias,,,
6082,Geometria,Circunferencias,,,
6083,Geometria,Circunferencias,,,
6084,Geometria,Circunferencias,,,
6085,Geometria,Circunferencias,,,
6086,Geometria,Circunferencias,,,
6087,Geometria,Circunferencias,,,
6088,Geometria,Circunferencias,,,
6089,Geometria,Circunferencias,,,
6090,Geometria,Circunferencias,,,
6091,Geometria,Circunferencias,,,
6092,Geometria,Circunferencias,,,
6093,Geometria,Circunferencias,,,
6094,Geometria,Circunferencias,,,
6095,Geometria,Circunferencias,,,
6096,Geometria,Circunferencias,,,
6097,Geometria,Circunferencias,,,
6098,Geometria,Circunferencias,,,
6099,Geometria,Congruencia de triangulos,,,
6100,Geometria,Circunferencias,,,
6101,Geometria,Circunferencias,,,
6102,Geometria,Circunferencias,,,
6103,Geometria,Circunferencias,,,
6104,Geometria,Circunferencias,,,
6105,Geometria,Circunferencias,,,
6106,Geometria,Circunferencias,,,
6107,Geometria,Circunferencias,,,
6108,Geometria,Circunferencias,,,
6109,Geometria,Circunferencias,,,
6110,Geometria,Circunferencias,,,
6111,Geometria,Congruencia de triangulos,,,
6112,Geometria,Congruencia de triangulos,,,
6113,Geometria,Congruencia de triangulos,,,
6114,Geometria,Regiones convexas,,,
6115,Geometria,Regiones convexas,,,
6116,Geometria,Regiones convexas,,,
6117,Geometria,Regiones convexas,,,
6118,Geometria,Regiones convexas,,,
6119,Geometria,Regiones convexas,,,
6120,Geometria,Poligonos,,,
6121,Geometria,Poligonos,,,
6122,Geometria,Poligonos,,,
6123,Geometria,Poligonos,,,
6124,Geometria,Poligonos,,,
6125,Geometria,Poligonos,,,
6126,Geometria,Poligonos,,,
6127,Geometria,Poligonos,,,
6128,Geometria,Poligonos,,,
6129,Geometria,Poligonos,,,
6130,Geometria,Poligonos,,,
6131,Geometria,Poligonos,,,
6132,Geometria,Poligonos,,,
6133,Geometria,Poligonos,,,
6134,Geometria,Poligonos,,,
6135,Geometria,Poligonos,,,
6136,Geometria,Poligonos,,,
6137,Geometria,Poligonos,,,
6138,Geometria,Poligonos,,,
6139,Geometria,Poligonos,,,
6140,Geometria,Poligonos,,,
6141,Geometria,Poligonos,,,
6142,Geometria,Poligonos,,,
6143,Geometria,Poligonos,,,
6144,Geometria,Poligonos,,,
6145,Geometria,Poligonos,,,
6146,Geometria,Poligonos,,,
6147,Geometria,Poligonos,,,
6148,Geometria,Poligonos,,,
6149,Geometria,Poligonos,,,
6150,Geometria,Poligonos,,,
6151,Geometria,Poligonos,,,
6152,Geometria,Poligonos,,,
6153,Geometria,Poligonos,,,
6154,Geometria,Poligonos,,,
6155,Geometria,Poligonos,,,
6156,Geometria,Poligonos,,,
6157,Geometria,Poligonos,,,
6158,Geometria,Segmentos,,,
6159,Geometria,Segmentos,,,
6160,Geometria,Segmentos,,,
6161,Geometria,Segmentos,,,
6162,Geometria,Segmentos,,,
6163,Geometria,Segmentos,,,
6164,Geometria,Segmentos,,,
6165,Geometria,Segmentos,,,
6166,Geometria,Segmentos,,,
6167,Geometria,Segmentos,,,
6168,Geometria,Segmentos,,,
6169,Geometria,Segmentos,,,
6170,Geometria,Segmentos,,,
6171,Geometria,Segmentos,,,
6172,Geometria,Segmentos,,,
6173,Geometria,Segmentos,,,
6174,Geometria,Segmentos,,,
6175,Geometria,Segmentos,,,
6176,Geometria,Segmentos,,,
6177,Geometria,Segmentos,,,
6178,Geometria,Segmentos,,,
6179,Geometria,Segmentos,,,
6180,Geometria,Segmentos,,,
6181,Geometria,Segmentos,,,
6182,Geometria,Segmentos,,,
6183,Geometria,Segmentos,,,
6184,Geometria,Segmentos,,,
6185,Geometria,Segmentos,,,
6186,Geometria,Segmentos,,,
6187,Geometria,Segmentos,,,
6188,Geometria,Segmentos,,,
6189,Geometria,Segmentos,,,
6190,Geometria,Segmentos,,,
6191,Geometria,Segmentos,,,
6192,Geometria,Segmentos,,,
6193,Geometria,Segmentos,,,
6194,Geometria,Segmentos,,,
6195,Geometria,Segmentos,,,
6196,Geometria,Segmentos,,,
6197,Geometria,Segmentos,,,
6198,Geometria,Angulos,,,
6199,Geometria,Angulos,,,
6200,Geometria,Angulos,,,
6201,Geometria,Angulos,,,
6202,Geometria,Angulos,,,
6203,Geometria,Angulos,,,
6204,Geometria,Angulos,,,
6205,Geometria,Angulos,,,
6206,Geometria,Angulos,,,
6207,Geometria,Angulos,,,
6208,Geometria,Angulos,,,
6209,Geometria,Angulos,,,
6210,Geometria,Angulos,,,
6211,Geometria,Angulos,,,
6212,Geometria,Angulos,,,
6213,Geometria,Angulos,,,
6214,Geometria,Angulos,,,
6215,Geometria,Angulos,,,
6216,Geometria,Angulos,,,
6217,Geometria,Angulos,,,
6218,Geometria,Angulos,,,
6219,Geometria,Angulos,,,
6220,Geometria,Angulos,,,
6221,Geometria,Angulos,,,
6222,Geometria,Angulos,,,
6223,Geometria,Angulos,,,
6224,Geometria,Angulos,,,
6225,Geometria,Angulos,,,
6226,Geometria,Angulos,,,
6227,Geometria,Angulos,,,
6238,Geometria,Angulos,,,
6239,Geometria,Angulos,,,
6240,Geometria,Angulos,,,
6241,Geometria,Angulos,,,
6242,Geometria,Angulos,,,
6243,Geometria,Angulos,,,
6244,Geometria,Angulos,,,
6245,Geometria,Angulos,,,
6246,Geometria,Angulos,,,
6247,Geometria,Angulos,,,
6248,Geometria,Angulos,,,
6249,Geometria,Angulos,,,
6250,Geometria,Angulos,,,
6251,Geometria,Angulos,,,
6252,Geometria,Angulos,,,
6253,Geometria,Angulos,,,
6254,Geometria,Angulos,,,
6255,Geometria,Angulos,,,
6256,Geometria,Angulos,,,
6257,Geometria,Angulos,,,
6258,Geometria,Angulos,,,
6259,Geometria,Angulos,,,
6260,Geometria,Angulos,,,
6261,Geometria,Angulos,,,
6262,Geometria,Angulos,,,
6263,Geometria,Angulos,,,
6264,Geometria,Angulos,,,
6265,Geometria,Angulos,,,
6266,Geometria,Angulos,,,
6267,Geometria,Angulos,,,
6268,Geometria,Angulos,,,
6269,Geometria,Angulos,,,
6270,Geometria,Angulos,,,
6271,Geometria,Angulos,,,
6272,Geometria,Angulos,,,
6273,Geometria,Angulos,,,
6274,Geometria,Angulos,,,
6275,Geometria,Angulos,,,
6276,Geometria,Angulos,,,
6277,Geometria,Angulos,,,
6278,Geometria,Triangulos,,,
6279,Geometria,Triangulos,,,
6280,Geometria,Triangulos,,,
6281,Geometria,Triangulos,,,
6282,Geometria,Triangulos,,,
6283,Geometria,Triangulos,,,
6284,Geometria,Triangulos,,,
6285,Geometria,Triangulos,,,
6286,Geometria,Triangulos,,,
6287,Geometria,Triangulos,,,
6288,Geometria,Triangulos,,,
6289,Geometria,Triangulos,,,
6290,Geometria,Triangulos,,,
6291,Geometria,Triangulos,,,
6292,Geometria,Triangulos,,,
6293,Geometria,Triangulos,,,
6294,Geometria,Triangulos,,,
6295,Geometria,Triangulos,,,
6296,Geometria,Triangulos,,,
6297,Geometria,Triangulos,,,
6298,Geometria,Triangulos,,,
6299,Geometria,Triangulos,,,
6300,Geometria,Triangulos,,,
6301,Geometria,Triangulos,,,
6302,Geometria,Triangulos,,,
6303,Geometria,Triangulos,,,
6304,Geometria,Triangulos,,,
6305,Geometria,Triangulos,,,
6306,Geometria,Triangulos,,,
6307,Geometria,Triangulos,,,
6308,Geometria,Triangulos,,,
6309,Geometria,Triangulos,,,
6310,Geometria,Triangulos,,,
6311,Geometria,Triangulos,,,
6312,Geometria,Triangulos,,,
6313,Geometria,Triangulos,,,
6314,Geometria,Triangulos,,,
6315,Geometria,Triangulos,,,
6316,Geometria,Triangulos,,,
6317,Geometria,Triangulos,,,
6318,Geometria,Angulos entre rectas paralelas,,,
6319,Geometria,Angulos entre rectas paralelas,,,
6320,Geometria,Angulos entre rectas paralelas,,,
6321,Geometria,Angulos entre rectas paralelas,,,
6322,Geometria,Angulos entre rectas paralelas,,,
6323,Geometria,Angulos entre rectas paralelas,,,
6324,Geometria,Angulos entre rectas paralelas,,,
6325,Geometria,Angulos entre rectas paralelas,,,
6326,Geometria,Angulos entre rectas paralelas,,,
6327,Geometria,Angulos entre rectas paralelas,,,
6328,Geometria,Angulos entre rectas paralelas,,,
6329,Geometria,Angulos entre rectas paralelas,,,
6330,Geometria,Angulos entre rectas paralelas,,,
6331,Geometria,Angulos entre rectas paralelas,,,
6332,Geometria,Angulos entre rectas paralelas,,,
6333,Geometria,Angulos entre rectas paralelas,,,
6334,Geometria,Angulos entre rectas paralelas,,,
6335,Geometria,Angulos entre rectas paralelas,,,
6336,Geometria,Angulos entre rectas paralelas,,,
6337,Geometria,Angulos entre rectas paralelas,,,
6338,Geometria,Angulos entre rectas paralelas,,,
6339,Geometria,Angulos entre rectas paralelas,,,
6340,Geometria,Angulos entre rectas paralelas,,,
6341,Geometria,Angulos entre rectas paralelas,,,
6342,Geometria,Angulos entre rectas paralelas,,,
6343,Geometria,Angulos entre rectas paralelas,,,
6344,Geometria,Angulos entre rectas paralelas,,,
6345,Geometria,Angulos entre rectas paralelas,,,
6346,Geometria,Angulos entre rectas paralelas,,,
6347,Geometria,Angulos entre rectas paralelas,,,
6348,Geometria,Angulos entre rectas paralelas,,,
6349,Geometria,Angulos entre rectas paralelas,,,
6350,Geometria,Angulos entre rectas paralelas,,,
6351,Geometria,Angulos entre rectas paralelas,,,
6352,Geometria,Angulos entre rectas paralelas,,,
6353,Geometria,Angulos entre rectas paralelas,,,
6354,Geometria,Angulos entre rectas paralelas,,,
6355,Geometria,Angulos entre rectas paralelas,,,
6356,Geometria,Angulos entre rectas paralelas,,,
6357,Geometria,Angulos entre rectas paralelas,,,
6358,Geometria,SIN_TEMA,,,
6359,Geometria,SIN_TEMA,,,
6360,Geometria,SIN_TEMA,,,
6361,Geometria,SIN_TEMA,,,
6362,Geometria,SIN_TEMA,,,
6363,Geometria,SIN_TEMA,,,
6364,Geometria,SIN_TEMA,,,
6365,Geometria,SIN_TEMA,,,
6366,Geometria,SIN_TEMA,,,
6367,Geometria,SIN_TEMA,,,
6368,Geometria,SIN_TEMA,,,
6369,Geometria,SIN_TEMA,,,
6370,Geometria,SIN_TEMA,,,
6371,Geometria,SIN_TEMA,,,
6372,Geometria,SIN_TEMA,,,
6373,Geometria,SIN_TEMA,,,
6374,Geometria,SIN_TEMA,,,
6375,Geometria,SIN_TEMA,,,
6376,Geometria,SIN_TEMA,,,
6377,Geometria,SIN_TEMA,,,
6378,Geometria,SIN_TEMA,,,
6379,Geometria,SIN_TEMA,,,
6380,Geometria,SIN_TEMA,,,
6381,Geometria,SIN_TEMA,,,
6382,Geometria,SIN_TEMA,,,
6383,Geometria,SIN_TEMA,,,
6384,Geometria,SIN_TEMA,,,
6385,Geometria,SIN_TEMA,,,
6386,Geometria,SIN_TEMA,,,
6387,Geometria,SIN_TEMA,,,
6388,Geometria,SIN_TEMA,,,
6389,Geometria,SIN_TEMA,,,
6390,Geometria,SIN_TEMA,,,
6391,Geometria,SIN_TEMA,,,
6392,Geometria,SIN_TEMA,,,
6393,Geometria,SIN_TEMA,,,
6394,Geometria,SIN_TEMA,,,
6395,Geometria,SIN_TEMA,,,
6396,Geometria,SIN_TEMA,,,
6397,Geometria,SIN_TEMA,,,
6398,Geometria,SIN_TEMA,,,
6399,Geometria,SIN_TEMA,,,
6400,Geometria,SIN_TEMA,,,
6401,Geometria,SIN_TEMA,,,
6402,Geometria,SIN_TEMA,,,
6403,Geometria,SIN_TEMA,,,
6404,Geometria,SIN_TEMA,,,
6405,Geometria,SIN_TEMA,,,
6406,Geometria,SIN_TEMA,,,
6407,Geometria,SIN_TEMA,,,
6408,Geometria,SIN_TEMA,,,
6409,Geometria,SIN_TEMA,,,
6410,Geometria,SIN_TEMA,,,
6411,Geometria,SIN_TEMA,,,
6412,Geometria,SIN_TEMA,,,
6413,Geometria,SIN_TEMA,,,
6414,Geometria,SIN_TEMA,,,
6415,Geometria,SIN_TEMA,,,
6416,Geometria,SIN_TEMA,,,
6417,Geometria,SIN_TEMA,,,
6418,Geometria,SIN_TEMA,,,
6419,Geometria,SIN_TEMA,,,
6420,Geometria,SIN_TEMA,,,
6421,Geometria,SIN_TEMA,,,
6422,Geometria,SIN_TEMA,,,
6423,Geometria,SIN_TEMA,,,
6424,Geometria,SIN_TEMA,,,
6425,Geometria,SIN_TEMA,,,
6426,Geometria,SIN_TEMA,,,
6427,Geometria,SIN_TEMA,,,
6428,Geometria,SIN_TEMA,,,
6429,Geometria,SIN_TEMA,,,
6430,Geometria,SIN_TEMA,,,
6431,Geometria,SIN_TEMA,,,
6432,Geometria,SIN_TEMA,,,
6433,Geometria,SIN_TEMA,,,
6434,Geometria,SIN_TEMA,,,
6435,Geometria,SIN_TEMA,,,
6436,Geometria,SIN_TEMA,,,
6437,Geometria,SIN_TEMA,,,
6438,Geometria,SIN_TEMA,,,
6439,Geometria,SIN_TEMA,,,
6440,Geometria,SIN_TEMA,,,
6441,Geometria,SIN_TEMA,,,
6442,Geometria,SIN_TEMA,,,
6443,Geometria,SIN_TEMA,,,
6444,Geometria,SIN_TEMA,,,
6445,Geometria,SIN_TEMA,,,
6446,Geometria,SIN_TEMA,,,
6447,Geometria,SIN_TEMA,,,
6448,Geometria,SIN_TEMA,,,
6449,Geometria,SIN_TEMA,,,
6450,Geometria,SIN_TEMA,,,
6451,Geometria,SIN_TEMA,,,
6452,Geometria,SIN_TEMA,,,
6453,Geometria,SIN_TEMA,,,
6454,Geometria,SIN_TEMA,,,
6455,Geometria,SIN_TEMA,,,
6456,Geometria,SIN_TEMA,,,
6457,Geometria,SIN_TEMA,,,
6458,Geometria,SIN_TEMA,,,
6459,Geometria,SIN_TEMA,,,
6460,Geometria,SIN_TEMA,,,
6461,Geometria,SIN_TEMA,,,
6462,Geometria,SIN_TEMA,,,
6463,Geometria,SIN_TEMA,,,
6464,Geometria,SIN_TEMA,,,
6465,Geometria,SIN_TEMA,,,
6466,Geometria,SIN_TEMA,,,
6467,Geometria,SIN_TEMA,,,
6468,Geometria,SIN_TEMA,,,
6469,Geometria,SIN_TEMA,,,
6470,Geometria,SIN_TEMA,,,
6471,Geometria,SIN_TEMA,,,
6472,Geometria,SIN_TEMA,,,
6473,Geometria,SIN_TEMA,,,
6474,Geometria,SIN_TEMA,,,
6475,Geometria,SIN_TEMA,,,
6476,Geometria,SIN_TEMA,,,
6477,Geometria,SIN_TEMA,,,
6478,Geometria,SIN_TEMA,,,
6479,Geometria,SIN_TEMA,,,
6480,Geometria,SIN_TEMA,,,
6481,Geometria,SIN_TEMA,,,
6482,Geometria,SIN_TEMA,,,
6483,Geometria,SIN_TEMA,,,
6484,Geometria,SIN_TEMA,,,
6485,Geometria,SIN_TEMA,,,
6486,Geometria,SIN_TEMA,,,
6487,Geometria,SIN_TEMA,,,
6488,Geometria,SIN_TEMA,,,
6489,Geometria,SIN_TEMA,,,
6490,Geometria,SIN_TEMA,,,
6491,Geometria,SIN_TEMA,,,
6492,Geometria,SIN_TEMA,,,
6493,Geometria,SIN_TEMA,,,
6494,Geometria,SIN_TEMA,,,
6495,Geometria,SIN_TEMA,,,
6496,Geometria,SIN_TEMA,,,
6497,Geometria,SIN_TEMA,,,
6498,Geometria,SIN_TEMA,,,
6499,Geometria,SIN_TEMA,,,
6500,Geometria,SIN_TEMA,,,
6501,Geometria,SIN_TEMA,,,
6502,Geometria,SIN_TEMA,,,
6503,Geometria,SIN_TEMA,,,
6504,Geometria,SIN_TEMA,,,
6505,Geometria,SIN_TEMA,,,
6506,Geometria,SIN_TEMA,,,
6507,Geometria,SIN_TEMA,,,
6508,Geometria,SIN_TEMA,,,
6509,Geometria,SIN_TEMA,,,
6510,Geometria,SIN_TEMA,,,
6511,Geometria,SIN_TEMA,,,
6512,Geometria,SIN_TEMA,,,
6513,Geometria,SIN_TEMA,,,
6514,Geometria,SIN_TEMA,,,
6515,Geometria,SIN_TEMA,,,
6516,Geometria,SIN_TEMA,,,
6517,Geometria,SIN_TEMA,,,
6518,Geometria,SIN_TEMA,,,
6519,Geometria,SIN_TEMA,,,
6520,Geometria,SIN_TEMA,,,
6521,Geometria,SIN_TEMA,,,
6522,Geometria,SIN_TEMA,,,
6523,Geometria,SIN_TEMA,,,
6524,Geometria,SIN_TEMA,,,
6525,Geometria,SIN_TEMA,,,
6526,Geometria,SIN_TEMA,,,
6527,Geometria,SIN_TEMA,,,
6528,Geometria,SIN_TEMA,,,
6529,Geometria,SIN_TEMA,,,
6530,Geometria,SIN_TEMA,,,
6531,Geometria,SIN_TEMA,,,
6532,Geometria,SIN_TEMA,,,
6533,Geometria,SIN_TEMA,,,
6534,Geometria,SIN_TEMA,,,
6535,Geometria,SIN_TEMA,,,
6536,Geometria,SIN_TEMA,,,
6537,Geometria,SIN_TEMA,,,
6538,Geometria,SIN_TEMA,,,
6539,Geometria,SIN_TEMA,,,
6540,Geometria,SIN_TEMA,,,
6541,Geometria,SIN_TEMA,,,
6542,Geometria,SIN_TEMA,,,
6543,Geometria,SIN_TEMA,,,
6544,Geometria,SIN_TEMA,,,
6545,Geometria,SIN_TEMA,,,
6546,Geometria,SIN_TEMA,,,
6547,Geometria,SIN_TEMA,,,
6548,Geometria,SIN_TEMA,,,
6549,Geometria,SIN_TEMA,,,
6550,Geometria,SIN_TEMA,,,
6551,Geometria,SIN_TEMA,,,
6552,Geometria,SIN_TEMA,,,
6553,Geometria,SIN_TEMA,,,
6554,Geometria,SIN_TEMA,,,
6555,Geometria,SIN_TEMA,,,
6556,Geometria,SIN_TEMA,,,
6557,Geometria,SIN_TEMA,,,
6558,Geometria,SIN_TEMA,,,
6559,Geometria,SIN_TEMA,,,
6560,Geometria,SIN_TEMA,,,
6561,Geometria,SIN_TEMA,,,
6562,Geometria,SIN_TEMA,,,
6563,Geometria,SIN_TEMA,,,
6564,Geometria,SIN_TEMA,,,
6565,Geometria,SIN_TEMA,,,
6566,Geometria,SIN_TEMA,,,
6567,Geometria,SIN_TEMA,,,
6568,Geometria,SIN_TEMA,,,
6569,Geometria,SIN_TEMA,,,
6570,Geometria,SIN_TEMA,,,
6571,Geometria,SIN_TEMA,,,
6572,Geometria,SIN_TEMA,,,
6573,Geometria,SIN_TEMA,,,
6574,Geometria,SIN_TEMA,,,
6575,Geometria,SIN_TEMA,,,
6576,Geometria,SIN_TEMA,,,
6577,Geometria,SIN_TEMA,,,
6578,Geometria,SIN_TEMA,,,
6579,Geometria,SIN_TEMA,,,
6580,Geometria,SIN_TEMA,,,
6581,Geometria,SIN_TEMA,,,
6582,Geometria,SIN_TEMA,,,
6583,Geometria,SIN_TEMA,,,
6584,Geometria,SIN_TEMA,,,
6585,Geometria,SIN_TEMA,,,
6586,Geometria,SIN_TEMA,,,
6587,Geometria,SIN_TEMA,,,
6588,Geometria,SIN_TEMA,,,
6589,Geometria,SIN_TEMA,,,
6590,Geometria,SIN_TEMA,,,
6591,Geometria,SIN_TEMA,,,
6592,Geometria,SIN_TEMA,,,
6593,Geometria,SIN_TEMA,,,
6594,Geometria,SIN_TEMA,,,
6595,Geometria,SIN_TEMA,,,
6596,Geometria,SIN_TEMA,,,
6597,Geometria,SIN_TEMA,,,
6598,Geometria,SIN_TEMA,,,
6599,Geometria,SIN_TEMA,,,
6600,Geometria,SIN_TEMA,,,
6601,Geometria,SIN_TEMA,,,
6602,Geometria,SIN_TEMA,,,
6603,Geometria,SIN_TEMA,,,
6604,Geometria,SIN_TEMA,,,
6605,Geometria,SIN_TEMA,,,
6606,Geometria,SIN_TEMA,,,
6607,Geometria,SIN_TEMA,,,
6608,Geometria,SIN_TEMA,,,
6609,Geometria,SIN_TEMA,,,
6610,Geometria,SIN_TEMA,,,
6611,Geometria,SIN_TEMA,,,
6612,Geometria,SIN_TEMA,,,
6613,Geometria,SIN_TEMA,,,
6614,Geometria,SIN_TEMA,,,
6615,Geometria,SIN_TEMA,,,
6616,Geometria,SIN_TEMA,,,
6617,Geometria,SIN_TEMA,,,
6618,Geometria,SIN_TEMA,,,
6619,Geometria,SIN_TEMA,,,
6620,Geometria,SIN_TEMA,,,
6621,Geometria,SIN_TEMA,,,
6622,Geometria,SIN_TEMA,,,
6623,Geometria,SIN_TEMA,,,
6624,Geometria,SIN_TEMA,,,
6625,Geometria,SIN_TEMA,,,
6626,Geometria,SIN_TEMA,,,
6627,Geometria,SIN_TEMA,,,
6628,Geometria,SIN_TEMA,,,
6629,Geometria,SIN_TEMA,,,
6630,Geometria,SIN_TEMA,,,
6631,Geometria,SIN_TEMA,,,
6632,Geometria,SIN_TEMA,,,
6633,Geometria,SIN_TEMA,,,
6634,Geometria,SIN_TEMA,,,
6635,Geometria,SIN_TEMA,,,
6636,Geometria,SIN_TEMA,,,
6637,Geometria,SIN_TEMA,,,
6638,Geometria,SIN_TEMA,,,
6639,Geometria,SIN_TEMA,,,
6640,Geometria,SIN_TEMA,,,
6641,Geometria,SIN_TEMA,,,
6642,Geometria,SIN_TEMA,,,
6643,Geometria,SIN_TEMA,,,
6644,Geometria,SIN_TEMA,,,
6645,Geometria,SIN_TEMA,,,
6646,Geometria,SIN_TEMA,,,
6647,Geometria,SIN_TEMA,,,
6648,Geometria,SIN_TEMA,,,
6649,Geometria,SIN_TEMA,,,
6650,Geometria,SIN_TEMA,,,
6651,Geometria,SIN_TEMA,,,
6652,Geometria,SIN_TEMA,,,
6653,Geometria,SIN_TEMA,,,
6654,Geometria,SIN_TEMA,,,
6655,Geometria,SIN_TEMA,,,
6656,geometria,semana_16_reas_de_regiones_triangulares,,,
6657,geometria,semana_16_reas_de_regiones_triangulares,,,
6658,geometria,semana_16_reas_de_regiones_triangulares,,,
6659,geometria,semana_16_reas_de_regiones_triangulares,,,
6660,geometria,semana_16_reas_de_regiones_triangulares,,,
6661,geometria,semana_16_reas_de_regiones_triangulares,,,
6662,geometria,semana_16_reas_de_regiones_triangulares,,,
6663,geometria,semana_16_reas_de_regiones_triangulares,,,
6664,geometria,semana_16_reas_de_regiones_triangulares,,,
6665,geometria,semana_16_reas_de_regiones_triangulares,,,
6666,geometria,semana_16_reas_de_regiones_triangulares,,,
6667,geometria,semana_16_reas_de_regiones_triangulares,,,
6668,geometria,semana_16_reas_de_regiones_triangulares,,,
6669,geometria,semana_16_reas_de_regiones_triangulares,,,
6670,geometria,semana_16_reas_de_regiones_triangulares,,,
6671,geometria,semana_16_reas_de_regiones_triangulares,,,
6672,geometria,semana_16_reas_de_regiones_triangulares,,,
6673,geometria,semana_16_reas_de_regiones_triangulares,,,
6674,geometria,semana_16_reas_de_regiones_triangulares,,,
6675,geometria,semana_16_reas_de_regiones_triangulares,,,
6676,geometria,semana_16_reas_de_regiones_triangulares,,,
6677,geometria,semana_16_reas_de_regiones_triangulares,,,
6678,geometria,semana_16_reas_de_regiones_triangulares,,,
6679,geometria,semana_16_reas_de_regiones_triangulares,,,
6680,geometria,semana_16_reas_de_regiones_triangulares,,,
6681,geometria,semana_16_reas_de_regiones_triangulares,,,
6682,geometria,semana_16_reas_de_regiones_triangulares,,,
6683,geometria,semana_16_reas_de_regiones_triangulares,,,
6684,geometria,semana_16_reas_de_regiones_triangulares,,,
6685,geometria,semana_16_reas_de_regiones_triangulares,,,
6686,geometria,semana_16_reas_de_regiones_triangulares,,,
6687,geometria,semana_16_reas_de_regiones_triangulares,,,
6688,geometria,semana_16_reas_de_regiones_triangulares,,,
6689,geometria,semana_16_reas_de_regiones_triangulares,,,
6690,geometria,semana_16_reas_de_regiones_triangulares,,,
6691,geometria,semana_16_reas_de_regiones_triangulares,,,
6692,geometria,semana_16_reas_de_regiones_triangulares,,,
6693,geometria,semana_16_reas_de_regiones_triangulares,,,
6694,geometria,semana_16_reas_de_regiones_triangulares,,,
6695,geometria,semana_16_reas_de_regiones_triangulares,,,
6696,geometria,semana_17_relaciones_de_reas,,,
6697,geometria,semana_17_relaciones_de_reas,,,
6698,geometria,semana_17_relaciones_de_reas,,,
6699,geometria,semana_17_relaciones_de_reas,,,
6700,geometria,semana_17_relaciones_de_reas,,,
6701,geometria,semana_17_relaciones_de_reas,,,
6702,geometria,semana_17_relaciones_de_reas,,,
6703,geometria,semana_17_relaciones_de_reas,,,
6704,geometria,semana_17_relaciones_de_reas,,,
6705,geometria,semana_17_relaciones_de_reas,,,
6706,geometria,semana_17_relaciones_de_reas,,,
6707,geometria,semana_17_relaciones_de_reas,,,
6708,geometria,semana_17_relaciones_de_reas,,,
6709,geometria,semana_17_relaciones_de_reas,,,
6710,geometria,semana_17_relaciones_de_reas,,,
6711,geometria,semana_17_relaciones_de_reas,,,
6712,geometria,semana_17_relaciones_de_reas,,,
6713,geometria,semana_17_relaciones_de_reas,,,
6714,geometria,semana_17_relaciones_de_reas,,,
6715,geometria,semana_17_relaciones_de_reas,,,
6716,geometria,semana_17_relaciones_de_reas,,,
6717,geometria,semana_17_relaciones_de_reas,,,
6718,geometria,semana_17_relaciones_de_reas,,,
6719,geometria,semana_17_relaciones_de_reas,,,
6720,geometria,semana_17_relaciones_de_reas,,,
6721,geometria,semana_17_relaciones_de_reas,,,
6722,geometria,semana_17_relaciones_de_reas,,,
6724,geometria,semana_17_relaciones_de_reas,,,
6725,geometria,semana_17_relaciones_de_reas,,,
6726,geometria,semana_17_relaciones_de_reas,,,
6727,geometria,semana_17_relaciones_de_reas,,,
6728,geometria,semana_17_relaciones_de_reas,,,
6729,geometria,semana_17_relaciones_de_reas,,,
6730,geometria,semana_17_relaciones_de_reas,,,
6731,geometria,semana_17_relaciones_de_reas,,,
6732,geometria,semana_17_relaciones_de_reas,,,
6733,geometria,semana_17_relaciones_de_reas,,,
6734,geometria,semana_17_relaciones_de_reas,,,
6735,geometria,semana_17_relaciones_de_reas,,,
6736,geometria,semana_18_reas_de_regiones_cuadrangulares,,,
6737,geometria,semana_18_reas_de_regiones_cuadrangulares,,,
6738,geometria,semana_18_reas_de_regiones_cuadrangulares,,,
6739,geometria,semana_18_reas_de_regiones_cuadrangulares,,,
6740,geometria,semana_18_reas_de_regiones_cuadrangulares,,,
6741,geometria,semana_18_reas_de_regiones_cuadrangulares,,,
6742,geometria,semana_18_reas_de_regiones_cuadrangulares,,,
6743,geometria,semana_18_reas_de_regiones_cuadrangulares,,,
6744,geometria,semana_18_reas_de_regiones_cuadrangulares,,,
6745,geometria,semana_18_reas_de_regiones_cuadrangulares,,,
6746,geometria,semana_18_reas_de_regiones_cuadrangulares,,,
6747,geometria,semana_18_reas_de_regiones_cuadrangulares,,,
6748,geometria,semana_18_reas_de_regiones_cuadrangulares,,,
6749,geometria,semana_18_reas_de_regiones_cuadrangulares,,,
6750,geometria,semana_18_reas_de_regiones_cuadrangulares,,,
6751,geometria,semana_18_reas_de_regiones_cuadrangulares,,,
6752,geometria,semana_18_reas_de_regiones_cuadrangulares,,,
6753,geometria,semana_18_reas_de_regiones_cuadrangulares,,,
6754,geometria,semana_18_reas_de_regiones_cuadrangulares,,,
6755,geometria,semana_18_reas_de_regiones_cuadrangulares,,,
6756,geometria,semana_18_reas_de_regiones_cuadrangulares,,,
6757,geometria,semana_18_reas_de_regiones_cuadrangulares,,,
6758,geometria,semana_18_reas_de_regiones_cuadrangulares,,,
6759,geometria,semana_18_reas_de_regiones_cuadrangulares,,,
6760,geometria,semana_18_reas_de_regiones_cuadrangulares,,,
6761,geometria,semana_18_reas_de_regiones_cuadrangulares,,,
6762,geometria,semana_18_reas_de_regiones_cuadrangulares,,,
6763,geometria,semana_18_reas_de_regiones_cuadrangulares,,,
6764,geometria,semana_18_reas_de_regiones_cuadrangulares,,,
6765,geometria,semana_18_reas_de_regiones_cuadrangulares,,,
6766,geometria,semana_18_reas_de_regiones_cuadrangulares,,,
6767,geometria,semana_18_reas_de_regiones_cuadrangulares,,,
6768,geometria,semana_18_reas_de_regiones_cuadrangulares,,,
6769,geometria,semana_18_reas_de_regiones_cuadrangulares,,,
6770,geometria,semana_18_reas_de_regiones_cuadrangulares,,,
6771,geometria,semana_18_reas_de_regiones_cuadrangulares,,,
6772,geometria,semana_18_reas_de_regiones_cuadrangulares,,,
6773,geometria,semana_18_reas_de_regiones_cuadrangulares,,,
6774,geometria,semana_18_reas_de_regiones_cuadrangulares,,,
6775,geometria,semana_18_reas_de_regiones_cuadrangulares,,,
6776,geometria,semana_19_reas_de_regiones_circulares,,,
6777,geometria,semana_19_reas_de_regiones_circulares,,,
6778,geometria,semana_19_reas_de_regiones_circulares,,,
6779,geometria,semana_19_reas_de_regiones_circulares,,,
6780,geometria,semana_19_reas_de_regiones_circulares,,,
6781,geometria,semana_19_reas_de_regiones_circulares,,,
6782,geometria,semana_19_reas_de_regiones_circulares,,,
6783,geometria,semana_19_reas_de_regiones_circulares,,,
6784,geometria,semana_19_reas_de_regiones_circulares,,,
6785,geometria,semana_19_reas_de_regiones_circulares,,,
6786,geometria,semana_19_reas_de_regiones_circulares,,,
6787,geometria,semana_19_reas_de_regiones_circulares,,,
6788,geometria,semana_19_reas_de_regiones_circulares,,,
6789,geometria,semana_19_reas_de_regiones_circulares,,,
6790,geometria,semana_19_reas_de_regiones_circulares,,,
6791,geometria,semana_19_reas_de_regiones_circulares,,,
6792,geometria,semana_19_reas_de_regiones_circulares,,,
6793,geometria,semana_19_reas_de_regiones_circulares,,,
6794,geometria,semana_19_reas_de_regiones_circulares,,,
6795,geometria,semana_19_reas_de_regiones_circulares,,,
6796,geometria,semana_19_reas_de_regiones_circulares,,,
6797,geometria,semana_19_reas_de_regiones_circulares,,,
6798,geometria,semana_19_reas_de_regiones_circulares,,,
6799,geometria,semana_19_reas_de_regiones_circulares,,,
6800,geometria,semana_19_reas_de_regiones_circulares,,,
6801,geometria,semana_19_reas_de_regiones_circulares,,,
6802,geometria,semana_19_reas_de_regiones_circulares,,,
6803,geometria,semana_19_reas_de_regiones_circulares,,,
6804,geometria,semana_19_reas_de_regiones_circulares,,,
6805,geometria,semana_19_reas_de_regiones_circulares,,,
6806,geometria,semana_19_reas_de_regiones_circulares,,,
6807,geometria,semana_19_reas_de_regiones_circulares,,,
6808,geometria,semana_19_reas_de_regiones_circulares,,,
6809,geometria,semana_19_reas_de_regiones_circulares,,,
6810,geometria,semana_19_reas_de_regiones_circulares,,,
6811,geometria,semana_19_reas_de_regiones_circulares,,,
6812,geometria,semana_19_reas_de_regiones_circulares,,,
6813,geometria,semana_19_reas_de_regiones_circulares,,,
6814,geometria,semana_19_reas_de_regiones_circulares,,,
6815,geometria,semana_19_reas_de_regiones_circulares,,,
6816,Geometria del Espacio,Rectas y Plano,,,
6817,Geometria del Espacio,Rectas y Plano,,,
6818,Geometria del Espacio,Rectas y Plano,,,
6819,Geometria del Espacio,Rectas y Plano,,,
6820,Geometria del Espacio,Rectas y Plano,,,
6821,Geometria del Espacio,Rectas y Plano,,,
6822,Geometria del Espacio,Rectas y Plano,,,
6823,Geometria del Espacio,Rectas y Plano,,,
6824,Geometria del Espacio,Rectas y Plano,,,
6825,Geometria del Espacio,Rectas y Plano,,,
6826,Geometria del Espacio,Rectas y Plano,,,
6827,Geometria del Espacio,Rectas y Plano,,,
6828,Geometria del Espacio,Rectas y Plano,,,
6829,Geometria del Espacio,Rectas y Plano,,,
6830,Geometria del Espacio,Rectas y Plano,,,
6831,Geometria del Espacio,Rectas y Plano,,,
6832,Geometria del Espacio,Rectas y Plano,,,
6833,Geometria del Espacio,Rectas y Plano,,,
6834,Geometria del Espacio,Rectas y Plano,,,
6835,Geometria del Espacio,Rectas y Plano,,,
6836,Geometria del Espacio,Rectas y Plano,,,
6837,Geometria del Espacio,Rectas y Plano,,,
6838,Geometria del Espacio,Rectas y Plano,,,
6839,Geometria del Espacio,Rectas y Plano,,,
6840,Geometria del Espacio,Rectas y Plano,,,
6841,Geometria del Espacio,Rectas y Plano,,,
6842,Geometria del Espacio,Rectas y Plano,,,
6843,Geometria del Espacio,Rectas y Plano,,,
6844,Geometria del Espacio,Rectas y Plano,,,
6845,Geometria del Espacio,Rectas y Plano,,,
6846,Geometría del Espacio,Angulos Diedros,,,
6847,Geometría del Espacio,Angulos Diedros,,,
6848,Geometría del Espacio,Angulos Diedros,,,
6849,Geometría del Espacio,Angulos Diedros,,,
6850,Geometría del Espacio,Angulos Diedros,,,
6851,Geometría del Espacio,Angulos Diedros,,,
6852,Geometría del Espacio,Angulos Diedros,,,
6853,Geometría del Espacio,Angulos Diedros,,,
6854,Geometría del Espacio,Angulos Diedros,,,
6855,Geometría del Espacio,Angulos Diedros,,,
6856,Geometría del Espacio,Angulos Diedros,,,
6857,Geometría del Espacio,Angulos Diedros,,,
6858,Geometría del Espacio,Angulos Triedros,,,
6859,Geometría del Espacio,Angulos Triedros,,,
6860,Geometría del Espacio,Angulos Triedros,,,
6861,Geometría del Espacio,Angulos Triedros,,,
6862,Geometría del Espacio,Angulos Triedros,,,
6863,Geometría del Espacio,Angulos Triedros,,,
6864,Geometría del Espacio,Angulos Triedros,,,
6865,Geometría del Espacio,Angulos Triedros,,,
6866,Geometría del Espacio,Angulos Triedros,,,
6867,Geometría del Espacio,Angulos Triedros,,,
6868,Geometría del Espacio,Angulos Triedros,,,
6869,Geometría del Espacio,Angulos Triedros,,,
6870,Geometría del Espacio,Angulos Triedros,,,
6871,Geometría del Espacio,Angulos Triedros,,,
6872,Geometría del Espacio,Angulos Triedros,,,
6873,Geometría del Espacio,Angulos Triedros,,,
6874,Geometría del Espacio,Angulos Triedros,,,
6875,Geometría del Espacio,Angulos Triedros,,,
6876,Geometria del espacio,Poliedros,,,
6877,Geometria del espacio,Poliedros,,,
6878,Geometria del espacio,Poliedros,,,
6879,Geometria del espacio,Poliedros,,,
6880,Geometria del espacio,Poliedros,,,
6881,Geometria del espacio,Poliedros,,,
6882,Geometria del espacio,Poliedros,,,
6883,Geometria del espacio,Poliedros,,,
6884,Geometria del espacio,Poliedros,,,
6885,Geometria del espacio,Poliedros,,,
6886,Geometria del espacio,Poliedros,,,
6887,Geometria del espacio,Poliedros,,,
6888,Geometria del espacio,Poliedros,,,
6889,Geometria del espacio,Poliedros,,,
6890,Geometria del espacio,Poliedros,,,
6891,Geometria del espacio,Poliedros,,,
6892,Geometria del espacio,Poliedros,,,
6893,Geometria del espacio,Poliedros,,,
6894,Geometria del espacio,Poliedros,,,
6895,Geometria del espacio,Poliedros,,,
6896,Geometria del espacio,Poliedros,,,
6897,Geometria del espacio,Poliedros,,,
6898,Geometria del espacio,Poliedros,,,
6899,Geometria del espacio,Poliedros,,,
6900,Geometria del espacio,Poliedros,,,
6901,Geometria del espacio,Poliedros,,,
6902,Geometria del espacio,Poliedros,,,
6903,Geometria del espacio,Poliedros,,,
6904,Geometria del espacio,Poliedros,,,
6905,Geometria del espacio,Poliedros,,,
6906,Geometria del espacio,Poliedros regulares,,,
6907,Geometria del espacio,Poliedros regulares,,,
6908,Geometria del espacio,Poliedros regulares,,,
6909,Geometria del espacio,Poliedros regulares,,,
6910,Geometria del espacio,Poliedros regulares,,,
6911,Geometria del espacio,Poliedros regulares,,,
6912,Geometria del espacio,Poliedros regulares,,,
6913,Geometria del espacio,Poliedros regulares,,,
6914,Geometria del espacio,Poliedros regulares,,,
6915,Geometria del espacio,Poliedros regulares,,,
6916,Geometria del espacio,Poliedros regulares,,,
6917,Geometria del espacio,Poliedros regulares,,,
6918,Geometria del espacio,Poliedros regulares,,,
6919,Geometria del espacio,Poliedros regulares,,,
6920,Geometria del espacio,Poliedros regulares,,,
6921,Geometria del espacio,Poliedros regulares,,,
6922,Geometria del espacio,Poliedros regulares,,,
6923,Geometria del espacio,Poliedros regulares,,,
6924,Geometria del espacio,Poliedros regulares,,,
6925,Geometria del espacio,Poliedros regulares,,,
6926,Geometria del espacio,Poliedros regulares,,,
6927,Geometria del espacio,Poliedros regulares,,,
6928,Geometria del espacio,Poliedros regulares,,,
6929,Geometria del espacio,Poliedros regulares,,,
6930,Geometria del espacio,Poliedros regulares,,,
6931,Geometria del espacio,Poliedros regulares,,,
6932,Geometria del espacio,Poliedros regulares,,,
6933,Geometria del espacio,Poliedros regulares,,,
6934,Geometria del espacio,Poliedros regulares,,,
6935,Geometria del espacio,Poliedros regulares,,,
6936,Geometria del espacio,Piramide,,,
6937,Geometria del espacio,Piramide,,,
6938,Geometria del espacio,Piramide,,,
6939,Geometria del espacio,Piramide,,,
6940,Geometria del espacio,Piramide,,,
6941,Geometria del espacio,Piramide,,,
6942,Geometria del espacio,Piramide,,,
6943,Geometria del espacio,Piramide,,,
6944,Geometria del espacio,Piramide,,,
6945,Geometria del espacio,Piramide,,,
6946,Geometria del espacio,Piramide,,,
6947,Geometria del espacio,Piramide,,,
6948,Geometria del espacio,Piramide,,,
6949,Geometria del espacio,Piramide,,,
6950,Geometria del espacio,Piramide,,,
6951,Geometria del espacio,Piramide,,,
6952,Geometria del espacio,Piramide,,,
6953,Geometria del espacio,Piramide,,,
6954,Geometria del espacio,Piramide,,,
6955,Geometria del espacio,Piramide,,,
6956,Geometria del espacio,Piramide,,,
6957,Geometria del espacio,Piramide,,,
6958,Geometria del espacio,Piramide,,,
6959,Geometria del espacio,Piramide,,,
6960,Geometria del espacio,Piramide,,,
6961,Geometria del espacio,Piramide,,,
6962,Geometria del espacio,Piramide,,,
6963,Geometria del espacio,Piramide,,,
6964,Geometria del espacio,Piramide,,,
6965,Geometria del espacio,Piramide,,,
6966,Geometria del espacio,Cilindro,,,
6967,Geometria del espacio,Cilindro,,,
6968,Geometria del espacio,Cilindro,,,
6969,Geometria del espacio,Cilindro,,,
6970,Geometria del espacio,Cilindro,,,
6971,Geometria del espacio,Cilindro,,,
6972,Geometria del espacio,Cilindro,,,
6973,Geometria del espacio,Cilindro,,,
6974,Geometria del espacio,Cilindro,,,
6975,Geometria del espacio,Cilindro,,,
6976,Geometria del espacio,Cilindro,,,
6977,Geometria del espacio,Cilindro,,,
6978,Geometria del espacio,Cilindro,,,
6979,Geometria del espacio,Cilindro,,,
6980,Geometria del espacio,Cilindro,,,
6981,Geometria del espacio,Cilindro,,,
6982,Geometria del espacio,Cilindro,,,
6983,Geometria del espacio,Cilindro,,,
6984,Geometria del espacio,Cilindro,,,
6985,Geometria del espacio,Cilindro,,,
6986,Geometria del espacio,Cilindro,,,
6987,Geometria del espacio,Cilindro,,,
6988,Geometria del espacio,Cilindro,,,
6989,Geometria del espacio,Cilindro,,,
6990,Geometria del espacio,Cilindro,,,
6991,Geometria del espacio,Cilindro,,,
6992,Geometria del espacio,Cilindro,,,
6993,Geometria del espacio,Cilindro,,,
6994,Geometria del espacio,Cilindro,,,
6995,Geometria del espacio,Cilindro,,,
6996,Geometria del espacio,Cono,,,
6997,Geometria del espacio,Cono,,,
6998,Geometria del espacio,Cono,,,
6999,Geometria del espacio,Cono,,,
7000,Geometria del espacio,Cono,,,
7001,Geometria del espacio,Cono,,,
7002,Geometria del espacio,Cono,,,
7003,Geometria del espacio,Cono,,,
7004,Geometria del espacio,Cono,,,
7005,Geometria del espacio,Cono,,,
7006,Geometria del espacio,Cono,,,
7007,Geometria del espacio,Cono,,,
7008,Geometria del espacio,Cono,,,
7009,Geometria del espacio,Cono,,,
7010,Geometria del espacio,Cono,,,
7011,Geometria del espacio,Cono,,,
7012,Geometria del espacio,Cono,,,
7013,Geometria del espacio,Cono,,,
7014,Geometria del espacio,Cono,,,
7015,Geometria del espacio,Cono,,,
7016,Geometria del espacio,Cono,,,
7017,Geometria del espacio,Cono,,,
7018,Geometria del espacio,Cono,,,
7019,Geometria del espacio,Cono,,,
7020,Geometria del espacio,Cono,,,
7021,Geometria del espacio,Cono,,,
7022,Geometria del espacio,Cono,,,
7023,Geometria del espacio,Cono,,,
7024,Geometria del espacio,Cono,,,
7025,Geometria del espacio,Cono,,,
7026,Geometria del espacio,Rectas y Planos,,,
7027,Geometria del espacio,Rectas y Planos,,,
7028,Geometria del espacio,Rectas y Planos,,,
7029,Geometria del espacio,Rectas y Planos,,,
7030,Geometria del espacio,Rectas y Planos,,,
7031,Geometria del espacio,Rectas y Planos,,,
7032,Geometria del espacio,Rectas y Planos,,,
7033,Geometria del espacio,Rectas y Planos,,,
7034,Geometria del espacio,Rectas y Planos,,,
7035,Geometria del espacio,Rectas y Planos,,,
7036,Geometria del espacio,Rectas y Planos,,,
7037,Geometria del espacio,Rectas y Planos,,,
7038,Geometria del espacio,Rectas y Planos,,,
7039,Geometria del espacio,Rectas y Planos,,,
7040,Geometria del espacio,Rectas y Planos,,,
7041,Geometria del espacio,Esfera y Pappus,,,
7042,Geometria del espacio,Esfera y Pappus,,,
7043,Geometria del espacio,Esfera y Pappus,,,
7044,Geometria del espacio,Esfera y Pappus,,,
7045,Geometria del espacio,Esfera y Pappus,,,
7046,Geometria del espacio,Esfera y Pappus,,,
7047,Geometria del espacio,Esfera y Pappus,,,
7048,Geometria del espacio,Esfera y Pappus,,,
7049,Geometria del espacio,Esfera y Pappus,,,
7050,Geometria del espacio,Esfera y Pappus,,,
7051,Geometria del espacio,Esfera y Pappus,,,
7052,Geometria del espacio,Esfera y Pappus,,,
7053,Geometria del espacio,Esfera y Pappus,,,
7054,Geometria del espacio,Esfera y Pappus,,,
7055,Geometria del espacio,Esfera y Pappus,,,
7056,Geometria del espacio,Esfera y Pappus,,,
7057,Geometria del espacio,Esfera y Pappus,,,
7058,Geometria del espacio,Esfera y Pappus,,,
7059,Geometria del espacio,Esfera y Pappus,,,
7060,Geometria del espacio,Esfera y Pappus,,,
7061,Geometria del espacio,Esfera y Pappus,,,
7062,Geometria del espacio,Esfera y Pappus,,,
7063,Geometria del espacio,Esfera y Pappus,,,
7064,Geometria del espacio,Esfera y Pappus,,,
7065,Geometria del espacio,Esfera y Pappus,,,
7066,Geometria del espacio,Esfera y Pappus,,,
7067,Geometria del espacio,Esfera y Pappus,,,
7068,Geometria del espacio,Esfera y Pappus,,,
7069,Geometria del espacio,Esfera y Pappus,,,
7070,Geometria del espacio,Esfera y Pappus,,,
7071,Geometria del espacio,Rectas y Planos,,,
7072,Geometria del espacio,Rectas y Planos,,,
7073,Geometria del espacio,Rectas y Planos,,,
7074,Geometria del espacio,Rectas y Planos,,,
7075,Geometria del espacio,Rectas y Planos,,,
7076,Geometria del espacio,Rectas y Planos,,,
7077,Geometria del espacio,Rectas y Planos,,,
7078,Geometria del espacio,Rectas y Planos,,,
7079,Geometria del espacio,Rectas y Planos,,,
7080,Geometria del espacio,Rectas y Planos,,,
7081,Geometria del espacio,Rectas y Planos,,,
7082,Geometria del espacio,Rectas y Planos,,,
7083,Geometria del espacio,Rectas y Planos,,,
7084,Geometria del espacio,Rectas y Planos,,,
7085,Geometria del espacio,Rectas y Planos,,,
7086,Geometria del espacio,Prismas,,,
7087,Geometria del espacio,Prismas,,,
7088,Geometria del espacio,Prismas,,,
7089,Geometria del espacio,Prismas,,,
7090,Geometria del espacio,Prismas,,,
7091,Geometria del espacio,Prismas,,,
7092,Geometria del espacio,Prismas,,,
7093,Geometria del espacio,Prismas,,,
7094,Geometria del espacio,Prismas,,,
7095,Geometria del espacio,Prismas,,,
7096,Geometria del espacio,Prismas,,,
7097,Geometria del espacio,Prismas,,,
7098,Geometria del espacio,Prismas,,,
7099,Geometria del espacio,Prismas,,,
7100,Geometria del espacio,Prismas,,,
7101,Geometria del espacio,Cilindro,,,
7102,Geometria del espacio,Cilindro,,,
7103,Geometria del espacio,Cilindro,,,
7104,Geometria del espacio,Cilindro,,,
7105,Geometria del espacio,Cilindro,,,
7106,Geometria del espacio,Cilindro,,,
7107,Geometria del espacio,Cilindro,,,
7108,Geometria del espacio,Cilindro,,,
7109,Geometria del espacio,Cilindro,,,
7110,Geometria del espacio,Cilindro,,,
7111,Geometria del espacio,Cilindro,,,
7112,Geometria del espacio,Cilindro,,,
7113,Geometria del espacio,Cilindro,,,
7114,Geometria del espacio,Cilindro,,,
7115,Geometria del espacio,Cilindro,,,
7116,Geometria del espacio,Angulos Diedros,,,
7117,Geometria del espacio,Angulos Diedros,,,
7118,Geometria del espacio,Angulos Diedros,,,
7119,Geometria del espacio,Angulos Diedros,,,
7120,Geometria del espacio,Angulos Diedros,,,
7121,Geometria del espacio,Angulos Diedros,,,
7122,Geometria del espacio,Rectas y Planos,,,
7123,Geometria del espacio,Angulos Diedros,,,
7124,Geometria del espacio,Rectas y Planos,,,
7125,Geometria del espacio,Angulos Diedros,,,
7126,Geometria del espacio,Rectas y Planos,,,
7127,Geometria del espacio,Rectas y Planos,,,
7128,Geometria del espacio,Rectas y Planos,,,
7129,Geometria del espacio,Rectas y Planos,,,
7130,Geometria del espacio,Angulos Diedros,,,
7131,Geometria del espacio,Piramide,,,
7132,Geometria del espacio,Piramide,,,
7133,Geometria del espacio,Piramide,,,
7134,Geometria del espacio,Piramide,,,
7135,Geometria del espacio,Piramide,,,
7136,Geometria del espacio,Piramide,,,
7137,Geometria del espacio,Piramide,,,
7138,Geometria del espacio,Piramide,,,
7139,Geometria del espacio,Piramide,,,
7140,Geometria del espacio,Piramide,,,
7141,Geometria del espacio,Piramide,,,
7142,Geometria del espacio,Piramide,,,
7143,Geometria del espacio,Piramide,,,
7144,Geometria del espacio,Piramide,,,
7145,Geometria del espacio,Piramide,,,
7146,Geometria del espacio,Cono,,,
7147,Geometria del espacio,Cono,,,
7148,Geometria del espacio,Cono,,,
7149,Geometria del espacio,Cono,,,
7150,Geometria del espacio,Cono,,,
7151,Geometria del espacio,Cono,,,
7152,Geometria del espacio,Cono,,,
7153,Geometria del espacio,Cono,,,
7154,Geometria del espacio,Cono,,,
7155,Geometria del espacio,Cono,,,
7156,Geometria del espacio,Cono,,,
7157,Geometria del espacio,Cono,,,
7158,Geometria del espacio,Cono,,,
7159,Geometria del espacio,Cono,,,
7160,Geometria del espacio,Cono,,,
7161,Geometria del espacio,Esfera,,,
7162,Geometria del espacio,Esfera,,,
7163,Geometria del espacio,Esfera,,,
7164,Geometria del espacio,Esfera,,,
7165,Geometria del espacio,Esfera,,,
7166,Geometria del espacio,Esfera,,,
7167,Geometria del espacio,Esfera,,,
7168,Geometria del espacio,Esfera,,,
7169,Geometria del espacio,Esfera,,,
7170,Geometria del espacio,Esfera,,,
7171,Geometria del espacio,Esfera,,,
7172,Geometria del espacio,Esfera,,,
7173,Geometria del espacio,Esfera,,,
7174,Geometria del espacio,Esfera,,,
7175,Geometria del espacio,Esfera,,,
7176,Geometria del espacio,Prismas,,,
7177,Geometria del espacio,Prismas,,,
7178,Geometria del espacio,Prismas,,,
7179,Geometria del espacio,Prismas,,,
7180,Geometria del espacio,Prismas,,,
7181,Geometria del espacio,Prismas,,,
7182,Geometria del espacio,Prismas,,,
7183,Geometria del espacio,Prismas,,,
7184,Geometria del espacio,Prismas,,,
7185,Geometria del espacio,Prismas,,,
7186,Geometria del espacio,Prismas,,,
7187,Geometria del espacio,Prismas,,,
7188,Geometria del espacio,Prismas,,,
7189,Geometria del espacio,Prismas,,,
7190,Geometria del espacio,Prismas,,,
7231,Algebra,Sumatorias,,,
7232,Algebra,Sumatorias,,,
7233,Algebra,Sumatorias,,,
7234,Algebra,Sumatorias,,,
7235,Algebra,Sumatorias,,,
7236,Algebra,Sumatorias,,,
7237,Algebra,Sumatorias,,,
7238,Algebra,Sumatorias,,,
7239,Algebra,Sumatorias,,,
7240,Algebra,Sumatorias,,,
7241,Algebra,Sumatorias,,,
7242,Algebra,Sumatorias,,,
7243,Algebra,Sumatorias,,,
7244,Algebra,Sumatorias,,,
7245,Algebra,Sumatorias,,,
7246,Algebra,Sumatorias,,,
7247,Algebra,Sumatorias,,,
7248,Algebra,Sumatorias,,,
7249,Algebra,Factorial,,,
7250,Algebra,Factorial,,,
7251,Algebra,Factorial,,,
7252,Algebra,Factorial,,,
7253,Algebra,Factorial,,,
7254,Algebra,Factorial,,,
7255,Algebra,Factorial,,,
7256,Algebra,Factorial,,,
7257,Algebra,Factorial,,,
7258,Algebra,Factorial,,,
7259,Algebra,Factorial,,,
7260,Algebra,Factorial,,,
7261,Algebra,Factorial,,,
7262,Algebra,Factorial,,,
7263,Algebra,Factorial,,,
7264,Algebra,Factorial,,,
7265,Algebra,Factorial,,,
7266,Algebra,Factorial,,,
7267,Algebra,Factorial,,,
7268,Algebra,Combinatoria,,,
7269,Algebra,Combinatoria,,,
7270,Algebra,Operaciones algebraicas,,,
7271,Algebra,Combinatoria,,,
7272,Algebra,Combinatoria,,,
7273,Algebra,Combinatoria,,,
7274,Algebra,Combinatoria,,,
7275,Algebra,Combinatoria,,,
7276,Algebra,Combinatoria,,,
7277,Algebra,Combinatoria,,,
7278,Algebra,Combinatoria,,,
7279,Algebra,Combinatoria,,,
7280,Algebra,Combinatoria,,,
7281,Algebra,Combinatoria,,,
7282,Algebra,Combinatoria,,,
7283,Algebra,Combinatoria,,,
7284,Algebra,Combinatoria,,,
7285,Algebra,Combinatoria,,,
7286,Algebra,Combinatoria,,,
7287,Algebra,Combinatoria,,,
7288,Algebra,Combinatoria,,,
7289,Algebra,Combinatoria,,,
7290,Algebra,Combinatoria,,,
7291,Algebra,Combinatoria,,,
7292,Algebra,Combinatoria,,,
7293,Algebra,Combinatoria,,,
7294,Algebra,Combinatoria,,,
7295,Algebra,Combinatoria,,,
7296,Algebra,Combinatoria,,,
7297,Algebra,Combinatoria,,,
7298,Algebra,Combinatoria,,,
7299,Algebra,Combinatoria,,,
7300,Algebra,Combinatoria,,,
7301,Algebra,Combinatoria,,,
7302,Algebra,Combinatoria,,,
7303,Algebra,Combinatoria,,,
7304,Algebra,Combinatoria,,,
7305,Algebra,Combinatoria,,,
7306,Algebra,Combinatoria,,,
7307,Algebra,Combinatoria,,,
7308,Algebra,Combinatoria,,,
7309,Algebra,Combinatoria,,,
7310,Algebra,Combinatoria,,,
7311,Algebra,Combinatoria,,,
7312,Algebra,Combinatoria,,,
7313,Algebra,Combinatoria,,,
7314,Algebra,Combinatoria,,,
7315,Algebra,Combinatoria,,,
7316,Algebra,Combinatoria,,,
7317,Algebra,Combinatoria,,,
7318,Algebra,Combinatoria,,,
7319,Algebra,Combinatoria,,,
7320,Algebra,Combinatoria,,,
7321,Algebra,Binomio de Newton,,,
7322,Algebra,Binomio de Newton,,,
7323,Algebra,Binomio de Newton,,,
7324,Algebra,Binomio de Newton,,,
7325,Algebra,Binomio de Newton,,,
7326,Algebra,Binomio de Newton,,,
7327,Algebra,Binomio de Newton,,,
7328,Algebra,Binomio de Newton,,,
7329,Algebra,Binomio de Newton,,,
7330,Algebra,Binomio de Newton,,,
7331,Algebra,Binomio de Newton,,,
7332,Algebra,Binomio de Newton,,,
7333,Algebra,Binomio de Newton,,,
7334,Algebra,Binomio de Newton,,,
7335,Algebra,Binomio de Newton,,,
7336,Algebra,Binomio de Newton,,,
7337,Algebra,Binomio de Newton,,,
7338,Algebra,Binomio de Newton,,,
7339,Algebra,Binomio de Newton,,,
7340,Algebra,Binomio de Newton,,,
7341,Algebra,Binomio de Newton,,,
7342,Algebra,Binomio de Newton,,,
7343,Algebra,Binomio de Newton,,,
7344,Algebra,Binomio de Newton,,,
7345,Algebra,Binomio de Newton,,,
7346,Algebra,Binomio de Newton,,,
7347,Algebra,Binomio de Newton,,,
7348,Algebra,Binomio de Newton,,,
7349,Algebra,Binomio de Newton,,,
7350,Algebra,Binomio de Newton,,,
7351,Algebra,Binomio de Newton,,,
7352,SIN_CURSO,SIN_TEMA,,,
7353,SIN_CURSO,SIN_TEMA,,,
7354,SIN_CURSO,SIN_TEMA,,,
7355,SIN_CURSO,SIN_TEMA,,,
7356,SIN_CURSO,SIN_TEMA,,,
7357,SIN_CURSO,SIN_TEMA,,,
7358,SIN_CURSO,SIN_TEMA,,,
7359,SIN_CURSO,SIN_TEMA,,,
7360,Algebra,Factorial,,,
7361,Algebra,Factorial,,,
7362,Algebra,Factorial,,,
7363,Algebra,Factorial,,,
7364,Algebra,Binomio de Newton,,,
7365,Algebra,Binomio de Newton,,,
7366,Algebra,Binomio de Newton,,,
7367,Algebra,Binomio de Newton,,,
7368,Algebra,Binomio de Newton,,,
7369,Algebra,Binomio de Newton,,,
7370,Algebra,Binomio de Newton,,,
7371,Algebra,Binomio de Newton,,,
7372,Algebra,Binomio de Newton,,,
7373,Algebra,Binomio de Newton,,,
7374,Algebra,Binomio de Newton,,,
7375,Algebra,Binomio de Newton,,,
7376,Algebra,Binomio de Newton,,,
7377,Algebra,Binomio de Newton,,,
7378,Algebra,Sumatorias,,,
7379,Algebra,Factorial,,,
7380,Algebra,Factorial,,,
7381,Algebra,Factorial,,,
7382,Algebra,Factorial,,,
7383,Algebra,Combinatoria,,,
7384,Algebra,Combinatoria,,,
7385,Algebra,Combinatoria,,,
7386,Algebra,Combinatoria,,,
7387,Algebra,Combinatoria,,,
7388,Algebra,Binomio de Newton,,,
7389,Algebra,Binomio de Newton,,,
7390,Algebra,Binomio de Newton,,,
7391,Algebra,Binomio de Newton,,,
7392,Algebra,Binomio de Newton,,,
7393,Algebra,Binomio de Newton,,,
7394,Algebra,Factorial,,,
7395,Algebra,Factorial,,,
7396,Algebra,Factorial,,,
7397,Algebra,Combinatoria,,,
7398,Algebra,Combinatoria,,,
7399,Algebra,Combinatoria,,,
7400,Algebra,Combinatoria,,,
7401,Algebra,Binomio de Newton,,,
7402,Algebra,Binomio de Newton,,,
7403,Algebra,Binomio de Newton,,,
7404,Algebra,Binomio de Newton,,,
7405,Algebra,Binomio de Newton,,,
7406,Algebra,Binomio de Newton,,,
7407,Algebra,Binomio de Newton,,,
7408,Algebra,Binomio de Newton,,,
7409,Algebra,Factorial,,,
7410,Algebra,Factorial,,,
7411,Algebra,Combinatoria,,,
7412,Algebra,Factorial,,,
7413,Algebra,Factorial,,,
7414,Algebra,Binomio de Newton,,,
7415,Algebra,Binomio de Newton,,,
7416,Algebra,Binomio de Newton,,,
7417,Algebra,Binomio de Newton,,,
7418,Algebra,Binomio de Newton,,,
7419,Algebra,Binomio de Newton,,,
7420,Algebra,Binomio de Newton,,,
7421,Algebra,Binomio de Newton,,,
7422,Algebra,Binomio de Newton,,,
7423,Algebra,Binomio de Newton,,,
7424,Algebra,Binomio de Newton,,,
7425,Algebra,Binomio de Newton,,,
7426,Algebra,Combinatoria,,,
7427,Algebra,Factorial,,,
7428,Algebra,Factorial,,,
7429,Algebra,Combinatoria,,,
7430,Algebra,Combinatoria,,,
7431,Algebra,Binomio de Newton,,,
7432,Algebra,Binomio de Newton,,,
7433,Algebra,Binomio de Newton,,,
7434,Algebra,Binomio de Newton,,,
7435,Algebra,Binomio de Newton,,,
7436,Algebra,Binomio de Newton,,,
7437,Algebra,Binomio de Newton,,,
7438,Algebra,Binomio de Newton,,,
7439,Algebra,Polinomios,,,
7440,Algebra,Binomio de Newton,,,
7441,Algebra,Binomio de Newton,,,
7442,Algebra,Binomio de Newton,,,
7443,Algebra,Polinomios,,,
7444,Algebra,Polinomios,,,
7445,Algebra,Polinomios,,,
7446,Algebra,Polinomios,,,
7447,Algebra,Polinomios,,,
7448,Algebra,Polinomios,,,
7449,Algebra,Polinomios,,,
7450,Algebra,Binomio de Newton,,,
7451,Algebra,Binomio de Newton,,,
7452,Algebra,Binomio de Newton,,,
7453,Algebra,Binomio de Newton,,,
7454,Algebra,Binomio de Newton,,,
7455,Algebra,Formula de Leibniz,,,
7456,Algebra,Binomio de Newton,,,
7457,Algebra,Binomio de Newton,,,
7458,Algebra,Binomio de Newton,,,
7459,Algebra,Binomio de Newton,,,
7460,Algebra,Binomio de Newton,,,
7461,Algebra,Binomio de Newton,,,
7462,Algebra,Binomio de Newton,,,
7463,Algebra,Binomio de Newton,,,
7464,Algebra,Binomio de Newton,,,
7465,Algebra,Binomio de Newton,,,
7466,Algebra,Binomio de Newton,,,
7467,Algebra,Binomio de Newton,,,
7468,Algebra,Binomio de Newton,,,
7469,Algebra,Binomio de Newton,,,
7470,Algebra,Binomio de Newton,,,
7471,Algebra,Binomio de Newton,,,
7472,Algebra,Binomio de Newton,,,
7473,Algebra,Binomio de Newton,,,
7474,Algebra,Binomio de Newton,,,
7475,Algebra,Binomio de Newton,,,
7476,Algebra,Binomio de Newton,,,
7477,Algebra,Binomio de Newton,,,
7478,Algebra,Formula de Leibniz,,,
7479,Algebra,Formula de Leibniz,,,
7480,Algebra,Binomio de Newton,,,
7481,Algebra,Binomio de Newton,,,
7482,Algebra,Binomio de Newton,,,
7483,Algebra,Binomio de Newton,,,
7484,Algebra,Binomio de Newton,,,
7485,Algebra,Binomio de Newton,,,
7486,Algebra,Binomio de Newton,,,
7487,Algebra,Formula de Leibniz,,,
7488,Algebra,Formula de Leibniz,,,
7489,Algebra,Binomio de Newton,,,
7490,Algebra,Binomio de Newton,,,
7491,Algebra,Binomio de Newton,,,
7492,Algebra,Binomio de Newton,,,
7493,Algebra,Formula de Leibniz,,,
7494,Algebra,Binomio de Newton,,,
7495,Algebra,Binomio de Newton,,,
7496,Algebra,Binomio de Newton,,,
7497,Algebra,Binomio de Newton,,,
7498,Algebra,Binomio de Newton,,,
7499,Algebra,Binomio de Newton,,,
7500,Algebra,Binomio de Newton,,,
7501,Algebra,Binomio de Newton,,,
7502,Algebra,Formula de Leibniz,,,
7503,Algebra,Formula de Leibniz,,,
7504,Algebra,Binomio de Newton,,,
7505,Algebra,Binomio de Newton,,,
7506,Algebra,Binomio de Newton,,,
7507,Algebra,Binomio de Newton,,,
7508,Algebra,Binomio de Newton,,,
7509,Algebra,Binomio de Newton,,,
7510,Algebra,Binomio de Newton,,,
7511,Algebra,Binomio de Newton,,,
7512,Algebra,Binomio de Newton,,,
7513,Algebra,Binomio de Newton,,,
7514,Algebra,Binomio de Newton,,,
7515,Algebra,Binomio de Newton,,,
7516,Algebra,Binomio de Newton,,,
7517,Algebra,Binomio de Newton,,,
7518,Algebra,Binomio de Newton,,,
7519,Algebra,Binomio de Newton,,,
7520,Algebra,Binomio de Newton,,,
7521,Algebra,Binomio de Newton,,,
7522,Algebra,Binomio de Newton,,,
7523,Algebra,Formula de Leibniz,,,
7524,Algebra,Binomio de Newton,,,
7525,Algebra,Binomio de Newton,,,
7526,Algebra,Binomio de Newton,,,
7527,Algebra,Formula de Leibniz,,,
7528,Algebra,Formula de Leibniz,,,
7529,Algebra,Formula de Leibniz,,,
7530,Algebra,Combinatoria,,,
7531,Algebra,Binomio de Newton,,,
7532,Algebra,Binomio de Newton,,,
7533,Algebra,Combinatoria,,,
7534,Algebra,Combinatoria,,,
7535,Algebra,Combinatoria,,,
7536,Algebra,Combinatoria,,,
7537,Algebra,Binomio de Newton,,,
7538,Algebra,Combinatoria,,,
7539,Algebra,Combinatoria,,,
7540,Algebra,Combinatoria,,,
7541,Algebra,Formula de Leibniz,,,
7542,Algebra,Binomio de Newton,,,
7543,Algebra,Formula de Leibniz,,,
7544,Algebra,Binomio de Newton,,,
7545,Algebra,Formula de Leibniz,,,
7546,Algebra,Polinomios,,,
7547,Algebra,Binomio de Newton,,,
7548,Algebra,Binomio de Newton,,,
7549,Algebra,Factorial,,,
7550,Algebra,Factorial,,,
7551,Algebra,Combinatoria,,,
7552,Algebra,Factorial,,,
7553,Algebra,Binomio de Newton,,,
7554,Algebra,Binomio de Newton,,,
7555,Algebra,Binomio de Newton,,,
7556,Algebra,Binomio de Newton,,,
7557,Algebra,Binomio de Newton,,,
7558,Algebra,Formula de Leibniz,,,
7559,Algebra,Binomio de Newton,,,
7560,Algebra,Binomio de Newton,,,
7561,Algebra,Binomio de Newton,,,
7562,Algebra,Binomio de Newton,,,
7563,Algebra,Formula de Leibniz,,,
7564,Algebra,Combinatoria,,,
7565,Algebra,Combinatoria,,,
7566,Algebra,Combinatoria,,,
7567,Algebra,Combinatoria,,,
7568,Algebra,Combinatoria,,,
7569,Algebra,Combinatoria,,,
7570,Algebra,Combinatoria,,,
7571,Algebra,Combinatoria,,,
7572,Algebra,Combinatoria,,,
7573,Algebra,Binomio de Newton,,,
7574,Algebra,Binomio de Newton,,,
7575,Algebra,Binomio de Newton,,,
7576,Algebra,Binomio de Newton,,,
7577,Algebra,Binomio de Newton,,,
7578,Algebra,Combinatoria,,,
7579,Algebra,Combinatoria,,,
7580,Algebra,Combinatoria,,,
7581,Algebra,Combinatoria,,,
7582,Algebra,Sumatorias,,,
7583,Algebra,Sumatorias,,,
7584,Algebra,Sumatorias,,,
7585,Algebra,Sumatorias,,,
7586,Algebra,Sumatorias,,,
7587,Algebra,Sumatorias,,,
7588,Algebra,Sumatorias,,,
7589,Algebra,Sumatorias,,,
7590,Algebra,Sumatorias,,,
7591,Algebra,Sumatorias,,,
7592,Algebra,Sumatorias,,,
7593,Algebra,Sumatorias,,,
7594,Algebra,Sumatorias,,,
7595,Algebra,Sumatorias,,,
7596,Algebra,Sumatorias,,,
7597,Algebra,Factorial,,,
7598,Algebra,Sumatorias,,,
7599,Algebra,Sumatorias,,,
7600,Algebra,Sumatorias,,,
7601,Algebra,Sumatorias,,,
7602,Algebra,Sumatorias,,,
7603,Algebra,Sumatorias,,,
7604,Algebra,Sumatorias,,,
7605,Algebra,Sumatorias,,,
7606,Algebra,Sumatorias,,,
7607,Algebra,Sumatorias,,,
7608,Algebra,Sumatorias,,,
7609,Algebra,Sumatorias,,,
7610,Algebra,Sumatorias,,,
7611,Algebra,Factorial,,,
7612,Algebra,Factorial,,,
7613,Algebra,Factorial,,,
7614,Algebra,Factorial,,,
7615,Algebra,Factorial,,,
7616,Algebra,Factorial,,,
7617,Algebra,Radicación,,,
7618,Algebra,Factorial,,,
7619,Algebra,Factorial,,,
7620,Algebra,Factorial,,,
7621,Algebra,Factorial,,,
7622,Algebra,Factorial,,,
7623,Algebra,Factorial,,,
7624,Algebra,Factorial,,,
7625,Algebra,Factorial,,,
7626,Algebra,Factorial,,,
7627,Algebra,Factorial,,,
7628,Algebra,Factorial,,,
7629,Algebra,Factorial,,,
7630,Algebra,Factorial,,,
7631,Algebra,Factorial,,,
7632,Algebra,Factorial,,,
7633,Algebra,Combinatoria,,,
7634,Algebra,Combinatoria,,,
7635,Algebra,Combinatoria,,,
7636,Algebra,Combinatoria,,,
7637,Algebra,Combinatoria,,,
7638,Algebra,Combinatoria,,,
7639,Algebra,Combinatoria,,,
7640,Algebra,Combinatoria,,,
7641,Algebra,Combinatoria,,,
7642,Algebra,Combinatoria,,,
7643,Algebra,Combinatoria,,,
7644,Algebra,Combinatoria,,,
7645,Algebra,Combinatoria,,,
7646,Algebra,Combinatoria,,,
7647,Algebra,Combinatoria,,,
7648,Algebra,Combinatoria,,,
7649,Algebra,Combinatoria,,,
7650,Algebra,Combinatoria,,,
7651,Algebra,Factorial,,,
7652,Algebra,Combinatoria,,,
7653,Algebra,Combinatoria,,,
7654,Algebra,Combinatoria,,,
7655,Algebra,Combinatoria,,,
7656,Algebra,Combinatoria,,,
7657,Algebra,Combinatoria,,,
7658,Algebra,Combinatoria,,,
7659,Algebra,Combinatoria,,,
7660,Algebra,Combinatoria,,,
7661,Algebra,Combinatoria,,,
7662,Algebra,Combinatoria,,,
7663,Algebra,Combinatoria,,,
7664,Algebra,Combinatoria,,,
7665,Algebra,Combinatoria,,,
7666,Algebra,Combinatoria,,,
7667,Algebra,Combinatoria,,,
7668,Algebra,Combinatoria,,,
7669,Algebra,Combinatoria,,,
7670,Algebra,Combinatoria,,,
7671,Algebra,Combinatoria,,,
7672,Algebra,Combinatoria,,,
7673,Algebra,Combinatoria,,,
7674,Algebra,Combinatoria,,,
7675,Algebra,Combinatoria,,,
7676,Algebra,Combinatoria,,,
7677,Algebra,Combinatoria,,,
7678,Algebra,Combinatoria,,,
7679,Algebra,Combinatoria,,,
7680,Algebra,Combinatoria,,,
7681,Algebra,Combinatoria,,,
7682,Algebra,Combinatoria,,,
7683,Algebra,Combinatoria,,,
7684,Algebra,Combinatoria,,,
7685,Algebra,Combinatoria,,,
7686,Algebra,Combinatoria,,,
7687,Algebra,Combinatoria,,,
7688,Algebra,Combinatoria,,,
7689,Algebra,Combinatoria,,,
7690,Algebra,Combinatoria,,,
7691,Algebra,Combinatoria,,,
7692,Algebra,Combinatoria,,,
7693,Algebra,Combinatoria,,,
7694,Algebra,Combinatoria,,,
7695,Algebra,Combinatoria,,,
7696,Algebra,Combinatoria,,,
7697,Algebra,Combinatoria,,,
7698,Algebra,Combinatoria,,,
7699,Algebra,Combinatoria,,,
7700,Algebra,Combinatoria,,,
7701,Algebra,Binomio de Newton,,,
7702,Algebra,Binomio de Newton,,,
7703,Algebra,Binomio de Newton,,,
7704,Algebra,Binomio de Newton,,,
7705,Algebra,Binomio de Newton,,,
7706,Algebra,Binomio de Newton,,,
7707,Algebra,Binomio de Newton,,,
7708,Algebra,Binomio de Newton,,,
7709,Algebra,Binomio de Newton,,,
7710,Algebra,Binomio de Newton,,,
7711,Algebra,Binomio de Newton,,,
7712,Algebra,Binomio de Newton,,,
7713,Algebra,Binomio de Newton,,,
7714,Algebra,Binomio de Newton,,,
7715,Algebra,Binomio de Newton,,,
7716,Algebra,Binomio de Newton,,,
7717,Algebra,Binomio de Newton,,,
7718,Algebra,Binomio de Newton,,,
7719,Algebra,Binomio de Newton,,,
7720,Algebra,Binomio de Newton,,,
7721,Algebra,Binomio de Newton,,,
7722,Algebra,Binomio de Newton,,,
7723,Algebra,Binomio de Newton,,,
7724,Algebra,Binomio de Newton,,,
7725,Algebra,Binomio de Newton,,,
7726,Algebra,Binomio de Newton,,,
7727,Algebra,Binomio de Newton,,,
7728,Algebra,Binomio de Newton,,,
7729,Algebra,Binomio de Newton,,,
7730,Algebra,Binomio de Newton,,,
7731,Algebra,Binomio de Newton,,,
7732,Algebra,Binomio de Newton,,,
7733,Algebra,Binomio de Newton,,,
7734,Algebra,Binomio de Newton,,,
7735,Algebra,Binomio de Newton,,,
7736,Algebra,Binomio de Newton,,,
7737,Algebra,Binomio de Newton,,,
7738,Algebra,Binomio de Newton,,,
7739,Algebra,Binomio de Newton,,,
7740,Algebra,Binomio de Newton,,,
7741,Algebra,Polinomios,,,
7742,Algebra,Binomio de Newton,,,
7743,Algebra,Binomio de Newton,,,
7744,Algebra,Binomio de Newton,,,
7745,Algebra,Binomio de Newton,,,
7746,Algebra,Binomio de Newton,,,
7747,Algebra,Binomio de Newton,,,
7748,Algebra,Binomio de Newton,,,
7749,Algebra,Binomio de Newton,,,
7750,Algebra,Binomio de Newton,,,
7751,Algebra,Binomio de Newton,,,
7752,Algebra,Factorial,,,
7753,Algebra,Factorial,,,
7754,Algebra,Factorial,,,
7755,Algebra,Factorial,,,
7756,Algebra,Factorial,,,
7757,Algebra,Factorial,,,
7758,Algebra,Factorial,,,
7759,Algebra,Factorial,,,
7760,Algebra,Combinatoria,,,
7761,Algebra,Combinatoria,,,
7762,Algebra,Combinatoria,,,
7763,Algebra,Combinatoria,,,
7764,Algebra,Combinatoria,,,
7765,Algebra,Combinatoria,,,
7766,Algebra,Combinatoria,,,
7767,Algebra,Combinatoria,,,
7768,Algebra,Combinatoria,,,
7769,Algebra,Combinatoria,,,
7770,Algebra,Factorial,,,
7771,Algebra,Factorial,,,
7772,Algebra,Factorial,,,
7773,Algebra,Factorial,,,
7774,Algebra,Factorial,,,
7775,Algebra,Factorial,,,
7776,Algebra,Factorial,,,
7777,Algebra,Factorial,,,
7778,Algebra,Factorial,,,
7779,Algebra,Factorial,,,
7780,Algebra,Factorial,,,
7781,Algebra,Combinatoria,,,
7782,Algebra,Combinatoria,,,
7783,Algebra,Combinatoria,,,
7784,Algebra,Combinatoria,,,
7785,Algebra,Combinatoria,,,
7786,Algebra,Combinatoria,,,
7787,Algebra,Factorial,,,
7788,Algebra,Factorial,,,
7789,Algebra,Factorial,,,
7790,Algebra,Combinatoria,,,
7791,Algebra,Combinatoria,,,
7792,Algebra,Factorial,,,
7793,Algebra,Factorial,,,
7794,Algebra,Factorial,,,
7795,Algebra,Factorial,,,
7796,Algebra,Factorial,,,
7797,Algebra,Factorial,,,
7798,Algebra,Factorial,,,
7799,Algebra,Combinatoria,,,
7800,Algebra,Combinatoria,,,
7801,Algebra,Combinatoria,,,
7802,Algebra,Binomio de Newton,,,
7803,Algebra,Binomio de Newton,,,
7804,Algebra,Binomio de Newton,,,
7805,Algebra,Binomio de Newton,,,
7806,Algebra,Binomio de Newton,,,
7807,Algebra,Binomio de Newton,,,
7808,Algebra,Binomio de Newton,,,
7809,Algebra,Binomio de Newton,,,
7810,Algebra,Combinatoria,,,
7811,Algebra,Binomio de Newton,,,
7812,Algebra,Binomio de Newton,,,
7813,Algebra,Binomio de Newton,,,
7814,Algebra,Binomio de Newton,,,
7815,Algebra,Binomio de Newton,,,
7816,Algebra,Binomio de Newton,,,
7817,Algebra,Binomio de Newton,,,
7818,Algebra,Binomio de Newton,,,
7819,Algebra,Binomio de Newton,,,
7820,Algebra,Binomio de Newton,,,
7821,Algebra,Binomio de Newton,,,
7822,Algebra,Binomio de Newton,,,
7823,Algebra,Combinatoria,,,
7824,Algebra,Combinatoria,,,
7825,Algebra,Binomio de Newton,,,
7826,Algebra,Binomio de Newton,,,
7827,Algebra,Binomio de Newton,,,
7828,Algebra,Binomio de Newton,,,
7829,Algebra,Binomio de Newton,,,
7830,Algebra,Combinatoria,,,
7831,Algebra,Combinatoria,,,
7832,Algebra,Binomio de Newton,,,
7833,Algebra,Binomio de Newton,,,
7834,Algebra,Binomio de Newton,,,
7835,Algebra,Binomio de Newton,,,
7836,Algebra,Binomio de Newton,,,
7837,Algebra,Combinatoria,,,
7838,Algebra,Binomio de Newton,,,
7839,Algebra,Binomio de Newton,,,
7840,Algebra,Binomio de Newton,,,
7841,Algebra,Binomio de Newton,,,
7842,Algebra,Sumatorias,,,
7843,Algebra,Sumatorias,,,
7844,Algebra,Factorial,,,
7845,Algebra,Combinatoria,,,
7846,Algebra,Combinatoria,,,
7847,Algebra,Combinatoria,,,
7848,Algebra,Combinatoria,,,
7849,Algebra,Combinatoria,,,
7850,Algebra,Combinatoria,,,
7851,Algebra,Combinatoria,,,
7852,Algebra,Combinatoria,,,
7853,Algebra,Combinatoria,,,
7854,Algebra,Combinatoria,,,
7855,Algebra,Combinatoria,,,
7856,Algebra,Combinatoria,,,
7857,Algebra,Combinatoria,,,
7858,Algebra,Combinatoria,,,
7859,Algebra,Combinatoria,,,
7860,Algebra,Combinatoria,,,
7861,Algebra,Combinatoria,,,
7862,Algebra,Combinatoria,,,
7863,Algebra,Binomio de Newton,,,
7864,Algebra,Binomio de Newton,,,
7865,Algebra,Binomio de Newton,,,
7866,Algebra,Binomio de Newton,,,
7867,Algebra,Binomio de Newton,,,
7868,Algebra,Binomio de Newton,,,
7869,Algebra,Binomio de Newton,,,
7870,Algebra,Binomio de Newton,,,
7871,Algebra,Binomio de Newton,,,
7872,Algebra,Radicación,,,
7873,Algebra,Radicación,,,
7874,Algebra,Radicación,,,
7875,Algebra,Radicación,,,
7876,Algebra,Radicación,,,
7877,Algebra,Radicación,,,
7878,Algebra,Radicación,,,
7879,Algebra,Radicación,,,
7880,Algebra,Radicación,,,
7881,Algebra,Radicación,,,
7882,Algebra,Radicación,,,
7883,Algebra,Radicación,,,
7884,Algebra,Radicación,,,
7885,Algebra,Radicación,,,
7886,Algebra,Radicación,,,
7887,Algebra,Radicación,,,
7888,Algebra,Radicación,,,
7889,Algebra,Radicación,,,
7890,Algebra,Radicación,,,
7891,Algebra,Radicación,,,
7892,Algebra,Radicación,,,
7893,Algebra,Radicación,,,
7894,Algebra,Radicación,,,
7895,Algebra,Radicación,,,
7896,Algebra,Radicación,,,
7897,Algebra,Radicación,,,
7898,Algebra,Radicación,,,
7899,Algebra,Radicación,,,
7900,Algebra,Radicación,,,
7901,Algebra,Radicación,,,
7902,Algebra,Radicación,,,
7903,Algebra,Radicación,,,
7904,Algebra,Radicación,,,
7905,Algebra,Radicación,,,
7906,Algebra,Radicación,,,
7907,Algebra,Radicación,,,
7908,Algebra,Radicación,,,
7909,Algebra,Radicación,,,
7910,Algebra,Radicación,,,
7911,Algebra,Radicación,,,
7912,Algebra,Radicación,,,
7913,Algebra,Radicación,,,
7914,Algebra,Radicación,,,
7915,Algebra,Radicación,,,
7916,Algebra,Radicación,,,
7917,Algebra,Radicación,,,
7918,Algebra,Radicación,,,
7919,Algebra,Radicación,,,
7920,Algebra,Radicación,,,
7921,Algebra,Radicación,,,
7922,Algebra,Teoria de Ecuaciones,,,
7923,Algebra,Teoria de Ecuaciones,,,
7924,Algebra,Teoria de Ecuaciones,,,
7925,Algebra,Teoria de Ecuaciones,,,
7926,Algebra,Teoria de Ecuaciones,,,
7927,Algebra,Teoria de Ecuaciones,,,
7928,Algebra,Teoria de Ecuaciones,,,
7929,Algebra,Teoria de Ecuaciones,,,
7930,Algebra,Teoria de Ecuaciones,,,
7931,Algebra,Ecuaciones Lineales,,,
7932,Algebra,Ecuaciones Lineales,,,
7933,Algebra,Ecuaciones Lineales,,,
7934,Algebra,Ecuaciones Lineales,,,
7935,Algebra,Ecuaciones Lineales,,,
7936,Algebra,Ecuaciones Lineales,,,
7937,Algebra,Ecuaciones Lineales,,,
7938,Algebra,Teoria de Ecuaciones,,,
7939,Algebra,Ecuaciones Lineales,,,
7940,Algebra,Ecuaciones Lineales,,,
7941,Algebra,Ecuaciones Lineales,,,
7942,Algebra,Ecuaciones Lineales,,,
7943,Algebra,Ecuaciones Lineales,,,
7944,Algebra,Ecuaciones Lineales,,,
7945,Algebra,Ecuaciones Lineales,,,
7946,Algebra,Ecuaciones Lineales,,,
7947,Algebra,Ecuaciones Lineales,,,
7948,Algebra,Ecuaciones Lineales,,,
7949,Algebra,Ecuaciones Lineales,,,
7950,Algebra,Ecuaciones Lineales,,,
7951,Algebra,Teoria de Ecuaciones,,,
7952,Algebra,Teoria de Ecuaciones,,,
7953,Algebra,Teoria de Ecuaciones,,,
7954,Algebra,Teoria de Ecuaciones,,,
7955,Algebra,Ecuaciones Lineales,,,
7956,Algebra,Ecuaciones Lineales,,,
7957,Algebra,Teoria de Ecuaciones,,,
7958,Algebra,Ecuaciones Lineales,,,
7959,Algebra,Ecuaciones Lineales,,,
7960,Algebra,Ecuaciones Lineales,,,
7961,Algebra,Ecuaciones Lineales,,,
7962,Algebra,Ecuaciones Lineales,,,
7963,Algebra,Ecuaciones Lineales,,,
7964,Algebra,Ecuaciones Lineales,,,
7965,Algebra,Teoria de Ecuaciones,,,
7966,Algebra,Ecuaciones Lineales,,,
7967,Algebra,Ecuaciones Cuadraticas,,,
7968,Algebra,Ecuaciones Cuadraticas,,,
7969,Algebra,Ecuaciones Cuadraticas,,,
7970,Algebra,Ecuaciones Cuadraticas,,,
7971,Algebra,Ecuaciones Cuadraticas,,,
7972,Algebra,Ecuaciones Cuadraticas,,,
7973,Algebra,Ecuaciones Cuadraticas,,,
7974,Algebra,Ecuaciones Cuadraticas,,,
7975,Algebra,Ecuaciones Cuadraticas,,,
7976,Algebra,Ecuaciones Cuadraticas,,,
7977,Algebra,Ecuaciones Cuadraticas,,,
7978,Algebra,Ecuaciones Cuadraticas,,,
7979,Algebra,Ecuaciones Cuadraticas,,,
7980,Algebra,Ecuaciones Cuadraticas,,,
7981,Algebra,Ecuaciones Cuadraticas,,,
7982,Algebra,Ecuaciones Cuadraticas,,,
7983,Algebra,Ecuaciones Cuadraticas,,,
7984,Algebra,Ecuaciones Cuadraticas,,,
7985,Algebra,Ecuaciones Cuadraticas,,,
7986,Algebra,Ecuaciones Cuadraticas,,,
7987,Algebra,Ecuaciones Cuadraticas,,,
7988,Algebra,Ecuaciones Cuadraticas,,,
7989,Algebra,Ecuaciones Cuadraticas,,,
7990,Algebra,Ecuaciones Cuadraticas,,,
7991,Algebra,Ecuaciones Cuadraticas,,,
7992,Algebra,Ecuaciones Cuadraticas,,,
7993,Algebra,Ecuaciones Cuadraticas,,,
7994,Algebra,Ecuaciones Cuadraticas,,,
7995,Algebra,Ecuaciones Cuadraticas,,,
7996,Algebra,Ecuaciones Cuadraticas,,,
7997,Algebra,Ecuaciones Cuadraticas,,,
7998,Algebra,Ecuaciones Cuadraticas,,,
7999,Algebra,Ecuaciones Cuadraticas,,,
8000,Algebra,Ecuaciones Cuadraticas,,,
8001,Algebra,Ecuaciones Cuadraticas,,,
8002,Algebra,Ecuaciones Cuadraticas,,,
8003,Algebra,Ecuaciones Cuadraticas,,,
8004,Algebra,Ecuaciones Cuadraticas,,,
8005,Algebra,Ecuaciones Cuadraticas,,,
8006,Algebra,Ecuaciones Cuadraticas,,,
8007,Algebra,Ecuaciones Cuadraticas,,,
8008,Algebra,Ecuaciones Cuadraticas,,,
8009,Algebra,Ecuaciones Cuadraticas,,,
8010,Algebra,Ecuaciones Cuadraticas,,,
8011,Algebra,Ecuaciones Cuadraticas,,,
8012,Algebra,Ecuaciones Cuadraticas,,,
8013,Algebra,Ecuaciones Cuadraticas,,,
8014,Algebra,Ecuaciones Cuadraticas,,,
8015,Algebra,Ecuaciones Cuadraticas,,,
8016,Algebra,Ecuaciones Cuadraticas,,,
8017,Algebra,Ecuacion de Grado Superior,,,
8018,Algebra,Ecuacion de Grado Superior,,,
8019,Algebra,Ecuacion de Grado Superior,,,
8020,Algebra,Ecuacion de Grado Superior,,,
8021,Algebra,Ecuacion de Grado Superior,,,
8022,Algebra,Ecuacion de Grado Superior,,,
8023,Algebra,Ecuacion de Grado Superior,,,
8024,Algebra,Sistema de Ecuaciones,,,
8025,Algebra,Sistema de Ecuaciones,,,
8026,Algebra,Sistema de Ecuaciones,,,
8027,Algebra,Sistema de Ecuaciones,,,
8028,Algebra,Sistema de Ecuaciones,,,
8029,Algebra,Sistema de Ecuaciones,,,
8030,Algebra,Sistema de Ecuaciones,,,
8031,Algebra,Sistema de Ecuaciones,,,
8032,Algebra,Sistema de Ecuaciones,,,
8033,Algebra,Sistema de Ecuaciones,,,
8034,Algebra,Sistema de Ecuaciones,,,
8035,Algebra,Sistema de Ecuaciones,,,
8036,Algebra,Sistema de Ecuaciones,,,
8037,Algebra,Ecuacion de Grado Superior,,,
8038,Algebra,Ecuacion de Grado Superior,,,
8039,Algebra,Ecuacion de Grado Superior,,,
8040,Algebra,Ecuacion de Grado Superior,,,
8041,Algebra,Ecuacion de Grado Superior,,,
8042,Algebra,Ecuacion de Grado Superior,,,
8043,Algebra,Ecuacion de Grado Superior,,,
8044,Algebra,Ecuacion de Grado Superior,,,
8045,Algebra,Sistema de Ecuaciones,,,
8046,Algebra,Sistema de Ecuaciones,,,
8047,Algebra,Sistema de Ecuaciones,,,
8048,Algebra,Sistema de Ecuaciones,,,
8049,Algebra,Sistema de Ecuaciones,,,
8050,Algebra,Sistema de Ecuaciones,,,
8051,Algebra,Sistema de Ecuaciones,,,
8052,Algebra,Ecuacion de Grado Superior,,,
8053,Algebra,Ecuacion de Grado Superior,,,
8054,Algebra,Sistema de Ecuaciones,,,
8055,Algebra,Sistema de Ecuaciones,,,
8056,Algebra,Sistema de Ecuaciones,,,
8057,Algebra,Ecuacion de Grado Superior,,,
8058,Algebra,Ecuacion de Grado Superior,,,
8059,Algebra,Ecuacion de Grado Superior,,,
8060,Algebra,Ecuacion de Grado Superior,,,
8061,Algebra,Sistema de Ecuaciones,,,
8062,Algebra,Sistema de Ecuaciones,,,
8063,Algebra,Sistema de Ecuaciones,,,
8064,Algebra,Sistema de Ecuaciones,,,
8065,Algebra,Sistema de Ecuaciones,,,
8066,Algebra,Sistema de Ecuaciones,,,
8067,Algebra,Intervalos,,,
8068,Algebra,Intervalos,,,
8069,Algebra,Intervalos,,,
8070,Algebra,Desigualdades,,,
8071,Algebra,Desigualdades,,,
8072,Algebra,Inecuaciones Lineales,,,
8073,Algebra,Inecuaciones Lineales,,,
8074,Algebra,Intervalos,,,
8075,Algebra,Desigualdades,,,
8076,Algebra,Inecuaciones Lineales,,,
8077,Algebra,Inecuaciones Lineales,,,
8078,Algebra,Inecuaciones Lineales,,,
8079,Algebra,Inecuaciones Lineales,,,
8080,Algebra,Intervalos,,,
8081,Algebra,Intervalos,,,
8082,Algebra,Intervalos,,,
8083,Algebra,Intervalos,,,
8084,Algebra,Intervalos,,,
8085,Algebra,Intervalos,,,
8086,Algebra,Intervalos,,,
8087,Algebra,Desigualdades,,,
8088,Algebra,Desigualdades,,,
8089,Algebra,Desigualdades,,,
8090,Algebra,Desigualdades,,,
8091,Algebra,Desigualdades,,,
8092,Algebra,Desigualdades,,,
8093,Algebra,Desigualdades,,,
8094,Algebra,Desigualdades,,,
8095,Algebra,Inecuaciones Lineales,,,
8096,Algebra,Inecuaciones Lineales,,,
8097,Algebra,Inecuaciones Lineales,,,
8098,Algebra,Inecuaciones Lineales,,,
8099,Algebra,Inecuaciones Lineales,,,
8100,Algebra,Intervalos,,,
8101,Algebra,Intervalos,,,
8102,Algebra,Desigualdades,,,
8103,Algebra,Inecuaciones Lineales,,,
8104,Algebra,Inecuaciones Lineales,,,
8105,Algebra,Intervalos,,,
8106,Algebra,Intervalos,,,
8107,Algebra,Intervalos,,,
8108,Algebra,Desigualdades,,,
8109,Algebra,Inecuaciones Lineales,,,
8110,Algebra,Inecuaciones Lineales,,,
8111,Algebra,Intervalos,,,
8112,Algebra,Intervalos,,,
8113,Algebra,Inecuaciones Racionales,,,
8114,Algebra,Inecuaciones Lineales,,,
8115,Algebra,Inecuaciones Lineales,,,
8116,Algebra,Inecuaciones Lineales,,,
8117,Algebra,Intervalos,,,
8118,Algebra,Intervalos,,,
8119,Algebra,Intervalos,,,
8120,Algebra,Inecuaciones Cuadraticas,,,
8121,Algebra,Inecuaciones Cuadraticas,,,
8122,Algebra,Inecuaciones Cuadraticas,,,
8123,Algebra,Inecuaciones Cuadraticas,,,
8124,Algebra,Inecuaciones Cuadraticas,,,
8125,Algebra,Inecuaciones Cuadraticas,,,
8126,Algebra,Inecuaciones Cuadraticas,,,
8127,Algebra,Inecuaciones Cuadraticas,,,
8128,Algebra,Inecuaciones Cuadraticas,,,
8129,Algebra,Inecuaciones Cuadraticas,,,
8130,Algebra,Inecuaciones Cuadraticas,,,
8131,Algebra,Inecuaciones Cuadraticas,,,
8132,Algebra,Inecuaciones Cuadraticas,,,
8133,Algebra,Inecuaciones Cuadraticas,,,
8134,Algebra,Desigualdades,,,
8135,Algebra,Desigualdades,,,
8136,Algebra,Desigualdades,,,
8137,Algebra,Desigualdades,,,
8138,Algebra,Desigualdades,,,
8139,Algebra,Inecuaciones Cuadraticas,,,
8140,Algebra,Inecuaciones Cuadraticas,,,
8141,Algebra,Intervalos,,,
8142,Algebra,Inecuaciones Cuadraticas,,,
8143,Algebra,Inecuaciones Cuadraticas,,,
8144,Algebra,Inecuaciones Cuadraticas,,,
8145,Algebra,Inecuaciones Cuadraticas,,,
8146,Algebra,Inecuaciones Cuadraticas,,,
8147,Algebra,Inecuaciones Cuadraticas,,,
8148,Algebra,Desigualdades,,,
8149,Algebra,Desigualdades,,,
8150,Algebra,Desigualdades,,,
8151,Algebra,Desigualdades,,,
8152,Algebra,Inecuaciones Cuadraticas,,,
8153,Algebra,Inecuaciones Cuadraticas,,,
8154,Algebra,Inecuaciones Cuadraticas,,,
8155,Algebra,Desigualdades,,,
8156,Algebra,Desigualdades,,,
8157,Algebra,Intervalos,,,
8158,Algebra,Intervalos,,,
8159,Algebra,Inecuaciones Cuadraticas,,,
8160,Algebra,Inecuaciones Cuadraticas,,,
8161,Algebra,Inecuaciones Cuadraticas,,,
8162,Algebra,Inecuaciones Cuadraticas,,,
8163,Algebra,Inecuaciones Cuadraticas,,,
8164,Algebra,Inecuaciones Cuadraticas,,,
8165,Algebra,Inecuaciones Cuadraticas,,,
8166,Algebra,Desigualdades,,,
8167,Algebra,Inecuaciones Polinomiales,,,
8168,Algebra,Inecuaciones Polinomiales,,,
8169,Algebra,Inecuaciones Polinomiales,,,
8170,Algebra,Inecuaciones Polinomiales,,,
8171,Algebra,Inecuaciones Polinomiales,,,
8172,Algebra,Inecuaciones Polinomiales,,,
8173,Algebra,Inecuaciones Polinomiales,,,
8174,Algebra,Inecuaciones Polinomiales,,,
8175,Algebra,Inecuaciones Polinomiales,,,
8176,Algebra,Inecuaciones Polinomiales,,,
8177,Algebra,Inecuaciones Polinomiales,,,
8178,Algebra,Inecuaciones Exponenciales,,,
8179,Algebra,Inecuaciones Racionales,,,
8180,Algebra,Inecuaciones Racionales,,,
8181,Algebra,Inecuaciones Racionales,,,
8182,Algebra,Inecuaciones Racionales,,,
8183,Algebra,Inecuaciones Racionales,,,
8184,Algebra,Inecuaciones Racionales,,,
8185,Algebra,Inecuaciones Racionales,,,
8186,Algebra,Inecuaciones Racionales,,,
8187,Algebra,Inecuaciones Racionales,,,
8188,Algebra,Inecuaciones Racionales,,,
8189,Algebra,Inecuaciones Racionales,,,
8190,Algebra,Inecuaciones Racionales,,,
8191,Algebra,Inecuaciones Polinomiales,,,
8192,Algebra,Inecuaciones Polinomiales,,,
8193,Algebra,Inecuaciones Polinomiales,,,
8194,Algebra,Desigualdades,,,
8195,Algebra,Inecuaciones Racionales,,,
8196,Algebra,Inecuaciones Racionales,,,
8197,Algebra,Desigualdades,,,
8198,Algebra,Inecuaciones Racionales,,,
8199,Algebra,Inecuaciones Polinomiales,,,
8200,Algebra,Inecuaciones Racionales,,,
8201,Algebra,Inecuaciones Racionales,,,
8202,Algebra,Inecuaciones Polinomiales,,,
8203,Algebra,Inecuaciones Polinomiales,,,
8204,Algebra,Inecuaciones Racionales,,,
8205,Algebra,Inecuaciones Racionales,,,
8206,Algebra,Desigualdades,,,
8207,Algebra,Desigualdades,,,
8208,Algebra,Inecuaciones Polinomiales,,,
8209,Algebra,Inecuaciones Polinomiales,,,
8210,Algebra,Inecuaciones Polinomiales,,,
8211,Algebra,Inecuaciones Racionales,,,
8212,Algebra,Inecuaciones Racionales,,,
8213,Algebra,Inecuaciones Racionales,,,
8214,Algebra,Inecuaciones Racionales,,,
8215,Algebra,Inecuaciones Racionales,,,
8216,Algebra,Inecuaciones Racionales,,,
8217,Algebra,Inecuaciones Irracionales,,,
8218,Algebra,Inecuaciones Irracionales,,,
8219,Algebra,Inecuaciones Irracionales,,,
8220,Algebra,Inecuaciones Irracionales,,,
8221,Algebra,Inecuaciones Irracionales,,,
8222,Algebra,Inecuaciones Irracionales,,,
8223,Algebra,Inecuaciones Irracionales,,,
8224,Algebra,Inecuaciones Irracionales,,,
8225,Algebra,Inecuaciones Irracionales,,,
8226,Algebra,Inecuaciones Irracionales,,,
8227,Algebra,Inecuaciones Irracionales,,,
8228,Algebra,Inecuaciones Irracionales,,,
8229,Algebra,Inecuaciones Irracionales,,,
8230,Algebra,Inecuaciones Irracionales,,,
8231,Algebra,Inecuaciones Irracionales,,,
8232,Algebra,Inecuaciones Irracionales,,,
8233,Algebra,Inecuaciones Irracionales,,,
8234,Algebra,Inecuaciones Irracionales,,,
8235,Algebra,Inecuaciones Irracionales,,,
8236,Algebra,Inecuaciones Irracionales,,,
8237,Algebra,Inecuaciones Irracionales,,,
8238,Algebra,Inecuaciones Irracionales,,,
8239,Algebra,Inecuaciones Irracionales,,,
8240,Algebra,Inecuaciones Irracionales,,,
8241,Algebra,Inecuaciones Irracionales,,,
8242,Algebra,Inecuaciones Irracionales,,,
8243,Algebra,Inecuaciones Irracionales,,,
8244,Algebra,Inecuaciones Irracionales,,,
8245,Algebra,Inecuaciones Irracionales,,,
8246,Algebra,Inecuaciones Irracionales,,,
8247,Algebra,Inecuaciones Irracionales,,,
8248,Algebra,Inecuaciones Irracionales,,,
8249,Algebra,Inecuaciones Irracionales,,,
8250,Algebra,Inecuaciones Irracionales,,,
8251,Algebra,Inecuaciones Irracionales,,,
8252,Algebra,Inecuaciones Irracionales,,,
8253,Algebra,Inecuaciones Irracionales,,,
8254,Algebra,Inecuaciones Irracionales,,,
8255,Algebra,Inecuaciones Irracionales,,,
8256,Algebra,Inecuaciones Irracionales,,,
8257,Algebra,Inecuaciones Irracionales,,,
8258,Algebra,Inecuaciones Irracionales,,,
8259,Algebra,Inecuaciones Irracionales,,,
8260,Algebra,Inecuaciones Irracionales,,,
8261,Algebra,Inecuaciones Irracionales,,,
8262,Algebra,Inecuaciones Irracionales,,,
8263,Algebra,Inecuaciones Irracionales,,,
8264,Algebra,Inecuaciones Irracionales,,,
8265,Algebra,Inecuaciones Irracionales,,,
8266,Algebra,Inecuaciones Irracionales,,,
8267,Algebra,Inecuaciones Exponenciales,,,
8268,Algebra,Ecuaciones Exponenciales,,,
8269,Algebra,Inecuaciones Exponenciales,,,
8270,Algebra,Inecuaciones,,,
8271,Algebra,Ecuaciones Exponenciales,,,
8272,Algebra,Ecuaciones Exponenciales,,,
8273,Algebra,Ecuaciones Exponenciales,,,
8274,Algebra,Inecuaciones Exponenciales,,,
8275,Algebra,Ecuaciones Exponenciales,,,
8276,Algebra,Ecuaciones Exponenciales,,,
8277,Algebra,Inecuaciones Exponenciales,,,
8278,Algebra,Ecuaciones Exponenciales,,,
8279,Algebra,Sistema de Ecuaciones No Lineales,,,
8280,Algebra,Sistemas de Inecuaciones,,,
8281,Algebra,Sistema de Ecuaciones No Lineales,,,
8282,Algebra,Sistemas de Inecuaciones,,,
8283,Algebra,Sistema de Ecuaciones No Lineales,,,
8284,Algebra,Sistema de Ecuaciones No Lineales,,,
8285,Algebra,Sistema de Ecuaciones No Lineales,,,
8286,Algebra,Sistema de Ecuaciones No Lineales,,,
8287,Algebra,Inecuaciones Exponenciales,,,
8288,Algebra,Inecuaciones Exponenciales,,,
8289,Algebra,Inecuaciones Exponenciales,,,
8290,Algebra,Inecuaciones Exponenciales,,,
8291,Algebra,Inecuaciones Exponenciales,,,
8292,Algebra,Inecuaciones Exponenciales,,,
8293,Algebra,Ecuaciones Exponenciales,,,
8294,Algebra,Sistemas de Inecuaciones,,,
8295,Algebra,Sistema de Ecuaciones No Lineales,,,
8296,Algebra,Sistema de Ecuaciones No Lineales,,,
8297,Algebra,Inecuaciones Irracionales,,,
8298,Algebra,Inecuaciones Exponenciales,,,
8299,Algebra,Sistema de Ecuaciones No Lineales,,,
8300,Algebra,Sistema de Ecuaciones No Lineales,,,
8301,Algebra,Sistema de Ecuaciones No Lineales,,,
8302,Algebra,Ecuaciones Exponenciales,,,
8303,Algebra,Ecuaciones Exponenciales,,,
8304,Algebra,Sistema de Ecuaciones No Lineales,,,
8305,Algebra,Sistema de Ecuaciones No Lineales,,,
8306,Algebra,Sistema de Ecuaciones No Lineales,,,
8307,Algebra,Sistema de Ecuaciones No Lineales,,,
8308,Algebra,Sistemas de Inecuaciones,,,
8309,Algebra,Sistemas de Inecuaciones,,,
8310,Algebra,Sistema de Ecuaciones No Lineales,,,
8311,Algebra,Sistemas de Inecuaciones,,,
8312,Algebra,Factorizacion,,,
8313,Algebra,Factorizacion,,,
8314,Algebra,Factorizacion,,,
8315,Algebra,Factorizacion,,,
8316,Algebra,Factorizacion,,,
8317,Algebra,Factorizacion,,,
8318,Algebra,Factorizacion,,,
8319,Algebra,Factorizacion,,,
8320,Algebra,Factorizacion,,,
8321,Algebra,Factorizacion,,,
8322,Algebra,Factorizacion,,,
8323,Algebra,Factorizacion,,,
8324,Algebra,Factorizacion,,,
8325,Algebra,Factorizacion,,,
8326,Algebra,Factorizacion,,,
8327,Algebra,Factorizacion,,,
8328,Algebra,Factorizacion,,,
8329,Algebra,Factorizacion,,,
8330,Algebra,Factorizacion,,,
8331,Algebra,Factorizacion,,,
8332,Algebra,Factorizacion,,,
8333,Algebra,Factorizacion,,,
8334,Algebra,Factorizacion,,,
8335,Algebra,Factorizacion,,,
8336,Algebra,Factorizacion,,,
8337,Algebra,Factorizacion,,,
8338,Algebra,Factorizacion,,,
8339,Algebra,Factorizacion,,,
8340,Algebra,Factorizacion,,,
8341,Algebra,Factorizacion,,,
8342,Algebra,Factorizacion,,,
8343,Algebra,Factorizacion,,,
8344,Algebra,Factorizacion,,,
8345,Algebra,Factorizacion,,,
8346,Algebra,Factorizacion,,,
8347,Algebra,Factorizacion,,,
8348,Algebra,Factorizacion,,,
8349,Algebra,Factorizacion,,,
8350,Algebra,Factorizacion,,,
8351,Algebra,Factorizacion,,,
8352,Algebra,Factorizacion,,,
8353,Algebra,Factorizacion,,,
8354,Algebra,Factorizacion,,,
8355,Algebra,Factorizacion,,,
8356,Algebra,Factorizacion,,,
8357,Algebra,Factorizacion,,,
8358,Algebra,Factorizacion,,,
8359,Algebra,Factorizacion,,,
8360,Algebra,Factorizacion,,,
8361,Algebra,Factorizacion,,,
8362,Algebra,Factorizacion,,,
8363,Algebra,Factorizacion,,,
8364,Algebra,Factorizacion,,,
8365,Algebra,Factorizacion,,,
8366,Algebra,Factorizacion,,,
8367,Algebra,Factorizacion,,,
8368,Algebra,Factorizacion,,,
8369,Algebra,Factorizacion,,,
8370,Algebra,Factorizacion,,,
8371,Algebra,Factorizacion,,,
8372,Algebra,Factorizacion,,,
8373,Algebra,Factorizacion,,,
8374,Algebra,Factorizacion,,,
8375,Algebra,Factorizacion,,,
8376,Algebra,Factorizacion,,,
8377,Algebra,Factorizacion,,,
8378,Algebra,Factorizacion,,,
8379,Algebra,Factorizacion,,,
8380,Algebra,Factorizacion,,,
8381,Algebra,Factorizacion,,,
8382,Algebra,Factorizacion,,,
8383,Algebra,Factorizacion,,,
8384,Algebra,Factorizacion,,,
8385,Algebra,Factorizacion,,,
8386,Algebra,Factorizacion,,,
8387,Algebra,Factorizacion,,,
8388,Algebra,Factorizacion,,,
8389,Algebra,Factorizacion,,,
8390,Algebra,Factorizacion,,,
8391,Algebra,Factorizacion,,,
8392,Algebra,Factorizacion,,,
8393,Algebra,Factorizacion,,,
8394,Algebra,Factorizacion,,,
8395,Algebra,Factorizacion,,,
8396,Algebra,Factorizacion,,,
8397,Algebra,Factorizacion,,,
8398,Algebra,Factorizacion,,,
8399,Algebra,Factorizacion,,,
8400,Algebra,Factorizacion,,,
8401,Algebra,Factorizacion,,,
8402,Algebra,Factorizacion,,,
8403,Algebra,Factorizacion,,,
8404,Algebra,Factorizacion,,,
8405,Algebra,Factorizacion,,,
8406,Algebra,Factorizacion,,,
8407,Algebra,Factorizacion,,,
8408,Algebra,Factorizacion,,,
8409,Algebra,Factorizacion,,,
8410,Algebra,Factorizacion,,,
8411,Algebra,Factorizacion,,,
8412,Algebra,Factorizacion,,,
8413,Algebra,Factorizacion,,,
8414,Algebra,Factorizacion,,,
8415,Algebra,Factorizacion,,,
8416,Algebra,Factorizacion,,,
8417,Algebra,Factorizacion,,,
8418,Algebra,Factorizacion,,,
8419,Algebra,Factorizacion,,,
8420,Algebra,Factorizacion,,,
8421,Algebra,Factorizacion,,,
8422,Algebra,Factorizacion,,,
8423,Algebra,Factorizacion,,,
8424,Algebra,Factorizacion,,,
8425,Algebra,Factorizacion,,,
8426,Algebra,Factorizacion,,,
8427,Algebra,Factorizacion,,,
8428,Algebra,Factorizacion,,,
8429,Algebra,Factorizacion,,,
8430,Algebra,Factorizacion,,,
8431,Algebra,Factorizacion,,,
8432,Algebra,Factorizacion,,,
8433,Algebra,Factorizacion,,,
8434,Algebra,Factorizacion,,,
8435,Algebra,Factorizacion,,,
8436,Algebra,Factorizacion,,,
8437,Algebra,Factorizacion,,,
8438,Algebra,Factorizacion,,,
8439,Algebra,Factorizacion,,,
8440,Algebra,Factorizacion,,,
8441,Algebra,Factorizacion,,,
8442,Algebra,Factorizacion,,,
8443,Algebra,Factorizacion,,,
8444,Algebra,Factorizacion,,,
8445,Algebra,Factorizacion,,,
8446,Algebra,Factorizacion,,,
8447,Algebra,Factorizacion,,,
8448,Algebra,Factorizacion,,,
8449,Algebra,Factorizacion,,,
8450,Algebra,Factorizacion,,,
8451,Algebra,Factorizacion,,,
8452,Geometria,Circunferencias,,,
8453,Geometria,Circunferencias,,,
8454,Geometria,Circunferencias,,,
8455,Geometria,Circunferencias,,,
8456,Geometria,Circunferencias,,,
8457,Geometria,Circunferencias,,,
8458,Geometria,Circunferencias,,,
8459,Geometria,Circunferencias,,,
8460,Geometria,Circunferencias,,,
8461,Geometria,Circunferencias,,,
8462,Geometria,Circunferencias,,,
8463,Geometria,Circunferencias,,,
8464,Geometria,Circunferencias,,,
8465,Geometria,Circunferencias,,,
8466,Geometria,Circunferencias,,,
8467,Geometria,Circunferencias,,,
8468,Geometria,Circunferencias,,,
8469,Geometria,Circunferencias,,,
8470,Geometria,Circunferencias,,,
8471,Geometria,Circunferencias,,,
8472,Geometria,Circunferencias,,,
8473,Geometria,Circunferencias,,,
8474,Geometria,Circunferencias,,,
8475,Geometria,Circunferencias,,,
8476,Geometria,Circunferencias,,,
8477,Geometria,Circunferencias,,,
8478,Geometria,Circunferencias,,,
8479,Geometria,Circunferencias,,,
8480,Geometria,Circunferencias,,,
8481,Geometria,Circunferencias,,,
8482,Geometria,Circunferencias,,,
8483,Geometria,Circunferencias,,,
8484,Geometria,Circunferencias,,,
8485,Geometria,Circunferencias,,,
8486,Geometria,Circunferencias,,,
8487,Geometria,Circunferencias,,,
8488,Geometria,Circunferencias,,,
8489,Geometria,Circunferencias,,,
8490,Geometria,Circunferencias,,,
8491,Geometria,Circunferencias,,,
8492,Geometria,Circunferencias,,,
8493,Geometria,Circunferencias,,,
8494,Geometria,Circunferencias,,,
8495,Geometria,Circunferencias,,,
8496,Geometria,Circunferencias,,,
8497,Geometria,Circunferencias,,,
8498,Geometria,Circunferencias,,,
8499,Geometria,Circunferencias,,,
8500,Geometria,Circunferencias,,,
8501,Geometria,Circunferencias,,,
8502,Geometria,Circunferencias,,,
8503,Geometria,Circunferencias,,,
8504,Geometria,Circunferencias,,,
8505,Geometria,Circunferencias,,,
8506,Geometria,Circunferencias,,,
8507,Geometria,Circunferencias,,,
8508,Geometria,Circunferencias,,,
8509,Geometria,Circunferencias,,,
8510,Geometria,Circunferencias,,,
8511,Geometria,Circunferencias,,,
8512,Geometria,Posiciones relativas entre dos circunferencias,,,
8513,Geometria,Posiciones relativas entre dos circunferencias,,,
8514,Geometria,Posiciones relativas entre dos circunferencias,,,
8515,Geometria,Posiciones relativas entre dos circunferencias,,,
8516,Geometria,Posiciones relativas entre dos circunferencias,,,
8517,Geometria,Posiciones relativas entre dos circunferencias,,,
8518,Geometria,Posiciones relativas entre dos circunferencias,,,
8519,Geometria,Posiciones relativas entre dos circunferencias,,,
8520,Geometria,Posiciones relativas entre dos circunferencias,,,
8521,Geometria,Posiciones relativas entre dos circunferencias,,,
8522,Geometria,Posiciones relativas entre dos circunferencias,,,
8523,Geometria,Posiciones relativas entre dos circunferencias,,,
8524,Geometria,Posiciones relativas entre dos circunferencias,,,
8525,Geometria,Posiciones relativas entre dos circunferencias,,,
8526,Geometria,Posiciones relativas entre dos circunferencias,,,
8527,Geometria,Posiciones relativas entre dos circunferencias,,,
8528,Geometria,Posiciones relativas entre dos circunferencias,,,
8529,Geometria,Posiciones relativas entre dos circunferencias,,,
8530,Geometria,Posiciones relativas entre dos circunferencias,,,
8531,Geometria,Posiciones relativas entre dos circunferencias,,,
8532,Geometria,Posiciones relativas entre dos circunferencias,,,
8533,Geometria,Posiciones relativas entre dos circunferencias,,,
8534,Geometria,Posiciones relativas entre dos circunferencias,,,
8535,Geometria,Posiciones relativas entre dos circunferencias,,,
8536,Geometria,Posiciones relativas entre dos circunferencias,,,
8537,Geometria,Posiciones relativas entre dos circunferencias,,,
8538,Geometria,Posiciones relativas entre dos circunferencias,,,
8539,Geometria,Posiciones relativas entre dos circunferencias,,,
8540,Geometria,Posiciones relativas entre dos circunferencias,,,
8541,Geometria,Posiciones relativas entre dos circunferencias,,,
8542,Geometria,Puntos Notables,,,
8543,Geometria,Puntos Notables,,,
8544,Geometria,Puntos Notables,,,
8545,Geometria,Puntos Notables,,,
8546,Geometria,Puntos Notables,,,
8547,Geometria,Puntos Notables,,,
8548,Geometria,Puntos Notables,,,
8549,Geometria,Puntos Notables,,,
8550,Geometria,Puntos Notables,,,
8551,Geometria,Puntos Notables,,,
8552,Geometria,Puntos Notables,,,
8553,Geometria,Puntos Notables,,,
8554,Geometria,Puntos Notables,,,
8555,Geometria,Puntos Notables,,,
8556,Geometria,Puntos Notables,,,
8557,Geometria,Puntos Notables,,,
8558,Geometria,Puntos Notables,,,
8559,Geometria,Puntos Notables,,,
8560,Geometria,Puntos Notables,,,
8561,Geometria,Puntos Notables,,,
8562,Geometria,Puntos Notables,,,
8563,Geometria,Puntos Notables,,,
8564,Geometria,Puntos Notables,,,
8565,Geometria,Puntos Notables,,,
8566,Geometria,Puntos Notables,,,
8567,Geometria,Puntos Notables,,,
8568,Geometria,Puntos Notables,,,
8569,Geometria,Puntos Notables,,,
8570,Geometria,Puntos Notables,,,
8571,Geometria,Puntos Notables,,,
8572,Geometria,Proporcionalidad de Segmentos,,,
8573,Geometria,Proporcionalidad de Segmentos,,,
8574,Geometria,Proporcionalidad de Segmentos,,,
8575,Geometria,Proporcionalidad de Segmentos,,,
8576,Geometria,Proporcionalidad de Segmentos,,,
8577,Geometria,Proporcionalidad de Segmentos,,,
8578,Geometria,Proporcionalidad de Segmentos,,,
8579,Geometria,Proporcionalidad de Segmentos,,,
8580,Geometria,Proporcionalidad de Segmentos,,,
8581,Geometria,Proporcionalidad de Segmentos,,,
8582,Geometria,Proporcionalidad de Segmentos,,,
8583,Geometria,Proporcionalidad de Segmentos,,,
8584,Geometria,Proporcionalidad de Segmentos,,,
8585,Geometria,Proporcionalidad de Segmentos,,,
8586,Geometria,Proporcionalidad de Segmentos,,,
8587,Geometria,Proporcionalidad de Segmentos,,,
8588,Geometria,Proporcionalidad de Segmentos,,,
8589,Geometria,Proporcionalidad de Segmentos,,,
8590,Geometria,Proporcionalidad de Segmentos,,,
8591,Geometria,Proporcionalidad de Segmentos,,,
8592,Geometria,Proporcionalidad de Segmentos,,,
8593,Geometria,Proporcionalidad de Segmentos,,,
8594,Geometria,Proporcionalidad de Segmentos,,,
8595,Geometria,Proporcionalidad de Segmentos,,,
8596,Geometria,Proporcionalidad de Segmentos,,,
8597,Geometria,Proporcionalidad de Segmentos,,,
8598,Geometria,Proporcionalidad de Segmentos,,,
8599,Geometria,Proporcionalidad de Segmentos,,,
8600,Geometria,Proporcionalidad de Segmentos,,,
8601,Geometria,Proporcionalidad de Segmentos,,,
8602,Geometria,Semejanza de Triangulos,,,
8603,Geometria,Semejanza de Triangulos,,,
8604,Geometria,Semejanza de Triangulos,,,
8605,Geometria,Semejanza de Triangulos,,,
8606,Geometria,Semejanza de Triangulos,,,
8607,Geometria,Semejanza de Triangulos,,,
8608,Geometria,Semejanza de Triangulos,,,
8609,Geometria,Semejanza de Triangulos,,,
8610,Geometria,Semejanza de Triangulos,,,
8611,Geometria,Semejanza de Triangulos,,,
8612,Geometria,Semejanza de Triangulos,,,
8613,Geometria,Semejanza de Triangulos,,,
8614,Geometria,Semejanza de Triangulos,,,
8615,Geometria,Semejanza de Triangulos,,,
8616,Geometria,Semejanza de Triangulos,,,
8617,Geometria,Semejanza de Triangulos,,,
8618,Geometria,Semejanza de Triangulos,,,
8619,Geometria,Semejanza de Triangulos,,,
8620,Geometria,Semejanza de Triangulos,,,
8621,Geometria,Semejanza de Triangulos,,,
8622,Geometria,Semejanza de Triangulos,,,
8623,Geometria,Semejanza de Triangulos,,,
8624,Geometria,Semejanza de Triangulos,,,
8625,Geometria,Semejanza de Triangulos,,,
8626,Geometria,Semejanza de Triangulos,,,
8627,Geometria,Semejanza de Triangulos,,,
8628,Geometria,Semejanza de Triangulos,,,
8629,Geometria,Semejanza de Triangulos,,,
8630,Geometria,Semejanza de Triangulos,,,
8631,Geometria,Semejanza de Triangulos,,,
8632,Geometria,Relaciones Metricas en la Circunferencia,,,
8633,Geometria,Relaciones Metricas en la Circunferencia,,,
8634,Geometria,Relaciones Metricas en la Circunferencia,,,
8635,Geometria,Relaciones Metricas en la Circunferencia,,,
8636,Geometria,Relaciones Metricas en la Circunferencia,,,
8637,Geometria,Relaciones Metricas en la Circunferencia,,,
8638,Geometria,Relaciones Metricas en la Circunferencia,,,
8639,Geometria,Relaciones Metricas en la Circunferencia,,,
8640,Geometria,Relaciones Metricas en la Circunferencia,,,
8641,Geometria,Relaciones Metricas en la Circunferencia,,,
8642,Geometria,Relaciones Metricas en la Circunferencia,,,
8643,Geometria,Relaciones Metricas en la Circunferencia,,,
8644,Geometria,Relaciones Metricas en la Circunferencia,,,
8645,Geometria,Relaciones Metricas en la Circunferencia,,,
8646,Geometria,Relaciones Metricas en la Circunferencia,,,
8647,Geometria,Relaciones Metricas en la Circunferencia,,,
8648,Geometria,Relaciones Metricas en la Circunferencia,,,
8649,Geometria,Relaciones Metricas en la Circunferencia,,,
8650,Geometria,Relaciones Metricas en la Circunferencia,,,
8651,Geometria,Relaciones Metricas en la Circunferencia,,,
8652,Geometria,Relaciones Metricas en la Circunferencia,,,
8653,Geometria,Relaciones Metricas en la Circunferencia,,,
8654,Geometria,Relaciones Metricas en la Circunferencia,,,
8655,Geometria,Relaciones Metricas en la Circunferencia,,,
8656,Geometria,Relaciones Metricas en la Circunferencia,,,
8657,Geometria,Relaciones Metricas en la Circunferencia,,,
8658,Geometria,Relaciones Metricas en la Circunferencia,,,
8659,Geometria,Relaciones Metricas en la Circunferencia,,,
8660,Geometria,Relaciones Metricas en la Circunferencia,,,
8661,Geometria,Relaciones Metricas en la Circunferencia,,,
8662,Geometria,Relaciones Metricas en el Triangulo Rectangulo,,,
8663,Geometria,Relaciones Metricas en el Triangulo Rectangulo,,,
8664,Geometria,Relaciones Metricas en el Triangulo Rectangulo,,,
8665,Geometria,Relaciones Metricas en el Triangulo Rectangulo,,,
8666,Geometria,Relaciones Metricas en el Triangulo Rectangulo,,,
8667,Geometria,Relaciones Metricas en el Triangulo Rectangulo,,,
8668,Geometria,Relaciones Metricas en el Triangulo Rectangulo,,,
8669,Geometria,Relaciones Metricas en el Triangulo Rectangulo,,,
8670,Geometria,Relaciones Metricas en el Triangulo Rectangulo,,,
8671,Geometria,Relaciones Metricas en el Triangulo Rectangulo,,,
8672,Geometria,Relaciones Metricas en el Triangulo Rectangulo,,,
8673,Geometria,Relaciones Metricas en el Triangulo Rectangulo,,,
8674,Geometria,Relaciones Metricas en el Triangulo Rectangulo,,,
8675,Geometria,Relaciones Metricas en el Triangulo Rectangulo,,,
8676,Geometria,Relaciones Metricas en el Triangulo Rectangulo,,,
8677,Geometria,Relaciones Metricas en el Triangulo Rectangulo,,,
8678,Geometria,Relaciones Metricas en el Triangulo Rectangulo,,,
8679,Geometria,Relaciones Metricas en el Triangulo Rectangulo,,,
8680,Geometria,Relaciones Metricas en el Triangulo Rectangulo,,,
8681,Geometria,Relaciones Metricas en el Triangulo Rectangulo,,,
8682,Geometria,Relaciones Metricas en el Triangulo Rectangulo,,,
8683,Geometria,Relaciones Metricas en el Triangulo Rectangulo,,,
8684,Geometria,Relaciones Metricas en el Triangulo Rectangulo,,,
8685,Geometria,Relaciones Metricas en el Triangulo Rectangulo,,,
8686,Geometria,Relaciones Metricas en el Triangulo Rectangulo,,,
8687,Geometria,Relaciones Metricas en el Triangulo Rectangulo,,,
8688,Geometria,Relaciones Metricas en el Triangulo Rectangulo,,,
8689,Geometria,Relaciones Metricas en el Triangulo Rectangulo,,,
8690,Geometria,Relaciones Metricas en el Triangulo Rectangulo,,,
8691,Geometria,Relaciones Metricas en el Triangulo Rectangulo,,,
8693,Geometria,Trazos Auxiliares,,,
8694,Geometria,Trazos Auxiliares,,,
8695,Geometria,Trazos Auxiliares,,,
8696,Geometria,Trazos Auxiliares,,,
8697,Geometria,Trazos Auxiliares,,,
8698,Geometria,Trazos Auxiliares,,,
8699,Geometria,Trazos Auxiliares,,,
8700,Geometria,Trazos Auxiliares,,,
8701,Geometria,Trazos Auxiliares,,,
8702,Geometria,Trazos Auxiliares,,,
8703,Geometria,Trazos Auxiliares,,,
8704,Geometria,Trazos Auxiliares,,,
8705,Geometria,Trazos Auxiliares,,,
8706,Geometria,Trazos Auxiliares,,,
8707,Geometria,Trazos Auxiliares,,,
8708,Geometria,Trazos Auxiliares,,,
8709,SIN_CURSO,SIN_TEMA,,,
8710,SIN_CURSO,SIN_TEMA,,,
8711,SIN_CURSO,SIN_TEMA,,,
8712,SIN_CURSO,SIN_TEMA,,,
8713,SIN_CURSO,SIN_TEMA,,,
8714,SIN_CURSO,SIN_TEMA,,,
8715,SIN_CURSO,SIN_TEMA,,,
8716,SIN_CURSO,SIN_TEMA,,,
8717,SIN_CURSO,SIN_TEMA,,,
8718,SIN_CURSO,SIN_TEMA,,,
8719,SIN_CURSO,SIN_TEMA,,,
8720,SIN_CURSO,SIN_TEMA,,,
8721,SIN_CURSO,SIN_TEMA,,,
8722,SIN_CURSO,SIN_TEMA,,,
8723,SIN_CURSO,SIN_TEMA,,,
8724,SIN_CURSO,SIN_TEMA,,,
8725,SIN_CURSO,SIN_TEMA,,,
8726,SIN_CURSO,SIN_TEMA,,,
8727,SIN_CURSO,SIN_TEMA,,,
8728,SIN_CURSO,SIN_TEMA,,,
8729,SIN_CURSO,SIN_TEMA,,,
8730,SIN_CURSO,SIN_TEMA,,,
8731,SIN_CURSO,SIN_TEMA,,,
8732,SIN_CURSO,SIN_TEMA,,,
8733,SIN_CURSO,SIN_TEMA,,,
8734,SIN_CURSO,SIN_TEMA,,,
8735,SIN_CURSO,SIN_TEMA,,,
8736,SIN_CURSO,SIN_TEMA,,,
8737,SIN_CURSO,SIN_TEMA,,,
8738,SIN_CURSO,SIN_TEMA,,,
8739,SIN_CURSO,SIN_TEMA,,,
8740,SIN_CURSO,SIN_TEMA,,,
8741,SIN_CURSO,SIN_TEMA,,,
8742,SIN_CURSO,SIN_TEMA,,,
8743,SIN_CURSO,SIN_TEMA,,,
8744,SIN_CURSO,SIN_TEMA,,,
8745,SIN_CURSO,SIN_TEMA,,,
8746,SIN_CURSO,SIN_TEMA,,,
8747,SIN_CURSO,SIN_TEMA,,,
8748,SIN_CURSO,SIN_TEMA,,,
8749,SIN_CURSO,SIN_TEMA,,,
8750,SIN_CURSO,SIN_TEMA,,,
8751,SIN_CURSO,SIN_TEMA,,,
8752,SIN_CURSO,SIN_TEMA,,,
8753,SIN_CURSO,SIN_TEMA,,,
8754,SIN_CURSO,SIN_TEMA,,,
8755,SIN_CURSO,SIN_TEMA,,,
8756,SIN_CURSO,SIN_TEMA,,,
8757,SIN_CURSO,SIN_TEMA,,,
8758,SIN_CURSO,SIN_TEMA,,,
8759,SIN_CURSO,SIN_TEMA,,,
8760,SIN_CURSO,SIN_TEMA,,,
8761,SIN_CURSO,SIN_TEMA,,,
8762,SIN_CURSO,SIN_TEMA,,,
8763,SIN_CURSO,SIN_TEMA,,,
8764,SIN_CURSO,SIN_TEMA,,,
8765,SIN_CURSO,SIN_TEMA,,,
8766,SIN_CURSO,SIN_TEMA,,,
8767,SIN_CURSO,SIN_TEMA,,,
8768,SIN_CURSO,SIN_TEMA,,,
8769,SIN_CURSO,SIN_TEMA,,,
8770,SIN_CURSO,SIN_TEMA,,,
8771,SIN_CURSO,SIN_TEMA,,,
8772,SIN_CURSO,SIN_TEMA,,,
8773,SIN_CURSO,SIN_TEMA,,,
8774,SIN_CURSO,SIN_TEMA,,,
8775,SIN_CURSO,SIN_TEMA,,,
8776,SIN_CURSO,SIN_TEMA,,,
8777,SIN_CURSO,SIN_TEMA,,,
8778,SIN_CURSO,SIN_TEMA,,,
8779,SIN_CURSO,SIN_TEMA,,,
8780,SIN_CURSO,SIN_TEMA,,,
8781,SIN_CURSO,SIN_TEMA,,,
8782,SIN_CURSO,SIN_TEMA,,,
8783,SIN_CURSO,SIN_TEMA,,,
8784,SIN_CURSO,SIN_TEMA,,,
8785,SIN_CURSO,SIN_TEMA,,,
8786,SIN_CURSO,SIN_TEMA,,,
8787,SIN_CURSO,SIN_TEMA,,,
8788,SIN_CURSO,SIN_TEMA,,,
8789,SIN_CURSO,SIN_TEMA,,,
8790,SIN_CURSO,SIN_TEMA,,,
8791,SIN_CURSO,SIN_TEMA,,,
8792,SIN_CURSO,SIN_TEMA,,,
8793,Geometria,Trazos Auxiliares,,,
8794,Geometria,Trazos Auxiliares,,,
8795,Geometria,Trazos Auxiliares,,,
8796,Geometria,Trazos Auxiliares,,,
8797,Geometria,Trazos Auxiliares,,,
8798,Geometria,Trazos Auxiliares,,,
8799,Geometria,Trazos Auxiliares,,,
8800,Geometria,Trazos Auxiliares,,,
8801,Geometria,Trazos Auxiliares,,,
8802,Geometria,Trazos Auxiliares,,,
8803,Geometria,Trazos Auxiliares,,,
8804,Geometria,Trazos Auxiliares,,,
8805,Geometria,Trazos Auxiliares,,,
8806,Geometria,Trazos Auxiliares,,,
8807,Geometria,Trazos Auxiliares,,,
8808,Geometria,Trazos Auxiliares,,,
8809,Geometria,Trazos Auxiliares,,,
8810,Geometria,Trazos Auxiliares,,,
8811,Geometria,Trazos Auxiliares,,,
8812,Geometria,Trazos Auxiliares,,,
8813,Geometria,Trazos Auxiliares,,,
8814,Geometria,Trazos Auxiliares,,,
8815,Geometria,Trazos Auxiliares,,,
8816,Geometria,Trazos Auxiliares,,,
8817,Geometria,Trazos Auxiliares,,,
8818,Geometria,Trazos Auxiliares,,,
8819,Geometria,Trazos Auxiliares,,,
8820,Geometria,Trazos Auxiliares,,,
8821,Geometria,Trazos Auxiliares,,,
8822,Geometria,Trazos Auxiliares,,,
8823,Geometria,Trazos Auxiliares,,,
8824,Geometria,Trazos Auxiliares,,,
8825,Geometria,Trazos Auxiliares,,,
8826,Geometria,Trazos Auxiliares,,,
8827,Geometria,Trazos Auxiliares,,,
8828,Geometria,Trazos Auxiliares,,,
8829,Geometria,Trazos Auxiliares,,,
8830,Geometria,Trazos Auxiliares,,,
8831,Geometria,Trazos Auxiliares,,,
8832,Geometria,Trazos Auxiliares,,,
8833,Geometria,Trazos Auxiliares,,,
8834,Geometria,Trazos Auxiliares,,,
8835,Geometria,Trazos Auxiliares,,,
8836,Geometria,Trazos Auxiliares,,,
8837,Geometria,Trazos Auxiliares,,,
8838,Geometria,Trazos Auxiliares,,,
8839,Geometria,Trazos Auxiliares,,,
8840,Geometria,Trazos Auxiliares,,,
8841,Geometria,Trazos Auxiliares,,,
8842,Geometria,Trazos Auxiliares,,,
8843,Geometria,Trazos Auxiliares,,,
8844,Geometria,Trazos Auxiliares,,,
8845,Geometria,Trazos Auxiliares,,,
8846,Geometria,Trazos Auxiliares,,,
8847,Geometria,Trazos Auxiliares,,,
8848,Geometria,Trazos Auxiliares,,,
8849,Geometria,Trazos Auxiliares,,,
8850,Geometria,Trazos Auxiliares,,,
8851,Geometria,Trazos Auxiliares,,,
8852,Geometria,Trazos Auxiliares,,,
8853,Geometria,Trazos Auxiliares,,,
8854,Geometria,Trazos Auxiliares,,,
8855,Geometria,Trazos Auxiliares,,,
8856,Geometria,Trazos Auxiliares,,,
8857,Geometria,Trazos Auxiliares,,,
8858,Geometria,Trazos Auxiliares,,,
8859,Geometria,Trazos Auxiliares,,,
8860,Geometria,Trazos Auxiliares,,,
8861,Geometria,Trazos Auxiliares,,,
8862,Geometria,Trazos Auxiliares,,,
8863,Geometria,Trazos Auxiliares,,,
8864,Geometria,Trazos Auxiliares,,,
8865,Geometria,Trazos Auxiliares,,,
8866,Geometria,Trazos Auxiliares,,,
8867,Geometria,Trazos Auxiliares,,,
8868,Geometria,Trazos Auxiliares,,,
8869,Geometria,Trazos Auxiliares,,,
8870,Geometria,Trazos Auxiliares,,,
8871,Geometria,Trazos Auxiliares,,,
8872,Geometria,Trazos Auxiliares,,,
8873,Geometria,areas de regiones triangulares,,,
8874,Geometria,areas de regiones triangulares,,,
8875,Geometria,areas de regiones triangulares,,,
8876,Geometria,areas de regiones triangulares,,,
8877,Geometria,areas de regiones triangulares,,,
8878,Geometria,areas de regiones triangulares,,,
8879,Geometria,areas de regiones triangulares,,,
8880,Geometria,areas de regiones triangulares,,,
8881,Geometria,areas de regiones triangulares,,,
8882,Geometria,areas de regiones triangulares,,,
8883,Geometria,areas de regiones triangulares,,,
8884,Geometria,areas de regiones triangulares,,,
8885,Geometria,areas de regiones triangulares,,,
8886,Geometria,areas de regiones triangulares,,,
8887,Geometria,areas de regiones triangulares,,,
8888,Geometria,areas de regiones triangulares,,,
8889,Geometria,areas de regiones triangulares,,,
8890,Geometria,areas de regiones triangulares,,,
8891,Geometria,areas de regiones triangulares,,,
8892,Geometria,areas de regiones triangulares,,,
8893,Geometria,areas de regiones triangulares,,,
8894,Geometria,areas de regiones triangulares,,,
8895,Geometria,areas de regiones triangulares,,,
8896,Geometria,areas de regiones triangulares,,,
8897,Geometria,areas de regiones triangulares,,,
8898,Geometria,areas de regiones triangulares,,,
8899,Geometria,areas de regiones triangulares,,,
8900,Geometria,areas de regiones triangulares,,,
8901,Geometria,areas de regiones triangulares,,,
8902,Geometria,areas de regiones triangulares,,,
8903,Geometria,segmentos,,,
8904,Geometria,segmentos,,,
8905,Geometria,segmentos,,,
8906,Geometria,segmentos,,,
8907,Geometria,segmentos,,,
8908,Geometria,segmentos,,,
8909,Geometria,segmentos,,,
8910,Geometria,angulos,,,
8911,Geometria,angulos,,,
8912,Geometria,angulos,,,
8913,Geometria,angulos,,,
8914,Geometria,angulos,,,
8915,Geometria,angulos,,,
8916,Geometria,angulos,,,
8917,Geometria,angulos,,,
8918,Geometria,conjuntos convexos,,,
8919,Geometria,conjuntos convexos,,,
8920,Geometria,conjuntos convexos,,,
8921,Geometria,conjuntos convexos,,,
8922,Geometria,conjuntos convexos,,,
8923,Geometria,conjuntos convexos,,,
8924,Geometria,conjuntos convexos,,,
8925,Geometria,conjuntos convexos,,,
8926,Geometria,conjuntos convexos,,,
8927,Geometria,conjuntos convexos,,,
8928,Geometria,conjuntos convexos,,,
8929,Geometria,conjuntos convexos,,,
8930,Geometria,conjuntos convexos,,,
8931,Geometria,conjuntos convexos,,,
8932,Geometria,conjuntos convexos,,,
8933,Geometria,triangulos,,,
8934,Geometria,triangulos,,,
8935,Geometria,triangulos,,,
8936,Geometria,triangulos,,,
8937,Geometria,triangulos,,,
8938,Geometria,triangulos,,,
8939,Geometria,triangulos,,,
8940,Geometria,triangulos,,,
8941,Geometria,triangulos,,,
8942,Geometria,triangulos,,,
8943,Geometria,triangulos,,,
8944,Geometria,triangulos,,,
8945,Geometria,triangulos,,,
8946,Geometria,triangulos,,,
8947,Geometria,triangulos,,,
8948,Geometria,triangulos,,,
8949,Geometria,triangulos,,,
8950,Geometria,triangulos,,,
8951,Geometria,triangulos,,,
8952,Geometria,triangulos,,,
8953,Geometria,triangulos,,,
8954,Geometria,triangulos,,,
8955,Geometria,triangulos,,,
8956,Geometria,triangulos,,,
8957,Geometria,triangulos,,,
8958,Geometria,triangulos,,,
8959,Geometria,triangulos,,,
8960,Geometria,triangulos,,,
8961,Geometria,triangulos,,,
8962,Geometria,triangulos,,,
8963,Geometria,triangulos,,,
8964,Geometria,triangulos,,,
8965,Geometria,triangulos,,,
8966,Geometria,triangulos,,,
8967,Geometria,triangulos,,,
8968,Geometria,triangulos,,,
8969,Geometria,triangulos,,,
8970,Geometria,triangulos,,,
8971,Geometria,triangulos,,,
8972,Geometria,triangulos,,,
8973,Geometria,triangulos,,,
8974,Geometria,triangulos,,,
8975,Geometria,triangulos,,,
8976,Geometria,triangulos,,,
8977,Geometria,triangulos,,,
8978,Geometria,triangulos,,,
8979,Geometria,triangulos,,,
8980,Geometria,triangulos,,,
8981,Geometria,triangulos,,,
8982,Geometria,triangulos,,,
8983,Geometria,triangulos,,,
8984,Geometria,triangulos,,,
8985,Geometria,triangulos,,,
8986,Geometria,triangulos,,,
8987,Geometria,triangulos,,,
8988,Geometria,triangulos,,,
8989,Geometria,triangulos,,,
8990,Geometria,triangulos,,,
8991,Geometria,triangulos,,,
8992,Geometria,triangulos,,,
8993,Geometria,congruencia de triangulos,,,
8994,Geometria,congruencia de triangulos,,,
8995,Geometria,congruencia de triangulos,,,
8996,Geometria,congruencia de triangulos,,,
8997,Geometria,congruencia de triangulos,,,
8998,Geometria,congruencia de triangulos,,,
8999,Geometria,congruencia de triangulos,,,
9000,Geometria,congruencia de triangulos,,,
9001,Geometria,congruencia de triangulos,,,
9002,Geometria,congruencia de triangulos,,,
9003,Geometria,congruencia de triangulos,,,
9004,Geometria,congruencia de triangulos,,,
9005,Geometria,congruencia de triangulos,,,
9006,Geometria,congruencia de triangulos,,,
9007,Geometria,congruencia de triangulos,,,
9008,Geometria,congruencia de triangulos,,,
9009,Geometria,congruencia de triangulos,,,
9010,Geometria,congruencia de triangulos,,,
9011,Geometria,congruencia de triangulos,,,
9012,Geometria,congruencia de triangulos,,,
9013,Geometria,congruencia de triangulos,,,
9014,Geometria,congruencia de triangulos,,,
9015,Geometria,congruencia de triangulos,,,
9016,Geometria,congruencia de triangulos,,,
9017,Geometria,congruencia de triangulos,,,
9018,Geometria,congruencia de triangulos,,,
9019,Geometria,congruencia de triangulos,,,
9020,Geometria,congruencia de triangulos,,,
9021,Geometria,congruencia de triangulos,,,
9022,Geometria,congruencia de triangulos,,,
9023,Geometria,congruencia de triangulos,,,
9024,Geometria,congruencia de triangulos,,,
9025,Geometria,congruencia de triangulos,,,
9026,Geometria,congruencia de triangulos,,,
9027,Geometria,congruencia de triangulos,,,
9028,Geometria,congruencia de triangulos,,,
9029,Geometria,congruencia de triangulos,,,
9030,Geometria,congruencia de triangulos,,,
9031,Geometria,congruencia de triangulos,,,
9032,Geometria,congruencia de triangulos,,,
9033,Geometria,congruencia de triangulos,,,
9034,Geometria,congruencia de triangulos,,,
9035,Geometria,congruencia de triangulos,,,
9036,Geometria,congruencia de triangulos,,,
9037,Geometria,congruencia de triangulos,,,
9038,Geometria,congruencia de triangulos,,,
9039,Geometria,congruencia de triangulos,,,
9040,Geometria,congruencia de triangulos,,,
9041,Geometria,congruencia de triangulos,,,
9042,Geometria,congruencia de triangulos,,,
9043,Geometria,congruencia de triangulos,,,
9044,Geometria,congruencia de triangulos,,,
9045,Geometria,congruencia de triangulos,,,
9046,Geometria,congruencia de triangulos,,,
9047,Geometria,congruencia de triangulos,,,
9048,Geometria,congruencia de triangulos,,,
9049,Geometria,congruencia de triangulos,,,
9050,Geometria,congruencia de triangulos,,,
9051,Geometria,congruencia de triangulos,,,
9052,Geometria,congruencia de triangulos,,,
9053,Geometria,poligonos,,,
9054,Geometria,poligonos,,,
9055,Geometria,poligonos,,,
9056,Geometria,poligonos,,,
9057,Geometria,poligonos,,,
9058,Geometria,poligonos,,,
9059,Geometria,poligonos,,,
9060,Geometria,poligonos,,,
9061,Geometria,poligonos,,,
9062,Geometria,poligonos,,,
9063,Geometria,poligonos,,,
9064,Geometria,poligonos,,,
9065,Geometria,poligonos,,,
9066,Geometria,poligonos,,,
9067,Geometria,poligonos,,,
9068,Geometria,poligonos,,,
9069,Geometria,poligonos,,,
9070,Geometria,poligonos,,,
9071,Geometria,poligonos,,,
9072,Geometria,poligonos,,,
9073,Geometria,poligonos,,,
9074,Geometria,poligonos,,,
9075,Geometria,poligonos,,,
9076,Geometria,poligonos,,,
9077,Geometria,poligonos,,,
9078,Geometria,poligonos,,,
9079,Geometria,poligonos,,,
9080,Geometria,poligonos,,,
9081,Geometria,poligonos,,,
9082,Geometria,poligonos,,,
9083,Geometria,cuadrilateros,,,
9084,Geometria,cuadrilateros,,,
9085,Geometria,cuadrilateros,,,
9086,Geometria,cuadrilateros,,,
9087,Geometria,cuadrilateros,,,
9088,Geometria,cuadrilateros,,,
9089,Geometria,cuadrilateros,,,
9090,Geometria,cuadrilateros,,,
9091,Geometria,cuadrilateros,,,
9092,Geometria,cuadrilateros,,,
9093,Geometria,cuadrilateros,,,
9094,Geometria,cuadrilateros,,,
9095,Geometria,cuadrilateros,,,
9096,Geometria,cuadrilateros,,,
9097,Geometria,cuadrilateros,,,
9098,Geometria,cuadrilateros,,,
9099,Geometria,cuadrilateros,,,
9100,Geometria,cuadrilateros,,,
9101,Geometria,cuadrilateros,,,
9102,Geometria,cuadrilateros,,,
9103,Geometria,cuadrilateros,,,
9104,Geometria,cuadrilateros,,,
9105,Geometria,cuadrilateros,,,
9106,Geometria,cuadrilateros,,,
9107,Geometria,cuadrilateros,,,
9108,Geometria,cuadrilateros,,,
9109,Geometria,cuadrilateros,,,
9110,Geometria,cuadrilateros,,,
9111,Geometria,cuadrilateros,,,
9112,Geometria,cuadrilateros,,,
9113,Geometria,circunferencia,,,
9114,Geometria,circunferencia,,,
9115,Geometria,circunferencia,,,
9116,Geometria,circunferencia,,,
9117,Geometria,circunferencia,,,
9118,Geometria,circunferencia,,,
9119,Geometria,circunferencia,,,
9120,Geometria,circunferencia,,,
9121,Geometria,circunferencia,,,
9122,Geometria,circunferencia,,,
9123,Geometria,circunferencia,,,
9124,Geometria,circunferencia,,,
9125,Geometria,circunferencia,,,
9126,Geometria,circunferencia,,,
9127,Geometria,circunferencia,,,
9128,Geometria,circunferencia,,,
9129,Geometria,circunferencia,,,
9130,Geometria,circunferencia,,,
9131,Geometria,circunferencia,,,
9132,Geometria,circunferencia,,,
9133,Geometria,circunferencia,,,
9134,Geometria,circunferencia,,,
9135,Geometria,circunferencia,,,
9136,Geometria,circunferencia,,,
9137,Geometria,circunferencia,,,
9138,Geometria,circunferencia,,,
9139,Geometria,circunferencia,,,
9140,Geometria,circunferencia,,,
9141,Geometria,circunferencia,,,
9142,Geometria,circunferencia,,,
9143,Geometria,circunferencia,,,
9144,Geometria,circunferencia,,,
9145,Geometria,circunferencia,,,
9146,Geometria,circunferencia,,,
9147,Geometria,circunferencia,,,
9148,Geometria,circunferencia,,,
9149,Geometria,circunferencia,,,
9150,Geometria,circunferencia,,,
9151,Geometria,circunferencia,,,
9152,Geometria,circunferencia,,,
9153,Geometria,circunferencia,,,
9154,Geometria,circunferencia,,,
9155,Geometria,circunferencia,,,
9156,Geometria,circunferencia,,,
9157,Geometria,circunferencia,,,
9158,Geometria,circunferencia,,,
9159,Geometria,circunferencia,,,
9160,Geometria,circunferencia,,,
9161,Geometria,circunferencia,,,
9162,Geometria,circunferencia,,,
9163,Geometria,circunferencia,,,
9164,Geometria,circunferencia,,,
9165,Geometria,circunferencia,,,
9166,Geometria,circunferencia,,,
9167,Geometria,circunferencia,,,
9168,Geometria,circunferencia,,,
9169,Geometria,circunferencia,,,
9170,Geometria,circunferencia,,,
9171,Geometria,circunferencia,,,
9172,Geometria,circunferencia,,,
9173,Geometria,puntos notables,,,
9174,Geometria,puntos notables,,,
9175,Geometria,puntos notables,,,
9176,Geometria,puntos notables,,,
9177,Geometria,puntos notables,,,
9178,Geometria,puntos notables,,,
9179,Geometria,puntos notables,,,
9180,Geometria,puntos notables,,,
9181,Geometria,puntos notables,,,
9182,Geometria,puntos notables,,,
9183,Geometria,puntos notables,,,
9184,Geometria,puntos notables,,,
9185,Geometria,puntos notables,,,
9186,Geometria,puntos notables,,,
9187,Geometria,puntos notables,,,
9188,Geometria,puntos notables,,,
9189,Geometria,puntos notables,,,
9190,Geometria,puntos notables,,,
9191,Geometria,puntos notables,,,
9192,Geometria,puntos notables,,,
9193,Geometria,puntos notables,,,
9194,Geometria,puntos notables,,,
9195,Geometria,puntos notables,,,
9196,Geometria,puntos notables,,,
9197,Geometria,puntos notables,,,
9198,Geometria,puntos notables,,,
9199,Geometria,puntos notables,,,
9200,Geometria,puntos notables,,,
9201,Geometria,puntos notables,,,
9202,Geometria,puntos notables,,,
9203,Geometria,proporcionalidad de segmentos,,,
9204,Geometria,proporcionalidad de segmentos,,,
9205,Geometria,proporcionalidad de segmentos,,,
9206,Geometria,proporcionalidad de segmentos,,,
9207,Geometria,proporcionalidad de segmentos,,,
9208,Geometria,proporcionalidad de segmentos,,,
9209,Geometria,proporcionalidad de segmentos,,,
9210,Geometria,proporcionalidad de segmentos,,,
9211,Geometria,proporcionalidad de segmentos,,,
9212,Geometria,proporcionalidad de segmentos,,,
9213,Geometria,proporcionalidad de segmentos,,,
9214,Geometria,proporcionalidad de segmentos,,,
9215,Geometria,proporcionalidad de segmentos,,,
9216,Geometria,proporcionalidad de segmentos,,,
9217,Geometria,proporcionalidad de segmentos,,,
9218,Geometria,proporcionalidad de segmentos,,,
9219,Geometria,proporcionalidad de segmentos,,,
9220,Geometria,proporcionalidad de segmentos,,,
9221,Geometria,proporcionalidad de segmentos,,,
9222,Geometria,proporcionalidad de segmentos,,,
9223,Geometria,proporcionalidad de segmentos,,,
9224,Geometria,proporcionalidad de segmentos,,,
9225,Geometria,proporcionalidad de segmentos,,,
9226,Geometria,proporcionalidad de segmentos,,,
9227,Geometria,proporcionalidad de segmentos,,,
9228,Geometria,proporcionalidad de segmentos,,,
9229,Geometria,proporcionalidad de segmentos,,,
9230,Geometria,proporcionalidad de segmentos,,,
9231,Geometria,proporcionalidad de segmentos,,,
9232,Geometria,proporcionalidad de segmentos,,,
9233,Geometria,semejanza de triangulos,,,
9234,Geometria,semejanza de triangulos,,,
9235,Geometria,semejanza de triangulos,,,
9236,Geometria,semejanza de triangulos,,,
9237,Geometria,semejanza de triangulos,,,
9238,Geometria,semejanza de triangulos,,,
9239,Geometria,semejanza de triangulos,,,
9240,Geometria,semejanza de triangulos,,,
9241,Geometria,semejanza de triangulos,,,
9242,Geometria,semejanza de triangulos,,,
9243,Geometria,semejanza de triangulos,,,
9244,Geometria,semejanza de triangulos,,,
9245,Geometria,semejanza de triangulos,,,
9246,Geometria,semejanza de triangulos,,,
9247,Geometria,semejanza de triangulos,,,
9248,Geometria,semejanza de triangulos,,,
9249,Geometria,semejanza de triangulos,,,
9250,Geometria,semejanza de triangulos,,,
9251,Geometria,semejanza de triangulos,,,
9252,Geometria,semejanza de triangulos,,,
9253,Geometria,semejanza de triangulos,,,
9254,Geometria,semejanza de triangulos,,,
9255,Geometria,semejanza de triangulos,,,
9256,Geometria,semejanza de triangulos,,,
9257,Geometria,semejanza de triangulos,,,
9258,Geometria,semejanza de triangulos,,,
9259,Geometria,semejanza de triangulos,,,
9260,Geometria,semejanza de triangulos,,,
9261,Geometria,semejanza de triangulos,,,
9262,Geometria,semejanza de triangulos,,,
9263,Geometria,relaciones metricas,,,
9264,Geometria,relaciones metricas,,,
9265,Geometria,relaciones metricas,,,
9266,Geometria,relaciones metricas,,,
9267,Geometria,relaciones metricas,,,
9268,Geometria,relaciones metricas,,,
9269,Geometria,relaciones metricas,,,
9270,Geometria,relaciones metricas,,,
9271,Geometria,relaciones metricas,,,
9272,Geometria,relaciones metricas,,,
9273,Geometria,relaciones metricas,,,
9274,Geometria,relaciones metricas,,,
9275,Geometria,relaciones metricas,,,
9276,Geometria,relaciones metricas,,,
9277,Geometria,relaciones metricas,,,
9278,Geometria,relaciones metricas,,,
9279,Geometria,relaciones metricas,,,
9280,Geometria,relaciones metricas,,,
9281,Geometria,relaciones metricas,,,
9282,Geometria,relaciones metricas,,,
9283,Geometria,relaciones metricas,,,
9284,Geometria,relaciones metricas,,,
9285,Geometria,relaciones metricas,,,
9286,Geometria,relaciones metricas,,,
9287,Geometria,relaciones metricas,,,
9288,Geometria,relaciones metricas,,,
9289,Geometria,relaciones metricas,,,
9290,Geometria,relaciones metricas,,,
9291,Geometria,relaciones metricas,,,
9292,Geometria,relaciones metricas,,,
9299,Geometria,poligonos regulares,,,
9300,Geometria,poligonos regulares,,,
9301,Geometria,poligonos regulares,,,
9302,Geometria,poligonos regulares,,,
9303,Geometria,poligonos regulares,,,
9304,Geometria,poligonos regulares,,,
9305,Geometria,poligonos regulares,,,
9306,Geometria,poligonos regulares,,,
9307,Geometria,poligonos regulares,,,
9308,Geometria,poligonos regulares,,,
9309,Geometria,poligonos regulares,,,
9310,Geometria,poligonos regulares,,,
9311,Geometria,poligonos regulares,,,
9312,Geometria,poligonos regulares,,,
9313,Geometria,poligonos regulares,,,
9314,Geometria,poligonos regulares,,,
9315,Geometria,poligonos regulares,,,
9316,Geometria,poligonos regulares,,,
9317,Geometria,poligonos regulares,,,
9318,Geometria,poligonos regulares,,,
9319,Geometria,poligonos regulares,,,
9320,Geometria,poligonos regulares,,,
9321,Geometria,poligonos regulares,,,
9322,Geometria,poligonos regulares,,,
9323,Geometria,poligonos regulares,,,
9324,Geometria,poligonos regulares,,,
9325,Geometria,poligonos regulares,,,
9326,Geometria,poligonos regulares,,,
9327,Geometria,poligonos regulares,,,
9328,Geometria,poligonos regulares,,,
9329,Geometria,relaciones metricas,,,
9330,Geometria,relaciones metricas,,,
9331,Geometria,relaciones metricas,,,
9332,Geometria,relaciones metricas,,,
9333,Geometria,relaciones metricas,,,
9334,Geometria,relaciones metricas,,,
9335,Geometria,relaciones metricas,,,
9336,Geometria,relaciones metricas,,,
9337,Geometria,relaciones metricas,,,
9338,Geometria,relaciones metricas,,,
9339,Geometria,relaciones metricas,,,
9340,Geometria,relaciones metricas,,,
9341,Geometria,relaciones metricas,,,
9342,Geometria,relaciones metricas,,,
9343,Geometria,relaciones metricas,,,
9344,Geometria,relaciones metricas,,,
9345,Geometria,relaciones metricas,,,
9346,Geometria,relaciones metricas,,,
9347,Geometria,relaciones metricas,,,
9348,Geometria,relaciones metricas,,,
9349,Geometria,relaciones metricas,,,
9350,Geometria,relaciones metricas,,,
9351,Geometria,relaciones metricas,,,
9352,Geometria,relaciones metricas,,,
9353,Geometria,relaciones metricas,,,
9354,Geometria,relaciones metricas,,,
9355,Geometria,relaciones metricas,,,
9356,Geometria,relaciones metricas,,,
9357,Geometria,relaciones metricas,,,
9358,Geometria,relaciones metricas,,,
9359,Geometria,areas de regiones,,,
9360,Geometria,areas de regiones,,,
9361,Geometria,areas de regiones,,,
9362,Geometria,areas de regiones,,,
9363,Geometria,areas de regiones,,,
9364,Geometria,areas de regiones,,,
9365,Geometria,areas de regiones,,,
9366,Geometria,areas de regiones,,,
9367,Geometria,areas de regiones,,,
9368,Geometria,areas de regiones,,,
9369,Geometria,areas de regiones,,,
9370,Geometria,areas de regiones,,,
9371,Geometria,areas de regiones,,,
9372,Geometria,areas de regiones,,,
9373,Geometria,areas de regiones,,,
9374,Geometria,areas de regiones,,,
9375,Geometria,areas de regiones,,,
9376,Geometria,areas de regiones,,,
9377,Geometria,areas de regiones,,,
9378,Geometria,areas de regiones,,,
9379,Geometria,areas de regiones,,,
9380,Geometria,areas de regiones,,,
9381,Geometria,areas de regiones,,,
9382,Geometria,areas de regiones,,,
9383,Geometria,areas de regiones,,,
9384,Geometria,areas de regiones,,,
9385,Geometria,areas de regiones,,,
9386,Geometria,areas de regiones,,,
9387,Geometria,areas de regiones,,,
9388,Geometria,areas de regiones,,,
9389,geometria,semana_1_tri_ngulos,,,
9390,geometria,semana_1_tri_ngulos,,,
9391,geometria,semana_1_tri_ngulos,,,
9392,geometria,semana_1_tri_ngulos,,,
9393,geometria,semana_1_tri_ngulos,,,
9394,geometria,semana_1_tri_ngulos,,,
9395,geometria,semana_1_tri_ngulos,,,
9396,geometria,semana_1_tri_ngulos,,,
9397,geometria,semana_1_tri_ngulos,,,
9398,geometria,semana_1_tri_ngulos,,,
9399,geometria,semana_1_tri_ngulos,,,
9400,geometria,semana_1_tri_ngulos,,,
9401,geometria,semana_1_tri_ngulos,,,
9402,geometria,semana_1_tri_ngulos,,,
9403,geometria,semana_1_tri_ngulos,,,
9404,geometria,semana_1_tri_ngulos,,,
9405,geometria,semana_1_tri_ngulos,,,
9406,geometria,semana_1_tri_ngulos,,,
9407,geometria,semana_1_tri_ngulos,,,
9408,geometria,semana_1_tri_ngulos,,,
9409,geometria,semana_1_tri_ngulos,,,
9410,geometria,semana_1_tri_ngulos,,,
9411,geometria,semana_1_tri_ngulos,,,
9412,geometria,semana_1_tri_ngulos,,,
9413,geometria,semana_1_tri_ngulos,,,
9414,geometria,semana_1_tri_ngulos,,,
9415,geometria,semana_1_tri_ngulos,,,
9416,geometria,semana_1_tri_ngulos,,,
9417,geometria,semana_1_tri_ngulos,,,
9418,geometria,semana_1_tri_ngulos,,,
9419,Geometria,triangulo,,,
9420,Geometria,triángulos,,,
9421,Geometria,acutángulo,,,
9423,Geometria,triangulo,,,
9424,Geometria,triangulo,,,
9425,Geometria,semana_2,,,
9426,geometria,semana_2,,,
9427,geometria,semana_2_l_neas_notables_asociadas_al_tri_ngulo,,,
9428,geometria,semana_2,,,
9429,geometria,semana_2,,,
9430,geometria,semana_2,,,
9431,geometria,semana_2,,,
9432,geometria,semana_2,,,
9433,geometria,semana_2,,,
9434,Geometria,semana_2,,,
9435,geometria,semana_2_l_neas_notables_asociadas_al_tri_ngulo,,,
9436,Geometria,triangulo,,,
9437,Geometria,triángulos,,,
9438,Geometria,triángulos,,,
9439,geometria,triangulo,,,
9440,geometria,semana_2,,,
9441,Geometria,triangulo,,,
9442,geometria,semana_2_l_neas_notables_asociadas_al_tri_ngulo,,,
9443,Geometria,triangulo,,,
9444,Geometria,triángulos,,,
9445,geometria,semana_2,,,
9446,geometria,triangulo,,,
9447,Geometria,acutángulo,,,
9448,geometria,isósceles,,,
9449,Geometria,semana_2_l_neas_notables_asociadas_al_tri_ngulo,,,
9450,geometria,semana_3_congruencia_de_tri_ngulos,,,
9451,geometria,semana_3_congruencia_de_tri_ngulos,,,
9452,geometria,semana_3_congruencia_de_tri_ngulos,,,
9453,geometria,semana_3_congruencia_de_tri_ngulos,,,
9454,geometria,semana_3_congruencia_de_tri_ngulos,,,
9455,geometria,semana_3_congruencia_de_tri_ngulos,,,
9456,geometria,semana_3_congruencia_de_tri_ngulos,,,
9457,geometria,semana_3_congruencia_de_tri_ngulos,,,
9458,geometria,semana_3_congruencia_de_tri_ngulos,,,
9459,geometria,semana_3_congruencia_de_tri_ngulos,,,
9460,geometria,semana_3_congruencia_de_tri_ngulos,,,
9461,geometria,semana_3_congruencia_de_tri_ngulos,,,
9462,geometria,semana_3_congruencia_de_tri_ngulos,,,
9463,geometria,semana_3_congruencia_de_tri_ngulos,,,
9464,geometria,semana_3_congruencia_de_tri_ngulos,,,
9465,geometria,semana_3_congruencia_de_tri_ngulos,,,
9466,geometria,semana_3_congruencia_de_tri_ngulos,,,
9467,geometria,semana_3_congruencia_de_tri_ngulos,,,
9468,geometria,semana_3_congruencia_de_tri_ngulos,,,
9469,geometria,semana_3_congruencia_de_tri_ngulos,,,
9470,geometria,semana_3_congruencia_de_tri_ngulos,,,
9471,geometria,semana_3_congruencia_de_tri_ngulos,,,
9472,geometria,semana_3_congruencia_de_tri_ngulos,,,
9473,geometria,semana_3_congruencia_de_tri_ngulos,,,
9474,geometria,semana_3_congruencia_de_tri_ngulos,,,
9475,geometria,semana_3_congruencia_de_tri_ngulos,,,
9476,geometria,semana_3_congruencia_de_tri_ngulos,,,
9477,geometria,semana_3_congruencia_de_tri_ngulos,,,
9478,geometria,semana_3_congruencia_de_tri_ngulos,,,
9479,geometria,semana_3_congruencia_de_tri_ngulos,,,
9480,geometria,semana_4_aplicaciones_de_congruencia,,,
9481,geometria,semana_4_aplicaciones_de_congruencia,,,
9482,geometria,semana_4_aplicaciones_de_congruencia,,,
9483,geometria,semana_4_aplicaciones_de_congruencia,,,
9484,geometria,semana_4_aplicaciones_de_congruencia,,,
9485,geometria,semana_4_aplicaciones_de_congruencia,,,
9486,geometria,semana_4_aplicaciones_de_congruencia,,,
9487,geometria,semana_4_aplicaciones_de_congruencia,,,
9488,geometria,semana_4_aplicaciones_de_congruencia,,,
9489,geometria,semana_4_aplicaciones_de_congruencia,,,
9490,geometria,semana_4_aplicaciones_de_congruencia,,,
9491,geometria,semana_4_aplicaciones_de_congruencia,,,
9492,geometria,semana_4_aplicaciones_de_congruencia,,,
9493,geometria,semana_4_aplicaciones_de_congruencia,,,
9494,geometria,semana_4_aplicaciones_de_congruencia,,,
9495,geometria,semana_4_aplicaciones_de_congruencia,,,
9496,geometria,semana_4_aplicaciones_de_congruencia,,,
9497,geometria,semana_4_aplicaciones_de_congruencia,,,
9498,geometria,semana_4_aplicaciones_de_congruencia,,,
9499,geometria,semana_4_aplicaciones_de_congruencia,,,
9500,geometria,semana_4_aplicaciones_de_congruencia,,,
9501,geometria,semana_4_aplicaciones_de_congruencia,,,
9502,geometria,semana_4_aplicaciones_de_congruencia,,,
9503,geometria,semana_4_aplicaciones_de_congruencia,,,
9504,geometria,semana_4_aplicaciones_de_congruencia,,,
9505,geometria,semana_4_aplicaciones_de_congruencia,,,
9506,geometria,semana_4_aplicaciones_de_congruencia,,,
9507,geometria,semana_4_aplicaciones_de_congruencia,,,
9508,geometria,semana_4_aplicaciones_de_congruencia,,,
9509,geometria,semana_4_aplicaciones_de_congruencia,,,
9511,geometria,semana_5_cuadril_teros_1,,,
9512,geometria,semana_5_cuadril_teros_1,,,
9513,geometria,semana_5_cuadril_teros_1,,,
9514,geometria,semana_5_cuadril_teros_1,,,
9515,geometria,semana_5_cuadril_teros_1,,,
9516,geometria,semana_5_cuadril_teros_1,,,
9517,geometria,semana_5_cuadril_teros_1,,,
9518,geometria,semana_5_cuadril_teros_1,,,
9519,geometria,semana_5_cuadril_teros_1,,,
9520,geometria,semana_5_cuadril_teros_1,,,
9521,geometria,semana_5_cuadril_teros_1,,,
9522,geometria,semana_5_cuadril_teros_1,,,
9523,geometria,semana_5_cuadril_teros_1,,,
9524,geometria,semana_5_cuadril_teros_1,,,
9525,geometria,semana_5_cuadril_teros_1,,,
9526,geometria,semana_5_cuadril_teros_1,,,
9527,geometria,semana_5_cuadril_teros_1,,,
9528,geometria,semana_5_cuadril_teros_1,,,
9529,geometria,semana_5_cuadril_teros_1,,,
9530,geometria,semana_5_cuadril_teros_1,,,
9531,geometria,semana_5_cuadril_teros_1,,,
9532,geometria,semana_5_cuadril_teros_1,,,
9533,geometria,semana_5_cuadril_teros_1,,,
9534,geometria,semana_5_cuadril_teros_1,,,
9535,geometria,semana_5_cuadril_teros_1,,,
9536,geometria,semana_5_cuadril_teros_1,,,
9537,geometria,semana_5_cuadril_teros_1,,,
9538,geometria,semana_5_cuadril_teros_1,,,
9539,geometria,semana_5_cuadril_teros_1,,,
9540,geometria,semana_6_cuadril_teros_2,,,
9541,geometria,semana_6_cuadril_teros_2,,,
9542,geometria,semana_6_cuadril_teros_2,,,
9543,geometria,semana_6_cuadril_teros_2,,,
9544,geometria,semana_6_cuadril_teros_2,,,
9545,geometria,semana_6_cuadril_teros_2,,,
9546,geometria,semana_6_cuadril_teros_2,,,
9547,geometria,semana_6_cuadril_teros_2,,,
9548,geometria,semana_6_cuadril_teros_2,,,
9549,geometria,semana_6_cuadril_teros_2,,,
9550,geometria,semana_6_cuadril_teros_2,,,
9551,geometria,semana_6_cuadril_teros_2,,,
9552,geometria,semana_6_cuadril_teros_2,,,
9553,geometria,semana_6_cuadril_teros_2,,,
9554,geometria,semana_6_cuadril_teros_2,,,
9555,geometria,semana_6_cuadril_teros_2,,,
9556,geometria,semana_6_cuadril_teros_2,,,
9557,geometria,semana_6_cuadril_teros_2,,,
9558,geometria,semana_6_cuadril_teros_2,,,
9559,geometria,semana_6_cuadril_teros_2,,,
9560,geometria,semana_6_cuadril_teros_2,,,
9561,geometria,semana_6_cuadril_teros_2,,,
9562,geometria,semana_6_cuadril_teros_2,,,
9563,geometria,semana_6_cuadril_teros_2,,,
9564,geometria,semana_6_cuadril_teros_2,,,
9565,geometria,semana_6_cuadril_teros_2,,,
9566,geometria,semana_6_cuadril_teros_2,,,
9567,geometria,semana_6_cuadril_teros_2,,,
9568,geometria,semana_6_cuadril_teros_2,,,
9569,geometria,semana_6_cuadril_teros_2,,,
9570,geometria,semana_6_cuadril_teros_2,,,
9572,geometria,semana_7_pol_gonos,,,
9573,geometria,semana_7_pol_gonos,,,
9574,geometria,semana_7_pol_gonos,,,
9575,geometria,semana_7_pol_gonos,,,
9576,geometria,semana_7_pol_gonos,,,
9577,geometria,semana_7_pol_gonos,,,
9578,geometria,semana_7_pol_gonos,,,
9579,geometria,semana_7_pol_gonos,,,
9580,geometria,semana_7_pol_gonos,,,
9581,geometria,semana_7_pol_gonos,,,
9582,geometria,semana_7_pol_gonos,,,
9583,geometria,semana_7_pol_gonos,,,
9584,geometria,semana_7_pol_gonos,,,
9585,geometria,semana_7_pol_gonos,,,
9586,geometria,semana_7_pol_gonos,,,
9587,geometria,semana_7_pol_gonos,,,
9588,geometria,semana_7_pol_gonos,,,
9589,geometria,semana_7_pol_gonos,,,
9590,geometria,semana_7_pol_gonos,,,
9591,geometria,semana_7_pol_gonos,,,
9592,geometria,semana_7_pol_gonos,,,
9593,geometria,semana_7_pol_gonos,,,
9594,geometria,semana_7_pol_gonos,,,
9595,geometria,semana_7_pol_gonos,,,
9596,geometria,semana_7_pol_gonos,,,
9597,geometria,semana_7_pol_gonos,,,
9598,geometria,semana_7_pol_gonos,,,
9599,geometria,semana_7_pol_gonos,,,
9600,geometria,semana_7_pol_gonos,,,
9601,geometria,semana_7_pol_gonos,,,
9602,geometria,semana_8_circunferencia,,,
9603,geometria,semana_8_circunferencia,,,
9604,geometria,semana_8_circunferencia,,,
9605,geometria,semana_8_circunferencia,,,
9606,geometria,semana_8_circunferencia,,,
9607,geometria,semana_8_circunferencia,,,
9608,geometria,semana_8_circunferencia,,,
9609,geometria,semana_8_circunferencia,,,
9610,geometria,semana_8_circunferencia,,,
9611,geometria,semana_8_circunferencia,,,
9612,geometria,semana_8_circunferencia,,,
9613,geometria,semana_8_circunferencia,,,
9614,geometria,semana_8_circunferencia,,,
9615,geometria,semana_8_circunferencia,,,
9616,geometria,semana_8_circunferencia,,,
9617,geometria,semana_8_circunferencia,,,
9618,geometria,semana_8_circunferencia,,,
9619,geometria,semana_8_circunferencia,,,
9620,geometria,semana_8_circunferencia,,,
9621,geometria,semana_8_circunferencia,,,
9622,geometria,semana_8_circunferencia,,,
9623,geometria,semana_8_circunferencia,,,
9624,geometria,semana_8_circunferencia,,,
9625,geometria,semana_8_circunferencia,,,
9626,geometria,semana_8_circunferencia,,,
9627,geometria,semana_8_circunferencia,,,
9628,geometria,semana_8_circunferencia,,,
9629,geometria,semana_8_circunferencia,,,
9630,geometria,semana_8_circunferencia,,,
9631,geometria,semana_9_circunferencia_2,,,
9632,geometria,semana_9_circunferencia_2,,,
9633,geometria,semana_9_circunferencia_2,,,
9634,geometria,semana_9_circunferencia_2,,,
9635,geometria,semana_9_circunferencia_2,,,
9636,geometria,semana_9_circunferencia_2,,,
9637,geometria,semana_9_circunferencia_2,,,
9638,geometria,semana_9_circunferencia_2,,,
9639,geometria,semana_9_circunferencia_2,,,
9640,geometria,semana_9_circunferencia_2,,,
9641,geometria,semana_9_circunferencia_2,,,
9642,geometria,semana_9_circunferencia_2,,,
9643,geometria,semana_9_circunferencia_2,,,
9644,geometria,semana_9_circunferencia_2,,,
9645,geometria,semana_9_circunferencia_2,,,
9646,geometria,semana_9_circunferencia_2,,,
9647,geometria,semana_9_circunferencia_2,,,
9648,geometria,semana_9_circunferencia_2,,,
9649,geometria,semana_9_circunferencia_2,,,
9650,geometria,semana_9_circunferencia_2,,,
9651,geometria,semana_9_circunferencia_2,,,
9652,geometria,semana_9_circunferencia_2,,,
9653,geometria,semana_9_circunferencia_2,,,
9654,geometria,semana_9_circunferencia_2,,,
9655,geometria,semana_9_circunferencia_2,,,
9656,geometria,semana_9_circunferencia_2,,,
9657,geometria,semana_9_circunferencia_2,,,
9658,geometria,semana_9_circunferencia_2,,,
9659,geometria,semana_9_circunferencia_2,,,
9660,geometria,semana_9_circunferencia_2,,,
9661,geometria,semana_10_proporcionalidad_de_segmentos,,,
9662,geometria,semana_10_proporcionalidad_de_segmentos,,,
9663,geometria,semana_10_proporcionalidad_de_segmentos,,,
9664,geometria,semana_10_proporcionalidad_de_segmentos,,,
9665,geometria,semana_10_proporcionalidad_de_segmentos,,,
9666,geometria,semana_10_proporcionalidad_de_segmentos,,,
9667,geometria,semana_10_proporcionalidad_de_segmentos,,,
9668,geometria,semana_10_proporcionalidad_de_segmentos,,,
9669,geometria,semana_10_proporcionalidad_de_segmentos,,,
9670,geometria,semana_10_proporcionalidad_de_segmentos,,,
9671,geometria,semana_10_proporcionalidad_de_segmentos,,,
9672,geometria,semana_10_proporcionalidad_de_segmentos,,,
9673,geometria,semana_10_proporcionalidad_de_segmentos,,,
9674,geometria,semana_10_proporcionalidad_de_segmentos,,,
9675,geometria,semana_10_proporcionalidad_de_segmentos,,,
9676,geometria,semana_10_proporcionalidad_de_segmentos,,,
9677,geometria,semana_10_proporcionalidad_de_segmentos,,,
9678,geometria,semana_10_proporcionalidad_de_segmentos,,,
9679,geometria,semana_10_proporcionalidad_de_segmentos,,,
9680,geometria,semana_10_proporcionalidad_de_segmentos,,,
9681,geometria,semana_10_proporcionalidad_de_segmentos,,,
9682,geometria,semana_10_proporcionalidad_de_segmentos,,,
9683,geometria,semana_10_proporcionalidad_de_segmentos,,,
9684,geometria,semana_10_proporcionalidad_de_segmentos,,,
9685,geometria,semana_10_proporcionalidad_de_segmentos,,,
9686,geometria,semana_10_proporcionalidad_de_segmentos,,,
9687,geometria,semana_10_proporcionalidad_de_segmentos,,,
9688,geometria,semana_10_proporcionalidad_de_segmentos,,,
9689,geometria,semana_10_proporcionalidad_de_segmentos,,,
9690,geometria,semana_10_proporcionalidad_de_segmentos,,,
9691,geometria,semana_11_semejanza_de_tri_ngulos,,,
9692,geometria,semana_11_semejanza_de_tri_ngulos,,,
9693,geometria,semana_11_semejanza_de_tri_ngulos,,,
9694,geometria,semana_11_semejanza_de_tri_ngulos,,,
9695,geometria,semana_11_semejanza_de_tri_ngulos,,,
9696,geometria,semana_11_semejanza_de_tri_ngulos,,,
9697,geometria,semana_11_semejanza_de_tri_ngulos,,,
9698,geometria,semana_11_semejanza_de_tri_ngulos,,,
9699,geometria,semana_11_semejanza_de_tri_ngulos,,,
9700,geometria,semana_11_semejanza_de_tri_ngulos,,,
9701,geometria,semana_11_semejanza_de_tri_ngulos,,,
9702,geometria,semana_11_semejanza_de_tri_ngulos,,,
9703,geometria,semana_11_semejanza_de_tri_ngulos,,,
9704,geometria,semana_11_semejanza_de_tri_ngulos,,,
9705,geometria,semana_11_semejanza_de_tri_ngulos,,,
9706,geometria,semana_11_semejanza_de_tri_ngulos,,,
9707,geometria,semana_11_semejanza_de_tri_ngulos,,,
9708,geometria,semana_11_semejanza_de_tri_ngulos,,,
9709,geometria,semana_11_semejanza_de_tri_ngulos,,,
9710,geometria,semana_11_semejanza_de_tri_ngulos,,,
9711,geometria,semana_11_semejanza_de_tri_ngulos,,,
9712,geometria,semana_11_semejanza_de_tri_ngulos,,,
9713,geometria,semana_11_semejanza_de_tri_ngulos,,,
9714,geometria,semana_11_semejanza_de_tri_ngulos,,,
9715,geometria,semana_11_semejanza_de_tri_ngulos,,,
9716,geometria,semana_11_semejanza_de_tri_ngulos,,,
9717,geometria,semana_11_semejanza_de_tri_ngulos,,,
9718,geometria,semana_11_semejanza_de_tri_ngulos,,,
9719,geometria,semana_11_semejanza_de_tri_ngulos,,,
9720,geometria,semana_11_semejanza_de_tri_ngulos,,,
9721,geometria,semana_12_puntos_notables,,,
9722,geometria,semana_12_puntos_notables,,,
9723,geometria,semana_12_puntos_notables,,,
9725,geometria,semana_12_puntos_notables,,,
9726,geometria,semana_12_puntos_notables,,,
9727,geometria,semana_12_puntos_notables,,,
9728,geometria,semana_12_puntos_notables,,,
9729,geometria,semana_12_puntos_notables,,,
9730,geometria,semana_12_puntos_notables,,,
9731,geometria,semana_12_puntos_notables,,,
9732,geometria,semana_12_puntos_notables,,,
9733,geometria,semana_12_puntos_notables,,,
9734,geometria,semana_12_puntos_notables,,,
9735,geometria,semana_12_puntos_notables,,,
9736,geometria,semana_12_puntos_notables,,,
9737,geometria,semana_12_puntos_notables,,,
9738,geometria,semana_12_puntos_notables,,,
9739,geometria,semana_12_puntos_notables,,,
9740,geometria,semana_12_puntos_notables,,,
9741,geometria,semana_12_puntos_notables,,,
9742,geometria,semana_12_puntos_notables,,,
9743,geometria,semana_12_puntos_notables,,,
9744,geometria,semana_12_puntos_notables,,,
9745,geometria,semana_12_puntos_notables,,,
9746,geometria,semana_12_puntos_notables,,,
9747,geometria,semana_12_puntos_notables,,,
9748,geometria,semana_12_puntos_notables,,,
9749,geometria,semana_12_puntos_notables,,,
9750,geometria,semana_12_puntos_notables,,,
9751,geometria,semana_12_puntos_notables,,,
9752,geometria,semana_13_relaciones_m_tricas,,,
9753,geometria,semana_13_relaciones_m_tricas,,,
9754,geometria,semana_13_relaciones_m_tricas,,,
9755,geometria,semana_13_relaciones_m_tricas,,,
9756,geometria,semana_13_relaciones_m_tricas,,,
9757,geometria,semana_13_relaciones_m_tricas,,,
9758,geometria,semana_13_relaciones_m_tricas,,,
9759,geometria,semana_13_relaciones_m_tricas,,,
9760,geometria,semana_13_relaciones_m_tricas,,,
9761,geometria,semana_13_relaciones_m_tricas,,,
9762,geometria,semana_13_relaciones_m_tricas,,,
9763,geometria,semana_13_relaciones_m_tricas,,,
9764,geometria,semana_13_relaciones_m_tricas,,,
9765,geometria,semana_13_relaciones_m_tricas,,,
9766,geometria,semana_13_relaciones_m_tricas,,,
9767,geometria,semana_13_relaciones_m_tricas,,,
9768,geometria,semana_13_relaciones_m_tricas,,,
9769,geometria,semana_13_relaciones_m_tricas,,,
9770,geometria,semana_13_relaciones_m_tricas,,,
9771,geometria,semana_13_relaciones_m_tricas,,,
9772,geometria,semana_13_relaciones_m_tricas,,,
9773,geometria,semana_13_relaciones_m_tricas,,,
9774,geometria,semana_13_relaciones_m_tricas,,,
9775,geometria,semana_13_relaciones_m_tricas,,,
9776,geometria,semana_13_relaciones_m_tricas,,,
9777,geometria,semana_13_relaciones_m_tricas,,,
9778,geometria,semana_13_relaciones_m_tricas,,,
9779,geometria,semana_13_relaciones_m_tricas,,,
9780,geometria,semana_13_relaciones_m_tricas,,,
9781,geometria,semana_13_relaciones_m_tricas,,,
9783,geometria,semana_14_relaciones_m_tricas_entre_ngulos_y_pol_gonos,,,
9784,geometria,semana_14_relaciones_m_tricas_entre_ngulos_y_pol_gonos,,,
9785,geometria,semana_14_relaciones_m_tricas_entre_ngulos_y_pol_gonos,,,
9786,geometria,semana_14_relaciones_m_tricas_entre_ngulos_y_pol_gonos,,,
9787,geometria,semana_14_relaciones_m_tricas_entre_ngulos_y_pol_gonos,,,
9788,geometria,semana_14_relaciones_m_tricas_entre_ngulos_y_pol_gonos,,,
9789,geometria,semana_14_relaciones_m_tricas_entre_ngulos_y_pol_gonos,,,
9790,geometria,semana_14_relaciones_m_tricas_entre_ngulos_y_pol_gonos,,,
9791,geometria,semana_14_relaciones_m_tricas_entre_ngulos_y_pol_gonos,,,
9792,geometria,semana_14_relaciones_m_tricas_entre_ngulos_y_pol_gonos,,,
9793,geometria,semana_14_relaciones_m_tricas_entre_ngulos_y_pol_gonos,,,
9794,geometria,semana_14_relaciones_m_tricas_entre_ngulos_y_pol_gonos,,,
9795,geometria,semana_14_relaciones_m_tricas_entre_ngulos_y_pol_gonos,,,
9796,geometria,semana_14_relaciones_m_tricas_entre_ngulos_y_pol_gonos,,,
9797,geometria,semana_14_relaciones_m_tricas_entre_ngulos_y_pol_gonos,,,
9798,geometria,semana_14_relaciones_m_tricas_entre_ngulos_y_pol_gonos,,,
9799,geometria,semana_14_relaciones_m_tricas_entre_ngulos_y_pol_gonos,,,
9800,geometria,semana_14_relaciones_m_tricas_entre_ngulos_y_pol_gonos,,,
9801,geometria,semana_14_relaciones_m_tricas_entre_ngulos_y_pol_gonos,,,
9802,geometria,semana_14_relaciones_m_tricas_entre_ngulos_y_pol_gonos,,,
9803,geometria,semana_14_relaciones_m_tricas_entre_ngulos_y_pol_gonos,,,
9804,geometria,semana_14_relaciones_m_tricas_entre_ngulos_y_pol_gonos,,,
9805,geometria,semana_14_relaciones_m_tricas_entre_ngulos_y_pol_gonos,,,
9806,geometria,semana_14_relaciones_m_tricas_entre_ngulos_y_pol_gonos,,,
9807,geometria,semana_14_relaciones_m_tricas_entre_ngulos_y_pol_gonos,,,
9808,geometria,semana_14_relaciones_m_tricas_entre_ngulos_y_pol_gonos,,,
9809,geometria,semana_14_relaciones_m_tricas_entre_ngulos_y_pol_gonos,,,
9810,geometria,semana_14_relaciones_m_tricas_entre_ngulos_y_pol_gonos,,,
9811,geometria,semana_14_relaciones_m_tricas_entre_ngulos_y_pol_gonos,,,
9812,geometria,semana_14_relaciones_m_tricas_entre_ngulos_y_pol_gonos,,,
9813,geometria,semana_15_pol_gonos_regulares,,,
9814,geometria,semana_15_pol_gonos_regulares,,,
9815,geometria,semana_15_pol_gonos_regulares,,,
9817,geometria,semana_15_pol_gonos_regulares,,,
9818,geometria,semana_15_pol_gonos_regulares,,,
9819,geometria,semana_15_pol_gonos_regulares,,,
9820,geometria,semana_15_pol_gonos_regulares,,,
9821,geometria,semana_15_pol_gonos_regulares,,,
9822,geometria,semana_15_pol_gonos_regulares,,,
9823,geometria,semana_15_pol_gonos_regulares,,,
9824,geometria,semana_15_pol_gonos_regulares,,,
9825,geometria,semana_15_pol_gonos_regulares,,,
9826,geometria,semana_15_pol_gonos_regulares,,,
9827,geometria,semana_15_pol_gonos_regulares,,,
9828,geometria,semana_15_pol_gonos_regulares,,,
9829,geometria,semana_15_pol_gonos_regulares,,,
9830,geometria,semana_15_pol_gonos_regulares,,,
9831,geometria,semana_15_pol_gonos_regulares,,,
9832,geometria,semana_15_pol_gonos_regulares,,,
9833,geometria,semana_15_pol_gonos_regulares,,,
9834,geometria,semana_15_pol_gonos_regulares,,,
9835,geometria,semana_15_pol_gonos_regulares,,,
9836,geometria,semana_15_pol_gonos_regulares,,,
9837,geometria,semana_15_pol_gonos_regulares,,,
9838,geometria,semana_15_pol_gonos_regulares,,,
9839,geometria,semana_15_pol_gonos_regulares,,,
9840,geometria,semana_15_pol_gonos_regulares,,,
9841,geometria,semana_15_pol_gonos_regulares,,,
9842,geometria,semana_15_pol_gonos_regulares,,,
9843,geometria,semana_3_congruencia_de_tri_ngulos,,,
9844,geometria,semana_5_cuadril_teros_1,,,
9845,geometria,semana_1_tri_ngulos,,,
9846,geometria,semana_1_tri_ngulos,,,
9847,geometria,semana_1_tri_ngulos,,,
9848,geometria,semana_1_tri_ngulos,,,
9849,geometria,semana_1_tri_ngulos,,,
9850,geometria,semana_1_tri_ngulos,,,
9851,geometria,semana_1_tri_ngulos,,,
9852,geometria,semana_1_tri_ngulos,,,
9853,geometria,semana_1_tri_ngulos,,,
9854,geometria,semana_2_l_neas_notables_asociadas_al_tri_ngulo,,,
9855,Geometria,semana_2,,,
9856,Geometria,semana_2,,,
9857,Geometria,semana_2,,,
9858,Geometria,triangulo,,,
9859,Geometria,triangulo,,,
9860,Geometria,semana_2,,,
9861,Geometria,triangulo,,,
9862,Geometria,acutángulo,,,
9863,geometria,semana_2_l_neas_notables_asociadas_al_tri_ngulo,,,
9864,Geometria,acutángulo,,,
9865,geometria,semana_2_l_neas_notables_asociadas_al_tri_ngulo,,,
9866,geometria,semana_3_congruencia_de_tri_ngulos,,,
9867,geometria,triangulo,,,
9868,geometria,semana_4_aplicaciones_de_congruencia,,,
9869,geometria,semana_4_aplicaciones_de_congruencia,,,
9870,geometria,semana_4_aplicaciones_de_congruencia,,,
9871,geometria,semana_4_aplicaciones_de_congruencia,,,
9872,geometria,semana_4_aplicaciones_de_congruencia,,,
9873,geometria,semana_4_aplicaciones_de_congruencia,,,
9874,geometria,semana_4_aplicaciones_de_congruencia,,,
9875,geometria,semana_4_aplicaciones_de_congruencia,,,
9876,geometria,semana_4_aplicaciones_de_congruencia,,,
9877,geometria,semana_4_aplicaciones_de_congruencia,,,
9878,geometria,recto,,,
9879,geometria,semana_5_cuadril_teros_1,,,
9880,geometria,semana_5_cuadril_teros_1,,,
9881,geometria,semana_5_cuadril_teros_1,,,
9882,geometria,semana_5_cuadril_teros_1,,,
9883,geometria,semana_5_cuadril_teros_1,,,
9884,geometria,semana_5_cuadril_teros_1,,,
9885,geometria,semana_5_cuadril_teros_1,,,
9886,geometria,semana_5_cuadril_teros_1,,,
9887,geometria,semana_8_circunferencia,,,
9888,geometria,semana_6_cuadril_teros_2,,,
9889,geometria,semana_6_cuadril_teros_2,,,
9890,geometria,semana_6_cuadril_teros_2,,,
9891,geometria,semana_6_cuadril_teros_2,,,
9892,geometria,semana_6_cuadril_teros_2,,,
9893,geometria,semana_6_cuadril_teros_2,,,
9894,geometria,semana_6_cuadril_teros_2,,,
9895,geometria,semana_6_cuadril_teros_2,,,
9896,geometria,semana_6_cuadril_teros_2,,,
9900,geometria,semana_7_pol_gonos,,,
9901,geometria,semana_7_pol_gonos,,,
9902,geometria,semana_7_pol_gonos,,,
9903,geometria,semana_7_pol_gonos,,,
9904,geometria,semana_7_pol_gonos,,,
9905,geometria,semana_7_pol_gonos,,,
9906,geometria,semana_7_pol_gonos,,,
9907,geometria,semana_7_pol_gonos,,,
9908,geometria,semana_7_pol_gonos,,,
9909,geometria,semana_8_circunferencia,,,
9910,geometria,semana_8_circunferencia,,,
9911,geometria,semana_8_circunferencia,,,
9912,geometria,semana_8_circunferencia,,,
9913,geometria,semana_8_circunferencia,,,
9914,geometria,semana_8_circunferencia,,,
9915,geometria,semana_8_circunferencia,,,
9916,geometria,semana_8_circunferencia,,,
9917,geometria,semana_8_circunferencia,,,
9918,geometria,semana_8_circunferencia,,,
9919,geometria,semana_9_circunferencia_2,,,
9920,geometria,semana_9_circunferencia_2,,,
9921,geometria,semana_9_circunferencia_2,,,
9922,geometria,semana_9_circunferencia_2,,,
9923,geometria,semana_9_circunferencia_2,,,
9924,geometria,semana_9_circunferencia_2,,,
9925,geometria,semana_9_circunferencia_2,,,
9926,geometria,semana_9_circunferencia_2,,,
9927,geometria,semana_9_circunferencia_2,,,
9928,geometria,semana_9_circunferencia_2,,,
9929,geometria,semana_10_proporcionalidad_de_segmentos,,,
9930,geometria,semana_10_proporcionalidad_de_segmentos,,,
9931,geometria,semana_10_proporcionalidad_de_segmentos,,,
9932,geometria,semana_10_proporcionalidad_de_segmentos,,,
9933,geometria,semana_10_proporcionalidad_de_segmentos,,,
9934,geometria,semana_10_proporcionalidad_de_segmentos,,,
9935,geometria,semana_10_proporcionalidad_de_segmentos,,,
9936,geometria,semana_10_proporcionalidad_de_segmentos,,,
9937,geometria,semana_10_proporcionalidad_de_segmentos,,,
9938,geometria,semana_10_proporcionalidad_de_segmentos,,,
9939,geometria,semana_10_proporcionalidad_de_segmentos,,,
9940,geometria,semana_10_proporcionalidad_de_segmentos,,,
9942,geometria,semana_11_semejanza_de_tri_ngulos,,,
9943,geometria,semana_11_semejanza_de_tri_ngulos,,,
9944,geometria,semana_11_semejanza_de_tri_ngulos,,,
9945,geometria,semana_11_semejanza_de_tri_ngulos,,,
9946,geometria,semana_11_semejanza_de_tri_ngulos,,,
9947,geometria,semana_11_semejanza_de_tri_ngulos,,,
9948,geometria,semana_11_semejanza_de_tri_ngulos,,,
9949,geometria,semana_11_semejanza_de_tri_ngulos,,,
9950,geometria,semana_11_semejanza_de_tri_ngulos,,,
9951,geometria,semana_11_semejanza_de_tri_ngulos,,,
9952,geometria,semana_12_puntos_notables,,,
9953,geometria,semana_12_puntos_notables,,,
9954,geometria,semana_12_puntos_notables,,,
9955,geometria,semana_12_puntos_notables,,,
9956,geometria,semana_12_puntos_notables,,,
9957,geometria,semana_12_puntos_notables,,,
9958,geometria,semana_12_puntos_notables,,,
9959,geometria,semana_12_puntos_notables,,,
9960,geometria,semana_12_puntos_notables,,,
9961,geometria,semana_12_puntos_notables,,,
9962,geometria,semana_12_puntos_notables,,,
9963,geometria,semana_13_relaciones_m_tricas,,,
9964,geometria,semana_13_relaciones_m_tricas,,,
9965,geometria,semana_13_relaciones_m_tricas,,,
9966,geometria,semana_13_relaciones_m_tricas,,,
9967,geometria,semana_13_relaciones_m_tricas,,,
9968,geometria,semana_13_relaciones_m_tricas,,,
9969,geometria,semana_13_relaciones_m_tricas,,,
9970,geometria,semana_13_relaciones_m_tricas,,,
9971,geometria,semana_13_relaciones_m_tricas,,,
9972,geometria,semana_13_relaciones_m_tricas,,,
9973,geometria,semana_14_relaciones_m_tricas_entre_ngulos_y_pol_gonos,,,
9974,geometria,semana_14_relaciones_m_tricas_entre_ngulos_y_pol_gonos,,,
9975,geometria,semana_14_relaciones_m_tricas_entre_ngulos_y_pol_gonos,,,
9976,geometria,semana_14_relaciones_m_tricas_entre_ngulos_y_pol_gonos,,,
9977,geometria,semana_14_relaciones_m_tricas_entre_ngulos_y_pol_gonos,,,
9978,geometria,semana_14_relaciones_m_tricas_entre_ngulos_y_pol_gonos,,,
9979,geometria,semana_14_relaciones_m_tricas_entre_ngulos_y_pol_gonos,,,
9980,geometria,semana_14_relaciones_m_tricas_entre_ngulos_y_pol_gonos,,,
9981,geometria,semana_14_relaciones_m_tricas_entre_ngulos_y_pol_gonos,,,
9982,geometria,semana_14_relaciones_m_tricas_entre_ngulos_y_pol_gonos,,,
9983,geometria,semana_14_relaciones_m_tricas_entre_ngulos_y_pol_gonos,,,
9984,geometria,semana_14_relaciones_m_tricas_entre_ngulos_y_pol_gonos,,,
9985,geometria,semana_14_relaciones_m_tricas_entre_ngulos_y_pol_gonos,,,
9986,geometria,semana_14_relaciones_m_tricas_entre_ngulos_y_pol_gonos,,,
9987,geometria,semana_15_pol_gonos_regulares,,,
9988,geometria,semana_15_pol_gonos_regulares,,,
9989,geometria,semana_15_pol_gonos_regulares,,,
9990,geometria,semana_15_pol_gonos_regulares,,,
9991,geometria,semana_15_pol_gonos_regulares,,,
9992,geometria,semana_15_pol_gonos_regulares,,,
9993,geometria,semana_15_pol_gonos_regulares,,,
9994,geometria,semana_15_pol_gonos_regulares,,,
9995,geometria,semana_15_pol_gonos_regulares,,,
9996,geometria,semana_15_pol_gonos_regulares,,,
9997,geometria,semana_15_pol_gonos_regulares,,,
10001,geometria,semana_17_relaciones_de_reas,,,
10010,geometria,semana_9_circunferencia_2,,,
10011,geometria,semana_1_tri_ngulos,,,
10012,geometria,semana_5_cuadril_teros_1,,,
10013,geometria,semana_7_pol_gonos,,,
10014,geometria,semana_8_circunferencia,,,
10015,Álgebra,Ecuaciones de primer grado,,,
10016,Álgebra,Ecuaciones de primer grado,,,
10017,Álgebra,Ecuaciones de primer grado,,,
10018,Álgebra,Ecuaciones de primer grado,,,
10019,Álgebra,Ecuaciones de primer grado,,,
10020,Álgebra,Ecuaciones de primer grado,,,
10021,Álgebra,Ecuaciones de primer grado,,,
10022,Álgebra,Ecuaciones de primer grado,,,
10023,Álgebra,Ecuaciones de primer grado,,,
10024,Álgebra,Ecuaciones de primer grado,,,
10025,Álgebra,Ecuaciones de primer grado,,,
10026,Álgebra,Ecuaciones de primer grado,,,
10027,Álgebra,Ecuaciones de primer grado,,,
10028,Álgebra,Ecuaciones de primer grado,,,
10029,Álgebra,Ecuaciones de primer grado,,,
10030,Álgebra,Ecuaciones de primer grado,,,
10031,Álgebra,Ecuaciones de primer grado,,,
10032,Álgebra,Ecuaciones de primer grado,,,
10033,Álgebra,Ecuaciones de primer grado,,,
10034,Álgebra,Ecuaciones de primer grado,,,
10035,Álgebra,Ecuaciones de primer y segundo grado,,,
10036,Álgebra,Ecuaciones de primer y segundo grado,,,
10037,Álgebra,Ecuaciones de primer y segundo grado,,,
10038,Álgebra,Ecuaciones de primer y segundo grado,,,
10039,Álgebra,Ecuaciones de primer y segundo grado,,,
10040,Álgebra,Ecuaciones de primer y segundo grado,,,
10041,Álgebra,Ecuaciones de primer y segundo grado,,,
10042,Álgebra,Ecuaciones de primer y segundo grado,,,
10043,Álgebra,Ecuaciones de primer y segundo grado,,,
10044,Álgebra,Ecuaciones de primer y segundo grado,,,
10045,Álgebra,Ecuaciones de primer y segundo grado,,,
10046,Álgebra,Ecuaciones de primer y segundo grado,,,
10047,Álgebra,Ecuaciones de primer y segundo grado,,,
10048,Álgebra,Ecuaciones de primer y segundo grado,,,
10049,Álgebra,Ecuaciones de primer y segundo grado,,,
10050,Álgebra,Ecuaciones de primer y segundo grado,,,
10051,Álgebra,Ecuaciones de primer y segundo grado,,,
10052,Álgebra,Ecuaciones de primer y segundo grado,,,
10053,Álgebra,Ecuaciones de primer y segundo grado,,,
10054,Álgebra,Ecuaciones de primer y segundo grado,,,
10055,Álgebra,Ecuaciones de primer y segundo grado,,,
10056,Álgebra,Ecuaciones de primer y segundo grado,,,
10057,Álgebra,Ecuaciones de primer y segundo grado,,,
10058,Álgebra,Ecuaciones de primer y segundo grado,,,
10059,Álgebra,Ecuaciones de primer y segundo grado,,,
10060,Álgebra,Ecuaciones de primer y segundo grado,,,
10061,Álgebra,Ecuaciones de primer y segundo grado,,,
10062,Álgebra,Ecuaciones de primer y segundo grado,,,
10063,Álgebra,Ecuaciones de primer y segundo grado,,,
10064,Álgebra,Ecuaciones de primer y segundo grado,,,
10065,Álgebra,Ecuaciones de primer y segundo grado,,,
10066,Álgebra,Ecuaciones de primer y segundo grado,,,
10067,Álgebra,Ecuaciones de primer y segundo grado,,,
10068,Álgebra,Ecuaciones de primer y segundo grado,,,
10069,Álgebra,Ecuaciones de primer y segundo grado,,,
10070,Álgebra,Ecuaciones de primer y segundo grado,,,
10071,Álgebra,Ecuaciones de primer y segundo grado,,,
10072,Álgebra,Ecuaciones de primer y segundo grado,,,
10073,Álgebra,Ecuaciones de primer y segundo grado,,,
10074,Álgebra,Ecuaciones de primer y segundo grado,,,
10075,Álgebra,Ecuaciones de primer y segundo grado,,,
10076,Álgebra,Ecuaciones de primer y segundo grado,,,
10077,Álgebra,Ecuaciones de primer y segundo grado,,,
10078,Álgebra,Ecuaciones de primer y segundo grado,,,
10079,Álgebra,Ecuaciones de primer y segundo grado,,,
10080,Álgebra,Ecuaciones de primer y segundo grado,,,
10081,Álgebra,Ecuaciones de primer y segundo grado,,,
10082,Álgebra,Ecuaciones de primer y segundo grado,,,
10083,Álgebra,Ecuaciones de primer y segundo grado,,,
10084,Álgebra,Ecuaciones de primer y segundo grado,,,
10085,Álgebra,Ecuaciones de primer y segundo grado,,,
10086,Álgebra,Ecuaciones de primer y segundo grado,,,
10087,Álgebra,Ecuaciones de primer y segundo grado,,,
10088,Álgebra,Ecuaciones de primer y segundo grado,,,
10089,Álgebra,Ecuaciones de primer y segundo grado,,,
10090,Álgebra,Ecuaciones de primer y segundo grado,,,
10091,Álgebra,Ecuaciones de primer y segundo grado,,,
10092,Álgebra,Ecuaciones de primer y segundo grado,,,
10093,Álgebra,Ecuaciones de primer y segundo grado,,,
10094,Álgebra,Ecuaciones de primer y segundo grado,,,
10095,Álgebra,Sistema de ecuaciones,,,
10096,Álgebra,Sistema de ecuaciones,,,
10097,Álgebra,Sistema de ecuaciones,,,
10098,Álgebra,Sistema de ecuaciones,,,
10099,Álgebra,Sistema de ecuaciones,,,
10100,Álgebra,Sistema de ecuaciones,,,
10101,Álgebra,Sistema de ecuaciones,,,
10102,Álgebra,Sistema de ecuaciones,,,
10103,Álgebra,Sistema de ecuaciones,,,
10104,Álgebra,Sistema de ecuaciones,,,
10105,Álgebra,Sistema de ecuaciones,,,
10106,Álgebra,Sistema de ecuaciones,,,
10107,Álgebra,Sistema de ecuaciones,,,
10108,Álgebra,Sistema de ecuaciones,,,
10109,Álgebra,Sistema de ecuaciones,,,
10110,Álgebra,Sistema de ecuaciones,,,
10111,Álgebra,Sistema de ecuaciones,,,
10112,Álgebra,Sistema de ecuaciones,,,
10113,Álgebra,Sistema de ecuaciones,,,
10114,Álgebra,Sistema de ecuaciones,,,
10115,Álgebra,Sistema de ecuaciones,,,
10116,Álgebra,Sistema de ecuaciones,,,
10117,Álgebra,Sistema de ecuaciones,,,
10118,Álgebra,Sistema de ecuaciones,,,
10119,Álgebra,Sistema de ecuaciones,,,
10120,Álgebra,Sistema de ecuaciones,,,
10121,Álgebra,Sistema de ecuaciones,,,
10122,Álgebra,Sistema de ecuaciones,,,
10123,Álgebra,Sistema de ecuaciones,,,
10124,Álgebra,Sistema de ecuaciones,,,
10125,Álgebra,Sistema de ecuaciones,,,
10126,Álgebra,Sistema de ecuaciones,,,
10127,Álgebra,Sistema de ecuaciones,,,
10128,Álgebra,Sistema de ecuaciones,,,
10129,Álgebra,Sistema de ecuaciones,,,
10130,Álgebra,Sistema de ecuaciones,,,
10131,Álgebra,Sistema de ecuaciones,,,
10132,Álgebra,Sistema de ecuaciones,,,
10133,Álgebra,Sistema de ecuaciones,,,
10134,Álgebra,Sistema de ecuaciones,,,
10135,Álgebra,Sistema de ecuaciones,,,
10136,Álgebra,Sistema de ecuaciones,,,
10137,Álgebra,Sistema de ecuaciones,,,
10138,Álgebra,Sistema de ecuaciones,,,
10139,Álgebra,Sistema de ecuaciones,,,
10140,Álgebra,Sistema de ecuaciones,,,
10141,Álgebra,Sistema de ecuaciones,,,
10142,Álgebra,Sistema de ecuaciones,,,
10143,Álgebra,Sistema de ecuaciones,,,
10144,Álgebra,Sistema de ecuaciones,,,
10145,Álgebra,Sistema de ecuaciones,,,
10146,Álgebra,Sistema de ecuaciones,,,
10147,Álgebra,Sistema de ecuaciones,,,
10148,Álgebra,Sistema de ecuaciones,,,
10149,Álgebra,Sistema de ecuaciones,,,
10150,Álgebra,Sistema de ecuaciones,,,
10151,Álgebra,Sistema de ecuaciones,,,
10152,Álgebra,Sistema de ecuaciones,,,
10153,Álgebra,Sistema de ecuaciones,,,
10154,Álgebra,Sistema de ecuaciones,,,
