id,curso_actual,tema_actual,curso_canonico,tema_canonico,tema_id,cambia
204,Trigonometria,Angulo Trigonometrico,Trigonometria,Angulo Trigonometrico,65,True
205,Trigonometria,Angulo Trigonometrico,Trigonometria,Angulo Trigonometrico,65,True
206,Trigonometria,Angulo Trigonometrico,Trigonometria,Angulo Trigonometrico,65,True
207,Trigonometria,Angulo Trigonometrico,Trigonometria,Angulo Trigonometrico,65,True
208,Trigonometria,Sistemas de Medidas Angulares,Trigonometria,Sistemas de Medidas Angulares,83,True
209,Trigonometria,Sistemas de Medidas Angulares,Trigonometria,Sistemas de Medidas Angulares,83,True
210,Trigonometria,Sistemas de Medidas Angulares,Trigonometria,Sistemas de Medidas Angulares,83,True
211,Trigonometria,Sistemas de Medidas Angulares,Trigonometria,Sistemas de Medidas Angulares,83,True
212,Trigonometria,Sistemas de Medidas Angulares,Trigonometria,Sistemas de Medidas Angulares,83,True
213,Trigonometria,Sistemas de Medidas Angulares,Trigonometria,Sistemas de Medidas Angulares,83,True
214,Trigonometria,Angulo Trigonometrico,Trigonometria,Angulo Trigonometrico,65,True
215,Trigonometria,Sistemas de Medidas Angulares,Trigonometria,Sistemas de Medidas Angulares,83,True
216,Trigonometria,Sistemas de Medidas Angulares,Trigonometria,Sistemas de Medidas Angulares,83,True
217,Trigonometria,Sistemas de Medidas Angulares,Trigonometria,Sistemas de Medidas Angulares,83,True
218,Trigonometria,Sistemas de Medidas Angulares,Trigonometria,Sistemas de Medidas Angulares,83,True
219,Trigonometria,Sistemas de Medidas Angulares,Trigonometria,Sistemas de Medidas Angulares,83,True
220,Trigonometria,Sistemas de Medidas Angulares,Trigonometria,Sistemas de Medidas Angulares,83,True
221,Trigonometria,Sistemas de Medidas Angulares,Trigonometria,Sistemas de Medidas Angulares,83,True
222,Trigonometria,Sistemas de Medidas Angulares,Trigonometria,Sistemas de Medidas Angulares,83,True
223,Trigonometria,Sistemas de Medidas Angulares,Trigonometria,Sistemas de Medidas Angulares,83,True
224,Trigonometria,Angulo Trigonometrico,Trigonometria,Angulo Trigonometrico,65,True
225,Trigonometria,Sistemas de Medidas Angulares,Trigonometria,Sistemas de Medidas Angulares,83,True
226,Trigonometria,Sistemas de Medidas Angulares,Trigonometria,Sistemas de Medidas Angulares,83,True
227,Trigonometria,Sistemas de Medidas Angulares,Trigonometria,Sistemas de Medidas Angulares,83,True
228,Trigonometria,Sistemas de Medidas Angulares,Trigonometria,Sistemas de Medidas Angulares,83,True
229,Trigonometria,Sistemas de Medidas Angulares,Trigonometria,Sistemas de Medidas Angulares,83,True
230,Trigonometria,Sistemas de Medidas Angulares,Trigonometria,Sistemas de Medidas Angulares,83,True
231,Trigonometria,Sistemas de Medidas Angulares,Trigonometria,Sistemas de Medidas Angulares,83,True
232,Trigonometria,Sistemas de Medidas Angulares,Trigonometria,Sistemas de Medidas Angulares,83,True
233,Trigonometria,Sistemas de Medidas Angulares,Trigonometria,Sistemas de Medidas Angulares,83,True
234,Trigonometria,Sistemas de Medidas Angulares,Trigonometria,Sistemas de Medidas Angulares,83,True
235,Trigonometria,Sistemas de Medidas Angulares,Trigonometria,Sistemas de Medidas Angulares,83,True
236,Trigonometria,Sistemas de Medidas Angulares,Trigonometria,Sistemas de Medidas Angulares,83,True
237,Trigonometria,Sistemas de Medidas Angulares,Trigonometria,Sistemas de Medidas Angulares,83,True
238,Trigonometria,Sistemas de Medidas Angulares,Trigonometria,Sistemas de Medidas Angulares,83,True
239,Trigonometria,Sistemas de Medidas Angulares,Trigonometria,Sistemas de Medidas Angulares,83,True
240,Trigonometria,Sistemas de Medidas Angulares,Trigonometria,Sistemas de Medidas Angulares,83,True
241,Trigonometria,Sistemas de Medidas Angulares,Trigonometria,Sistemas de Medidas Angulares,83,True
242,Trigonometria,Sistemas de Medidas Angulares,Trigonometria,Sistemas de Medidas Angulares,83,True
243,Trigonometria,Sistemas de Medidas Angulares,Trigonometria,Sistemas de Medidas Angulares,83,True
244,Trigonometria,Sistemas de Medidas Angulares,Trigonometria,Sistemas de Medidas Angulares,83,True
245,Trigonometria,Sistemas de Medidas Angulares,Trigonometria,Sistemas de Medidas Angulares,83,True
246,Trigonometria,Sistemas de Medidas Angulares,Trigonometria,Sistemas de Medidas Angulares,83,True
247,Trigonometria,Sistemas de Medidas Angulares,Trigonometria,Sistemas de Medidas Angulares,83,True
248,Trigonometria,Sistemas de Medidas Angulares,Trigonometria,Sistemas de Medidas Angulares,83,True
249,Trigonometria,Sistemas de Medidas Angulares,Trigonometria,Sistemas de Medidas Angulares,83,True
250,Trigonometria,Sistemas de Medidas Angulares,Trigonometria,Sistemas de Medidas Angulares,83,True
251,Trigonometria,Sistemas de Medidas Angulares,Trigonometria,Sistemas de Medidas Angulares,83,True
252,Trigonometria,Sistemas de Medidas Angulares,Trigonometria,Sistemas de Medidas Angulares,83,True
253,Trigonometria,Sistemas de Medidas Angulares,Trigonometria,Sistemas de Medidas Angulares,83,True
254,Trigonometria,Sistemas de Medidas Angulares,Trigonometria,Sistemas de Medidas Angulares,83,True
255,Trigonometria,Sistemas de Medidas Angulares,Trigonometria,Sistemas de Medidas Angulares,83,True
256,Trigonometria,Sistemas de Medidas Angulares,Trigonometria,Sistemas de Medidas Angulares,83,True
257,Trigonometria,Sistemas de Medidas Angulares,Trigonometria,Sistemas de Medidas Angulares,83,True
258,Trigonometria,Sistemas de Medidas Angulares,Trigonometria,Sistemas de Medidas Angulares,83,True
259,Trigonometria,Sistemas de Medidas Angulares,Trigonometria,Sistemas de Medidas Angulares,83,True
260,Trigonometria,Sistemas de Medidas Angulares,Trigonometria,Sistemas de Medidas Angulares,83,True
261,Trigonometria,Sistemas de Medidas Angulares,Trigonometria,Sistemas de Medidas Angulares,83,True
262,Trigonometria,Sistemas de Medidas Angulares,Trigonometria,Sistemas de Medidas Angulares,83,True
263,Trigonometria,Sistemas de Medidas Angulares,Trigonometria,Sistemas de Medidas Angulares,83,True
264,Trigonometria,Angulo Trigonometrico,Trigonometria,Angulo Trigonometrico,65,True
265,Trigonometria,Angulo Trigonometrico,Trigonometria,Angulo Trigonometrico,65,True
266,Trigonometria,Angulo Trigonometrico,Trigonometria,Angulo Trigonometrico,65,True
267,Trigonometria,Sistemas de Medidas Angulares,Trigonometria,Sistemas de Medidas Angulares,83,True
268,Trigonometria,Angulo Trigonometrico,Trigonometria,Angulo Trigonometrico,65,True
269,Trigonometria,Sistemas de Medidas Angulares,Trigonometria,Sistemas de Medidas Angulares,83,True
270,Trigonometria,Sistemas de Medidas Angulares,Trigonometria,Sistemas de Medidas Angulares,83,True
271,Trigonometria,Sistemas de Medidas Angulares,Trigonometria,Sistemas de Medidas Angulares,83,True
272,Trigonometria,Sistemas de Medidas Angulares,Trigonometria,Sistemas de Medidas Angulares,83,True
273,Trigonometria,Sistemas de Medidas Angulares,Trigonometria,Sistemas de Medidas Angulares,83,True
274,Trigonometria,Sistemas de Medidas Angulares,Trigonometria,Sistemas de Medidas Angulares,83,True
275,Trigonometria,Sistemas de Medidas Angulares,Trigonometria,Sistemas de Medidas Angulares,83,True
276,Trigonometria,Sistemas de Medidas Angulares,Trigonometria,Sistemas de Medidas Angulares,83,True
277,Trigonometria,Sistemas de Medidas Angulares,Trigonometria,Sistemas de Medidas Angulares,83,True
278,Trigonometria,Sistemas de Medidas Angulares,Trigonometria,Sistemas de Medidas Angulares,83,True
279,Trigonometria,Sistemas de Medidas Angulares,Trigonometria,Sistemas de Medidas Angulares,83,True
280,Trigonometria,Sistemas de Medidas Angulares,Trigonometria,Sistemas de Medidas Angulares,83,True
281,Trigonometria,Sistemas de Medidas Angulares,Trigonometria,Sistemas de Medidas Angulares,83,True
282,Trigonometria,Sistemas de Medidas Angulares,Trigonometria,Sistemas de Medidas Angulares,83,True
283,Trigonometria,Sistemas de Medidas Angulares,Trigonometria,Sistemas de Medidas Angulares,83,True
284,Trigonometria,Sistemas de Medidas Angulares,Trigonometria,Sistemas de Medidas Angulares,83,True
285,Trigonometria,Angulo Trigonometrico,Trigonometria,Angulo Trigonometrico,65,True
286,Trigonometria,Sistemas de Medidas Angulares,Trigonometria,Sistemas de Medidas Angulares,83,True
287,Trigonometria,Sistemas de Medidas Angulares,Trigonometria,Sistemas de Medidas Angulares,83,True
288,Trigonometria,Angulo Trigonometrico,Trigonometria,Angulo Trigonometrico,65,True
289,Trigonometria,Sistemas de Medidas Angulares,Trigonometria,Sistemas de Medidas Angulares,83,True
290,Trigonometria,Sistemas de Medidas Angulares,Trigonometria,Sistemas de Medidas Angulares,83,True
291,Trigonometria,Sistemas de Medidas Angulares,Trigonometria,Sistemas de Medidas Angulares,83,True
292,Trigonometria,Angulo Trigonometrico,Trigonometria,Angulo Trigonometrico,65,True
293,Trigonometria,Sistemas de Medidas Angulares,Trigonometria,Sistemas de Medidas Angulares,83,True
294,Trigonometria,Sistemas de Medidas Angulares,Trigonometria,Sistemas de Medidas Angulares,83,True
295,Trigonometria,Sistemas de Medidas Angulares,Trigonometria,Sistemas de Medidas Angulares,83,True
296,Trigonometria,Sistemas de Medidas Angulares,Trigonometria,Sistemas de Medidas Angulares,83,True
297,Trigonometria,Sistemas de Medidas Angulares,Trigonometria,Sistemas de Medidas Angulares,83,True
298,Trigonometria,Angulo Trigonometrico,Trigonometria,Angulo Trigonometrico,65,True
299,Trigonometria,Sistemas de Medidas Angulares,Trigonometria,Sistemas de Medidas Angulares,83,True
300,Trigonometria,Sistemas de Medidas Angulares,Trigonometria,Sistemas de Medidas Angulares,83,True
301,Trigonometria,Sistemas de Medidas Angulares,Trigonometria,Sistemas de Medidas Angulares,83,True
302,Trigonometria,Angulo Trigonometrico,Trigonometria,Angulo Trigonometrico,65,True
303,Trigonometria,Sistemas de Medidas Angulares,Trigonometria,Sistemas de Medidas Angulares,83,True
304,Trigonometria,Angulo Trigonometrico,Trigonometria,Angulo Trigonometrico,65,True
305,Trigonometria,Angulo Trigonometrico,Trigonometria,Angulo Trigonometrico,65,True
306,Trigonometria,Angulo Trigonometrico,Trigonometria,Angulo Trigonometrico,65,True
307,Trigonometria,Sistemas de Medidas Angulares,Trigonometria,Sistemas de Medidas Angulares,83,True
308,Trigonometria,Sistemas de Medidas Angulares,Trigonometria,Sistemas de Medidas Angulares,83,True
309,Trigonometria,Sistemas de Medidas Angulares,Trigonometria,Sistemas de Medidas Angulares,83,True
310,Trigonometria,Sistemas de Medidas Angulares,Trigonometria,Sistemas de Medidas Angulares,83,True
311,Trigonometria,Sistemas de Medidas Angulares,Trigonometria,Sistemas de Medidas Angulares,83,True
312,Trigonometria,Sistemas de Medidas Angulares,Trigonometria,Sistemas de Medidas Angulares,83,True
313,Trigonometria,Sistemas de Medidas Angulares,Trigonometria,Sistemas de Medidas Angulares,83,True
314,Trigonometria,Sistemas de Medidas Angulares,Trigonometria,Sistemas de Medidas Angulares,83,True
315,Trigonometria,Sistemas de Medidas Angulares,Trigonometria,Sistemas de Medidas Angulares,83,True
316,Trigonometria,Sistemas de Medidas Angulares,Trigonometria,Sistemas de Medidas Angulares,83,True
317,Trigonometria,Sistemas de Medidas Angulares,Trigonometria,Sistemas de Medidas Angulares,83,True
318,Trigonometria,Sistemas de Medidas Angulares,Trigonometria,Sistemas de Medidas Angulares,83,True
319,Trigonometria,Sistemas de Medidas Angulares,Trigonometria,Sistemas de Medidas Angulares,83,True
320,Trigonometria,Sistemas de Medidas Angulares,Trigonometria,Sistemas de Medidas Angulares,83,True
321,Trigonometria,Sistemas de Medidas Angulares,Trigonometria,Sistemas de Medidas Angulares,83,True
322,Trigonometria,Sistemas de Medidas Angulares,Trigonometria,Sistemas de Medidas Angulares,83,True
323,Trigonometria,Sistemas de Medidas Angulares,Trigonometria,Sistemas de Medidas Angulares,83,True
324,Trigonometria,Sistemas de Medidas Angulares,Trigonometria,Sistemas de Medidas Angulares,83,True
325,Trigonometria,Sistemas de Medidas Angulares,Trigonometria,Sistemas de Medidas Angulares,83,True
326,Trigonometria,Sistemas de Medidas Angulares,Trigonometria,Sistemas de Medidas Angulares,83,True
327,Trigonometria,Sistemas de Medidas Angulares,Trigonometria,Sistemas de Medidas Angulares,83,True
328,Trigonometria,Sistemas de Medidas Angulares,Trigonometria,Sistemas de Medidas Angulares,83,True
329,Trigonometria,Sistemas de Medidas Angulares,Trigonometria,Sistemas de Medidas Angulares,83,True
330,Trigonometria,Sistemas de Medidas Angulares,Trigonometria,Sistemas de Medidas Angulares,83,True
331,Trigonometria,Sistemas de Medidas Angulares,Trigonometria,Sistemas de Medidas Angulares,83,True
332,Trigonometria,Sistemas de Medidas Angulares,Trigonometria,Sistemas de Medidas Angulares,83,True
333,Trigonometria,Angulo Trigonometrico,Trigonometria,Angulo Trigonometrico,65,True
334,Trigonometria,Sistemas de Medidas Angulares,Trigonometria,Sistemas de Medidas Angulares,83,True
335,Trigonometria,Sistemas de Medidas Angulares,Trigonometria,Sistemas de Medidas Angulares,83,True
336,Trigonometria,Sistemas de Medidas Angulares,Trigonometria,Sistemas de Medidas Angulares,83,True
337,Trigonometria,Sistemas de Medidas Angulares,Trigonometria,Sistemas de Medidas Angulares,83,True
338,Trigonometria,Sistemas de Medidas Angulares,Trigonometria,Sistemas de Medidas Angulares,83,True
339,Trigonometria,Angulo Trigonometrico,Trigonometria,Angulo Trigonometrico,65,True
340,Trigonometria,Sistemas de Medidas Angulares,Trigonometria,Sistemas de Medidas Angulares,83,True
341,Trigonometria,Sistemas de Medidas Angulares,Trigonometria,Sistemas de Medidas Angulares,83,True
342,Trigonometria,Sistemas de Medidas Angulares,Trigonometria,Sistemas de Medidas Angulares,83,True
343,Trigonometria,Sistemas de Medidas Angulares,Trigonometria,Sistemas de Medidas Angulares,83,True
344,Trigonometria,Angulo Trigonometrico,Trigonometria,Angulo Trigonometrico,65,True
345,Trigonometria,Sistemas de Medidas Angulares,Trigonometria,Sistemas de Medidas Angulares,83,True
346,Trigonometria,Sistemas de Medidas Angulares,Trigonometria,Sistemas de Medidas Angulares,83,True
347,Trigonometria,Sistemas de Medidas Angulares,Trigonometria,Sistemas de Medidas Angulares,83,True
348,Trigonometria,Sistemas de Medidas Angulares,Trigonometria,Sistemas de Medidas Angulares,83,True
349,Trigonometria,Angulo Trigonometrico,Trigonometria,Angulo Trigonometrico,65,True
350,Trigonometria,Sistemas de Medidas Angulares,Trigonometria,Sistemas de Medidas Angulares,83,True
351,Trigonometria,Sistemas de Medidas Angulares,Trigonometria,Sistemas de Medidas Angulares,83,True
352,Trigonometria,Sistemas de Medidas Angulares,Trigonometria,Sistemas de Medidas Angulares,83,True
353,Trigonometria,Sistemas de Medidas Angulares,Trigonometria,Sistemas de Medidas Angulares,83,True
354,Trigonometria,Sistemas de Medidas Angulares,Trigonometria,Sistemas de Medidas Angulares,83,True
355,Trigonometria,Sistemas de Medidas Angulares,Trigonometria,Sistemas de Medidas Angulares,83,True
356,Trigonometria,Sistemas de Medidas Angulares,Trigonometria,Sistemas de Medidas Angulares,83,True
357,Trigonometria,Angulo Trigonometrico,Trigonometria,Angulo Trigonometrico,65,True
358,Trigonometria,Angulo Trigonometrico,Trigonometria,Angulo Trigonometrico,65,True
359,Trigonometria,Sistemas de Medidas Angulares,Trigonometria,Sistemas de Medidas Angulares,83,True
360,Trigonometria,Sistemas de Medidas Angulares,Trigonometria,Sistemas de Medidas Angulares,83,True
361,Trigonometria,Sistemas de Medidas Angulares,Trigonometria,Sistemas de Medidas Angulares,83,True
362,Trigonometria,Sistemas de Medidas Angulares,Trigonometria,Sistemas de Medidas Angulares,83,True
363,Trigonometria,Sistemas de Medidas Angulares,Trigonometria,Sistemas de Medidas Angulares,83,True
364,Trigonometria,Sistemas de Medidas Angulares,Trigonometria,Sistemas de Medidas Angulares,83,True
365,Trigonometria,Sistemas de Medidas Angulares,Trigonometria,Sistemas de Medidas Angulares,83,True
366,Trigonometria,Sistemas de Medidas Angulares,Trigonometria,Sistemas de Medidas Angulares,83,True
367,Trigonometria,Sistemas de Medidas Angulares,Trigonometria,Sistemas de Medidas Angulares,83,True
368,Trigonometria,Angulo Trigonometrico,Trigonometria,Angulo Trigonometrico,65,True
369,Trigonometria,Angulo Trigonometrico,Trigonometria,Angulo Trigonometrico,65,True
370,Trigonometria,Sistemas de Medidas Angulares,Trigonometria,Sistemas de Medidas Angulares,83,True
371,Trigonometria,Sistemas de Medidas Angulares,Trigonometria,Sistemas de Medidas Angulares,83,True
372,Trigonometria,Sistemas de Medidas Angulares,Trigonometria,Sistemas de Medidas Angulares,83,True
373,Trigonometria,Sistemas de Medidas Angulares,Trigonometria,Sistemas de Medidas Angulares,83,True
374,Trigonometria,Angulo Trigonometrico,Trigonometria,Angulo Trigonometrico,65,True
375,Trigonometria,Sistemas de Medidas Angulares,Trigonometria,Sistemas de Medidas Angulares,83,True
376,Trigonometria,Sistemas de Medidas Angulares,Trigonometria,Sistemas de Medidas Angulares,83,True
377,Trigonometria,Sistemas de Medidas Angulares,Trigonometria,Sistemas de Medidas Angulares,83,True
378,Trigonometria,Sistemas de Medidas Angulares,Trigonometria,Sistemas de Medidas Angulares,83,True
379,Trigonometria,Sistemas de Medidas Angulares,Trigonometria,Sistemas de Medidas Angulares,83,True
380,Trigonometria,Sistemas de Medidas Angulares,Trigonometria,Sistemas de Medidas Angulares,83,True
381,Trigonometria,Sistemas de Medidas Angulares,Trigonometria,Sistemas de Medidas Angulares,83,True
382,Trigonometria,Sistemas de Medidas Angulares,Trigonometria,Sistemas de Medidas Angulares,83,True
383,Trigonometria,Sistemas de Medidas Angulares,Trigonometria,Sistemas de Medidas Angulares,83,True
384,Trigonometria,Sistemas de Medidas Angulares,Trigonometria,Sistemas de Medidas Angulares,83,True
385,Trigonometria,Sistemas de Medidas Angulares,Trigonometria,Sistemas de Medidas Angulares,83,True
386,Trigonometria,Sistemas de Medidas Angulares,Trigonometria,Sistemas de Medidas Angulares,83,True
387,Trigonometria,Angulo Trigonometrico,Trigonometria,Angulo Trigonometrico,65,True
388,Trigonometria,Sistemas de Medidas Angulares,Trigonometria,Sistemas de Medidas Angulares,83,True
389,Trigonometria,Sistemas de Medidas Angulares,Trigonometria,Sistemas de Medidas Angulares,83,True
390,Trigonometria,Sistemas de Medidas Angulares,Trigonometria,Sistemas de Medidas Angulares,83,True
391,Trigonometria,Sistemas de Medidas Angulares,Trigonometria,Sistemas de Medidas Angulares,83,True
392,Trigonometria,Sistemas de Medidas Angulares,Trigonometria,Sistemas de Medidas Angulares,83,True
393,Trigonometria,Sistemas de Medidas Angulares,Trigonometria,Sistemas de Medidas Angulares,83,True
394,Trigonometria,Sistemas de Medidas Angulares,Trigonometria,Sistemas de Medidas Angulares,83,True
395,Trigonometria,Sistemas de Medidas Angulares,Trigonometria,Sistemas de Medidas Angulares,83,True
396,Trigonometria,Sistemas de Medidas Angulares,Trigonometria,Sistemas de Medidas Angulares,83,True
397,Trigonometria,Sistemas de Medidas Angulares,Trigonometria,Sistemas de Medidas Angulares,83,True
398,Trigonometria,Sistemas de Medidas Angulares,Trigonometria,Sistemas de Medidas Angulares,83,True
399,Trigonometria,Sistemas de Medidas Angulares,Trigonometria,Sistemas de Medidas Angulares,83,True
400,Trigonometria,Sistemas de Medidas Angulares,Trigonometria,Sistemas de Medidas Angulares,83,True
401,Trigonometria,Sistemas de Medidas Angulares,Trigonometria,Sistemas de Medidas Angulares,83,True
402,Trigonometria,Sistemas de Medidas Angulares,Trigonometria,Sistemas de Medidas Angulares,83,True
403,Trigonometria,Sistemas de Medidas Angulares,Trigonometria,Sistemas de Medidas Angulares,83,True
404,Trigonometria,Longitud de Arco,Trigonometria,Longitud de Arco,77,True
405,Trigonometria,Longitud de Arco,Trigonometria,Longitud de Arco,77,True
406,Trigonometria,Longitud de Arco,Trigonometria,Longitud de Arco,77,True
407,Trigonometria,Sector Circular,Trigonometria,Sector Circular,82,True
408,Trigonometria,Sector Circular,Trigonometria,Sector Circular,82,True
409,Trigonometria,Longitud de Arco,Trigonometria,Longitud de Arco,77,True
410,Trigonometria,Longitud de Arco,Trigonometria,Longitud de Arco,77,True
411,Trigonometria,Longitud de Arco,Trigonometria,Longitud de Arco,77,True
412,Trigonometria,Longitud de Arco,Trigonometria,Longitud de Arco,77,True
413,Trigonometria,Longitud de Arco,Trigonometria,Longitud de Arco,77,True
414,Trigonometria,Sector Circular,Trigonometria,Sector Circular,82,True
415,Trigonometria,Sector Circular,Trigonometria,Sector Circular,82,True
416,Trigonometria,Sector Circular,Trigonometria,Sector Circular,82,True
417,Trigonometria,Sector Circular,Trigonometria,Sector Circular,82,True
418,Trigonometria,Sector Circular,Trigonometria,Sector Circular,82,True
419,Trigonometria,Sector Circular,Trigonometria,Sector Circular,82,True
420,Trigonometria,Sector Circular,Trigonometria,Sector Circular,82,True
421,Trigonometria,Longitud de Arco,Trigonometria,Longitud de Arco,77,True
422,Trigonometria,Sector Circular,Trigonometria,Sector Circular,82,True
423,Trigonometria,Longitud de Arco,Trigonometria,Longitud de Arco,77,True
424,Trigonometria,Sector Circular,Trigonometria,Sector Circular,82,True
425,Trigonometria,Sector Circular,Trigonometria,Sector Circular,82,True
426,Trigonometria,Sector Circular,Trigonometria,Sector Circular,82,True
427,Trigonometria,Sector Circular,Trigonometria,Sector Circular,82,True
428,Trigonometria,Sector Circular,Trigonometria,Sector Circular,82,True
429,Trigonometria,Sector Circular,Trigonometria,Sector Circular,82,True
430,Trigonometria,Sector Circular,Trigonometria,Sector Circular,82,True
431,Trigonometria,Sector Circular,Trigonometria,Sector Circular,82,True
432,Trigonometria,Sector Circular,Trigonometria,Sector Circular,82,True
433,Trigonometria,Sector Circular,Trigonometria,Sector Circular,82,True
434,Trigonometria,Sector Circular,Trigonometria,Sector Circular,82,True
435,Trigonometria,Longitud de Arco,Trigonometria,Longitud de Arco,77,True
436,Trigonometria,Sector Circular,Trigonometria,Sector Circular,82,True
437,Trigonometria,Longitud de Arco,Trigonometria,Longitud de Arco,77,True
438,Trigonometria,Sector Circular,Trigonometria,Sector Circular,82,True
439,Trigonometria,Longitud de Arco,Trigonometria,Longitud de Arco,77,True
440,Trigonometria,Longitud de Arco,Trigonometria,Longitud de Arco,77,True
441,Trigonometria,Sector Circular,Trigonometria,Sector Circular,82,True
442,Trigonometria,Sector Circular,Trigonometria,Sector Circular,82,True
443,Trigonometria,Sector Circular,Trigonometria,Sector Circular,82,True
444,Trigonometria,Longitud de Arco,Trigonometria,Longitud de Arco,77,True
445,Trigonometria,Longitud de Arco,Trigonometria,Longitud de Arco,77,True
446,Trigonometria,Longitud de Arco,Trigonometria,Longitud de Arco,77,True
447,Trigonometria,Sector Circular,Trigonometria,Sector Circular,82,True
448,Trigonometria,Sector Circular,Trigonometria,Sector Circular,82,True
449,Trigonometria,Sector Circular,Trigonometria,Sector Circular,82,True
450,Trigonometria,Sector Circular,Trigonometria,Sector Circular,82,True
451,Trigonometria,Longitud de Arco,Trigonometria,Longitud de Arco,77,True
452,Trigonometria,Longitud de Arco,Trigonometria,Longitud de Arco,77,True
453,Trigonometria,Longitud de Arco,Trigonometria,Longitud de Arco,77,True
454,Trigonometria,Longitud de Arco,Trigonometria,Longitud de Arco,77,True
455,Trigonometria,Longitud de Arco,Trigonometria,Longitud de Arco,77,True
456,Trigonometria,Longitud de Arco,Trigonometria,Longitud de Arco,77,True
457,Trigonometria,Sector Circular,Trigonometria,Sector Circular,82,True
458,Trigonometria,Sector Circular,Trigonometria,Sector Circular,82,True
459,Trigonometria,Sector Circular,Trigonometria,Sector Circular,82,True
460,Trigonometria,Sector Circular,Trigonometria,Sector Circular,82,True
461,Trigonometria,Longitud de Arco,Trigonometria,Longitud de Arco,77,True
462,Trigonometria,Sector Circular,Trigonometria,Sector Circular,82,True
463,Trigonometria,Longitud de Arco,Trigonometria,Longitud de Arco,77,True
464,Trigonometria,Longitud de Arco,Trigonometria,Longitud de Arco,77,True
465,Trigonometria,Longitud de Arco,Trigonometria,Longitud de Arco,77,True
466,Trigonometria,Sector Circular,Trigonometria,Sector Circular,82,True
467,Trigonometria,Longitud de Arco,Trigonometria,Longitud de Arco,77,True
468,Trigonometria,Sector Circular,Trigonometria,Sector Circular,82,True
469,Trigonometria,Longitud de Arco,Trigonometria,Longitud de Arco,77,True
470,Trigonometria,Longitud de Arco,Trigonometria,Longitud de Arco,77,True
471,Trigonometria,Sector Circular,Trigonometria,Sector Circular,82,True
472,Trigonometria,Longitud de Arco,Trigonometria,Longitud de Arco,77,True
473,Trigonometria,Longitud de Arco,Trigonometria,Longitud de Arco,77,True
474,Trigonometria,Longitud de Arco,Trigonometria,Longitud de Arco,77,True
475,Trigonometria,Sector Circular,Trigonometria,Sector Circular,82,True
476,Trigonometria,Longitud de Arco,Trigonometria,Longitud de Arco,77,True
477,Trigonometria,Longitud de Arco,Trigonometria,Longitud de Arco,77,True
478,Trigonometria,Longitud de Arco,Trigonometria,Longitud de Arco,77,True
479,Trigonometria,Sector Circular,Trigonometria,Sector Circular,82,True
480,Trigonometria,Longitud de Arco,Trigonometria,Longitud de Arco,77,True
481,Trigonometria,Sector Circular,Trigonometria,Sector Circular,82,True
482,Trigonometria,Longitud de Arco,Trigonometria,Longitud de Arco,77,True
483,Trigonometria,Sector Circular,Trigonometria,Sector Circular,82,True
484,Trigonometria,Longitud de Arco,Trigonometria,Longitud de Arco,77,True
485,Trigonometria,Sector Circular,Trigonometria,Sector Circular,82,True
486,Trigonometria,Longitud de Arco,Trigonometria,Longitud de Arco,77,True
487,Trigonometria,Sector Circular,Trigonometria,Sector Circular,82,True
488,Trigonometria,Longitud de Arco,Trigonometria,Longitud de Arco,77,True
489,Trigonometria,Longitud de Arco,Trigonometria,Longitud de Arco,77,True
490,Trigonometria,Longitud de Arco,Trigonometria,Longitud de Arco,77,True
491,Trigonometria,Longitud de Arco,Trigonometria,Longitud de Arco,77,True
492,Trigonometria,Sector Circular,Trigonometria,Sector Circular,82,True
493,Trigonometria,Longitud de Arco,Trigonometria,Longitud de Arco,77,True
494,Trigonometria,Longitud de Arco,Trigonometria,Longitud de Arco,77,True
495,Trigonometria,Sector Circular,Trigonometria,Sector Circular,82,True
496,Trigonometria,Longitud de Arco,Trigonometria,Longitud de Arco,77,True
497,Trigonometria,Sector Circular,Trigonometria,Sector Circular,82,True
498,Trigonometria,Longitud de Arco,Trigonometria,Longitud de Arco,77,True
499,Trigonometria,Sector Circular,Trigonometria,Sector Circular,82,True
500,Trigonometria,Sector Circular,Trigonometria,Sector Circular,82,True
501,Trigonometria,Longitud de Arco,Trigonometria,Longitud de Arco,77,True
502,Trigonometria,Longitud de Arco,Trigonometria,Longitud de Arco,77,True
503,Trigonometria,Longitud de Arco,Trigonometria,Longitud de Arco,77,True
504,Trigonometria,Sector Circular,Trigonometria,Sector Circular,82,True
505,Trigonometria,Sector Circular,Trigonometria,Sector Circular,82,True
506,Trigonometria,Longitud de Arco,Trigonometria,Longitud de Arco,77,True
507,Trigonometria,Longitud de Arco,Trigonometria,Longitud de Arco,77,True
508,Trigonometria,Longitud de Arco,Trigonometria,Longitud de Arco,77,True
509,Trigonometria,Longitud de Arco,Trigonometria,Longitud de Arco,77,True
510,Trigonometria,Longitud de Arco,Trigonometria,Longitud de Arco,77,True
511,Trigonometria,Longitud de Arco,Trigonometria,Longitud de Arco,77,True
512,Trigonometria,Longitud de Arco,Trigonometria,Longitud de Arco,77,True
513,Trigonometria,Longitud de Arco,Trigonometria,Longitud de Arco,77,True
514,Trigonometria,Longitud de Arco,Trigonometria,Longitud de Arco,77,True
515,Trigonometria,Longitud de Arco,Trigonometria,Longitud de Arco,77,True
516,Trigonometria,Sector Circular,Trigonometria,Sector Circular,82,True
517,Trigonometria,Longitud de Arco,Trigonometria,Longitud de Arco,77,True
518,Trigonometria,Longitud de Arco,Trigonometria,Longitud de Arco,77,True
519,Trigonometria,Sector Circular,Trigonometria,Sector Circular,82,True
520,Trigonometria,Longitud de Arco,Trigonometria,Longitud de Arco,77,True
521,Trigonometria,Longitud de Arco,Trigonometria,Longitud de Arco,77,True
522,Trigonometria,Longitud de Arco,Trigonometria,Longitud de Arco,77,True
523,Trigonometria,Longitud de Arco,Trigonometria,Longitud de Arco,77,True
524,Trigonometria,Longitud de Arco,Trigonometria,Longitud de Arco,77,True
525,Trigonometria,Longitud de Arco,Trigonometria,Longitud de Arco,77,True
526,Trigonometria,Longitud de Arco,Trigonometria,Longitud de Arco,77,True
527,Trigonometria,Longitud de Arco,Trigonometria,Longitud de Arco,77,True
528,Trigonometria,Sector Circular,Trigonometria,Sector Circular,82,True
529,Trigonometria,Longitud de Arco,Trigonometria,Longitud de Arco,77,True
530,Trigonometria,Longitud de Arco,Trigonometria,Longitud de Arco,77,True
531,Trigonometria,Longitud de Arco,Trigonometria,Longitud de Arco,77,True
532,Trigonometria,Longitud de Arco,Trigonometria,Longitud de Arco,77,True
533,Trigonometria,Sector Circular,Trigonometria,Sector Circular,82,True
534,Trigonometria,Longitud de Arco,Trigonometria,Longitud de Arco,77,True
535,Trigonometria,Longitud de Arco,Trigonometria,Longitud de Arco,77,True
536,Trigonometria,Sector Circular,Trigonometria,Sector Circular,82,True
537,Trigonometria,Sector Circular,Trigonometria,Sector Circular,82,True
538,Trigonometria,Sector Circular,Trigonometria,Sector Circular,82,True
539,Trigonometria,Longitud de Arco,Trigonometria,Longitud de Arco,77,True
540,Trigonometria,Sector Circular,Trigonometria,Sector Circular,82,True
541,Trigonometria,Longitud de Arco,Trigonometria,Longitud de Arco,77,True
542,Trigonometria,Sector Circular,Trigonometria,Sector Circular,82,True
543,Trigonometria,Longitud de Arco,Trigonometria,Longitud de Arco,77,True
544,Trigonometria,Longitud de Arco,Trigonometria,Longitud de Arco,77,True
545,Trigonometria,Longitud de Arco,Trigonometria,Longitud de Arco,77,True
546,Trigonometria,Longitud de Arco,Trigonometria,Longitud de Arco,77,True
547,Trigonometria,Longitud de Arco,Trigonometria,Longitud de Arco,77,True
548,Trigonometria,Longitud de Arco,Trigonometria,Longitud de Arco,77,True
549,Trigonometria,Longitud de Arco,Trigonometria,Longitud de Arco,77,True
550,Trigonometria,Longitud de Arco,Trigonometria,Longitud de Arco,77,True
551,Trigonometria,Longitud de Arco,Trigonometria,Longitud de Arco,77,True
552,Trigonometria,Longitud de Arco,Trigonometria,Longitud de Arco,77,True
553,Trigonometria,Longitud de Arco,Trigonometria,Longitud de Arco,77,True
554,Trigonometria,Longitud de Arco,Trigonometria,Longitud de Arco,77,True
555,Trigonometria,Longitud de Arco,Trigonometria,Longitud de Arco,77,True
556,Trigonometria,Longitud de Arco,Trigonometria,Longitud de Arco,77,True
557,Trigonometria,Sector Circular,Trigonometria,Sector Circular,82,True
558,Trigonometria,Longitud de Arco,Trigonometria,Longitud de Arco,77,True
559,Trigonometria,Sector Circular,Trigonometria,Sector Circular,82,True
560,Trigonometria,Sector Circular,Trigonometria,Sector Circular,82,True
561,Trigonometria,Sector Circular,Trigonometria,Sector Circular,82,True
562,Trigonometria,Longitud de Arco,Trigonometria,Longitud de Arco,77,True
563,Trigonometria,Longitud de Arco,Trigonometria,Longitud de Arco,77,True
564,Trigonometria,Longitud de Arco,Trigonometria,Longitud de Arco,77,True
565,Trigonometria,Sector Circular,Trigonometria,Sector Circular,82,True
566,Trigonometria,Sector Circular,Trigonometria,Sector Circular,82,True
567,Trigonometria,Longitud de Arco,Trigonometria,Longitud de Arco,77,True
568,Trigonometria,Longitud de Arco,Trigonometria,Longitud de Arco,77,True
569,Trigonometria,Sector Circular,Trigonometria,Sector Circular,82,True
570,Trigonometria,Longitud de Arco,Trigonometria,Longitud de Arco,77,True
571,Trigonometria,Longitud de Arco,Trigonometria,Longitud de Arco,77,True
572,Trigonometria,Sector Circular,Trigonometria,Sector Circular,82,True
573,Trigonometria,Longitud de Arco,Trigonometria,Longitud de Arco,77,True
574,Trigonometria,Longitud de Arco,Trigonometria,Longitud de Arco,77,True
575,Trigonometria,Sector Circular,Trigonometria,Sector Circular,82,True
576,Trigonometria,Longitud de Arco,Trigonometria,Longitud de Arco,77,True
577,Trigonometria,Sector Circular,Trigonometria,Sector Circular,82,True
578,Trigonometria,Sector Circular,Trigonometria,Sector Circular,82,True
579,Trigonometria,Sector Circular,Trigonometria,Sector Circular,82,True
580,Trigonometria,Longitud de Arco,Trigonometria,Longitud de Arco,77,True
581,Trigonometria,Longitud de Arco,Trigonometria,Longitud de Arco,77,True
582,Trigonometria,Sector Circular,Trigonometria,Sector Circular,82,True
583,Trigonometria,Sector Circular,Trigonometria,Sector Circular,82,True
584,Trigonometria,Sector Circular,Trigonometria,Sector Circular,82,True
585,Trigonometria,Sector Circular,Trigonometria,Sector Circular,82,True
586,Trigonometria,Longitud de Arco,Trigonometria,Longitud de Arco,77,True
587,Trigonometria,Longitud de Arco,Trigonometria,Longitud de Arco,77,True
588,Trigonometria,Longitud de Arco,Trigonometria,Longitud de Arco,77,True
589,Trigonometria,Longitud de Arco,Trigonometria,Longitud de Arco,77,True
590,Trigonometria,Longitud de Arco,Trigonometria,Longitud de Arco,77,True
591,Trigonometria,Longitud de Arco,Trigonometria,Longitud de Arco,77,True
592,Trigonometria,Longitud de Arco,Trigonometria,Longitud de Arco,77,True
593,Trigonometria,Longitud de Arco,Trigonometria,Longitud de Arco,77,True
594,Trigonometria,Longitud de Arco,Trigonometria,Longitud de Arco,77,True
595,Trigonometria,Longitud de Arco,Trigonometria,Longitud de Arco,77,True
596,Trigonometria,Longitud de Arco,Trigonometria,Longitud de Arco,77,True
597,Trigonometria,Sector Circular,Trigonometria,Sector Circular,82,True
598,Trigonometria,Longitud de Arco,Trigonometria,Longitud de Arco,77,True
599,Trigonometria,Longitud de Arco,Trigonometria,Longitud de Arco,77,True
600,Trigonometria,Longitud de Arco,Trigonometria,Longitud de Arco,77,True
601,Trigonometria,Longitud de Arco,Trigonometria,Longitud de Arco,77,True
602,Trigonometria,Longitud de Arco,Trigonometria,Longitud de Arco,77,True
603,Trigonometria,Longitud de Arco,Trigonometria,Longitud de Arco,77,True
604,Trigonometria,Razones Trigonometricas de Angulos Agudos,Trigonometria,Razones Trigonometricas de Angulos Agudos,78,True
605,Trigonometria,Razones Trigonometricas de Angulos Agudos,Trigonometria,Razones Trigonometricas de Angulos Agudos,78,True
606,Trigonometria,Razones Trigonometricas de Angulos Agudos,Trigonometria,Razones Trigonometricas de Angulos Agudos,78,True
607,Trigonometria,Razones Trigonometricas de Angulos Agudos,Trigonometria,Razones Trigonometricas de Angulos Agudos,78,True
608,Trigonometria,Razones Trigonometricas de Angulos Agudos,Trigonometria,Razones Trigonometricas de Angulos Agudos,78,True
609,Trigonometria,Razones Trigonometricas de Angulos Agudos,Trigonometria,Razones Trigonometricas de Angulos Agudos,78,True
610,Trigonometria,Razones Trigonometricas de Angulos Agudos,Trigonometria,Razones Trigonometricas de Angulos Agudos,78,True
611,Trigonometria,Razones Trigonometricas de Angulos Agudos,Trigonometria,Razones Trigonometricas de Angulos Agudos,78,True
612,Trigonometria,Razones Trigonometricas de Angulos Agudos,Trigonometria,Razones Trigonometricas de Angulos Agudos,78,True
613,Trigonometria,Razones Trigonometricas de Angulos Agudos,Trigonometria,Razones Trigonometricas de Angulos Agudos,78,True
614,Trigonometria,Razones Trigonometricas de Angulos Agudos,Trigonometria,Razones Trigonometricas de Angulos Agudos,78,True
615,Trigonometria,Razones Trigonometricas de Angulos Agudos,Trigonometria,Razones Trigonometricas de Angulos Agudos,78,True
616,Trigonometria,Razones Trigonometricas de Angulos Agudos,Trigonometria,Razones Trigonometricas de Angulos Agudos,78,True
617,Trigonometria,Razones Trigonometricas de Angulos Agudos,Trigonometria,Razones Trigonometricas de Angulos Agudos,78,True
618,Trigonometria,Razones Trigonometricas de Angulos Agudos,Trigonometria,Razones Trigonometricas de Angulos Agudos,78,True
619,Trigonometria,Razones Trigonometricas de Angulos Agudos,Trigonometria,Razones Trigonometricas de Angulos Agudos,78,True
620,Trigonometria,Razones Trigonometricas de Angulos Agudos,Trigonometria,Razones Trigonometricas de Angulos Agudos,78,True
621,Trigonometria,Razones Trigonometricas de Angulos Agudos,Trigonometria,Razones Trigonometricas de Angulos Agudos,78,True
622,Trigonometria,Razones Trigonometricas de Angulos Agudos,Trigonometria,Razones Trigonometricas de Angulos Agudos,78,True
623,Trigonometria,Razones Trigonometricas de Angulos Agudos,Trigonometria,Razones Trigonometricas de Angulos Agudos,78,True
624,Trigonometria,Razones Trigonometricas de Angulos Agudos,Trigonometria,Razones Trigonometricas de Angulos Agudos,78,True
625,Trigonometria,Razones Trigonometricas de Angulos Agudos,Trigonometria,Razones Trigonometricas de Angulos Agudos,78,True
626,Trigonometria,Razones Trigonometricas de Angulos Agudos,Trigonometria,Razones Trigonometricas de Angulos Agudos,78,True
627,Trigonometria,Razones Trigonometricas de Angulos Agudos,Trigonometria,Razones Trigonometricas de Angulos Agudos,78,True
628,Trigonometria,Razones Trigonometricas de Angulos Agudos,Trigonometria,Razones Trigonometricas de Angulos Agudos,78,True
629,Trigonometria,Razones Trigonometricas de Angulos Agudos,Trigonometria,Razones Trigonometricas de Angulos Agudos,78,True
630,Trigonometria,Razones Trigonometricas de Angulos Agudos,Trigonometria,Razones Trigonometricas de Angulos Agudos,78,True
631,Trigonometria,Razones Trigonometricas de Angulos Agudos,Trigonometria,Razones Trigonometricas de Angulos Agudos,78,True
632,Trigonometria,Razones Trigonometricas de Angulos Agudos,Trigonometria,Razones Trigonometricas de Angulos Agudos,78,True
633,Trigonometria,Razones Trigonometricas de Angulos Agudos,Trigonometria,Razones Trigonometricas de Angulos Agudos,78,True
634,Trigonometria,Razones Trigonometricas de Angulos Agudos,Trigonometria,Razones Trigonometricas de Angulos Agudos,78,True
635,Trigonometria,Razones Trigonometricas de Angulos Agudos,Trigonometria,Razones Trigonometricas de Angulos Agudos,78,True
636,Trigonometria,Razones Trigonometricas de Angulos Agudos,Trigonometria,Razones Trigonometricas de Angulos Agudos,78,True
637,Trigonometria,Razones Trigonometricas de Angulos Agudos,Trigonometria,Razones Trigonometricas de Angulos Agudos,78,True
638,Trigonometria,Razones Trigonometricas de Angulos Agudos,Trigonometria,Razones Trigonometricas de Angulos Agudos,78,True
639,Trigonometria,Razones Trigonometricas de Angulos Agudos,Trigonometria,Razones Trigonometricas de Angulos Agudos,78,True
640,Trigonometria,Angulos Verticales y Horizontales,Trigonometria,Angulos Verticales y Horizontales,66,True
641,Trigonometria,Angulos Verticales y Horizontales,Trigonometria,Angulos Verticales y Horizontales,66,True
642,Trigonometria,Angulos Verticales y Horizontales,Trigonometria,Angulos Verticales y Horizontales,66,True
643,Trigonometria,Angulos Verticales y Horizontales,Trigonometria,Angulos Verticales y Horizontales,66,True
644,Trigonometria,Angulos Verticales y Horizontales,Trigonometria,Angulos Verticales y Horizontales,66,True
645,Trigonometria,Angulos Verticales y Horizontales,Trigonometria,Angulos Verticales y Horizontales,66,True
646,Trigonometria,Angulos Verticales y Horizontales,Trigonometria,Angulos Verticales y Horizontales,66,True
647,Trigonometria,Angulos Verticales y Horizontales,Trigonometria,Angulos Verticales y Horizontales,66,True
648,Trigonometria,Angulos Verticales y Horizontales,Trigonometria,Angulos Verticales y Horizontales,66,True
649,Trigonometria,Angulos Verticales y Horizontales,Trigonometria,Angulos Verticales y Horizontales,66,True
650,Trigonometria,Angulos Verticales y Horizontales,Trigonometria,Angulos Verticales y Horizontales,66,True
651,Trigonometria,Angulos Verticales y Horizontales,Trigonometria,Angulos Verticales y Horizontales,66,True
652,Trigonometria,Rosa Nautica,Trigonometria,Rosa Nautica,81,True
653,Trigonometria,Rosa Nautica,Trigonometria,Rosa Nautica,81,True
654,Trigonometria,Angulos Verticales y Horizontales,Trigonometria,Angulos Verticales y Horizontales,66,True
655,Trigonometria,Rosa Nautica,Trigonometria,Rosa Nautica,81,True
656,Trigonometria,Rosa Nautica,Trigonometria,Rosa Nautica,81,True
657,Trigonometria,Rosa Nautica,Trigonometria,Rosa Nautica,81,True
658,Trigonometria,Rosa Nautica,Trigonometria,Rosa Nautica,81,True
659,Trigonometria,Rosa Nautica,Trigonometria,Rosa Nautica,81,True
660,Trigonometria,Rosa Nautica,Trigonometria,Rosa Nautica,81,True
661,Trigonometria,Angulos Verticales y Horizontales,Trigonometria,Angulos Verticales y Horizontales,66,True
662,Trigonometria,Rosa Nautica,Trigonometria,Rosa Nautica,81,True
663,Trigonometria,Angulos Verticales y Horizontales,Trigonometria,Angulos Verticales y Horizontales,66,True
664,Trigonometria,Razones Trigonometricas de Angulos Agudos,Trigonometria,Razones Trigonometricas de Angulos Agudos,78,True
665,Trigonometria,Razones Trigonometricas de Angulos Agudos,Trigonometria,Razones Trigonometricas de Angulos Agudos,78,True
666,Trigonometria,Razones Trigonometricas de Angulos Agudos,Trigonometria,Razones Trigonometricas de Angulos Agudos,78,True
667,Trigonometria,Razones Trigonometricas de Angulos Agudos,Trigonometria,Razones Trigonometricas de Angulos Agudos,78,True
668,Trigonometria,Razones Trigonometricas de Angulos Agudos,Trigonometria,Razones Trigonometricas de Angulos Agudos,78,True
669,Trigonometria,Razones Trigonometricas de Angulos Agudos,Trigonometria,Razones Trigonometricas de Angulos Agudos,78,True
670,Trigonometria,Razones Trigonometricas de Angulos Agudos,Trigonometria,Razones Trigonometricas de Angulos Agudos,78,True
671,Trigonometria,Razones Trigonometricas de Angulos Agudos,Trigonometria,Razones Trigonometricas de Angulos Agudos,78,True
672,Trigonometria,Razones Trigonometricas de Angulos Agudos,Trigonometria,Razones Trigonometricas de Angulos Agudos,78,True
673,Trigonometria,Razones Trigonometricas de Angulos Agudos,Trigonometria,Razones Trigonometricas de Angulos Agudos,78,True
674,Trigonometria,Razones Trigonometricas de Angulos Agudos,Trigonometria,Razones Trigonometricas de Angulos Agudos,78,True
675,Trigonometria,Razones Trigonometricas de Angulos Agudos,Trigonometria,Razones Trigonometricas de Angulos Agudos,78,True
676,Trigonometria,Razones Trigonometricas de Angulos Agudos,Trigonometria,Razones Trigonometricas de Angulos Agudos,78,True
677,Trigonometria,Razones Trigonometricas de Angulos Agudos,Trigonometria,Razones Trigonometricas de Angulos Agudos,78,True
678,Trigonometria,Razones Trigonometricas de Angulos Agudos,Trigonometria,Razones Trigonometricas de Angulos Agudos,78,True
679,Trigonometria,Razones Trigonometricas de Angulos Agudos,Trigonometria,Razones Trigonometricas de Angulos Agudos,78,True
680,Trigonometria,Razones Trigonometricas de Angulos Agudos,Trigonometria,Razones Trigonometricas de Angulos Agudos,78,True
681,Trigonometria,Razones Trigonometricas de Angulos Agudos,Trigonometria,Razones Trigonometricas de Angulos Agudos,78,True
682,Trigonometria,Razones Trigonometricas de Angulos Agudos,Trigonometria,Razones Trigonometricas de Angulos Agudos,78,True
683,Trigonometria,Razones Trigonometricas de Angulos Agudos,Trigonometria,Razones Trigonometricas de Angulos Agudos,78,True
684,Trigonometria,Razones Trigonometricas de Angulos Agudos,Trigonometria,Razones Trigonometricas de Angulos Agudos,78,True
685,Trigonometria,Razones Trigonometricas de Angulos Agudos,Trigonometria,Razones Trigonometricas de Angulos Agudos,78,True
686,Trigonometria,Razones Trigonometricas de Angulos Agudos,Trigonometria,Razones Trigonometricas de Angulos Agudos,78,True
687,Trigonometria,Razones Trigonometricas de Angulos Agudos,Trigonometria,Razones Trigonometricas de Angulos Agudos,78,True
688,Trigonometria,Razones Trigonometricas de Angulos Agudos,Trigonometria,Razones Trigonometricas de Angulos Agudos,78,True
689,Trigonometria,Razones Trigonometricas de Angulos Agudos,Trigonometria,Razones Trigonometricas de Angulos Agudos,78,True
690,Trigonometria,Razones Trigonometricas de Angulos Agudos,Trigonometria,Razones Trigonometricas de Angulos Agudos,78,True
691,Trigonometria,Angulos Verticales y Horizontales,Trigonometria,Angulos Verticales y Horizontales,66,True
692,Trigonometria,Angulos Verticales y Horizontales,Trigonometria,Angulos Verticales y Horizontales,66,True
693,Trigonometria,Angulos Verticales y Horizontales,Trigonometria,Angulos Verticales y Horizontales,66,True
694,Trigonometria,Angulos Verticales y Horizontales,Trigonometria,Angulos Verticales y Horizontales,66,True
695,Trigonometria,Rosa Nautica,Trigonometria,Rosa Nautica,81,True
696,Trigonometria,Angulos Verticales y Horizontales,Trigonometria,Angulos Verticales y Horizontales,66,True
697,Trigonometria,Rosa Nautica,Trigonometria,Rosa Nautica,81,True
698,Trigonometria,Angulos Verticales y Horizontales,Trigonometria,Angulos Verticales y Horizontales,66,True
699,Trigonometria,Angulos Verticales y Horizontales,Trigonometria,Angulos Verticales y Horizontales,66,True
700,Trigonometria,Rosa Nautica,Trigonometria,Rosa Nautica,81,True
701,Trigonometria,Angulos Verticales y Horizontales,Trigonometria,Angulos Verticales y Horizontales,66,True
702,Trigonometria,Rosa Nautica,Trigonometria,Rosa Nautica,81,True
703,Trigonometria,Rosa Nautica,Trigonometria,Rosa Nautica,81,True
704,Trigonometria,Razones Trigonometricas de Angulos Agudos,Trigonometria,Razones Trigonometricas de Angulos Agudos,78,True
705,Trigonometria,Razones Trigonometricas de Angulos Agudos,Trigonometria,Razones Trigonometricas de Angulos Agudos,78,True
706,Trigonometria,Razones Trigonometricas de Angulos Agudos,Trigonometria,Razones Trigonometricas de Angulos Agudos,78,True
707,Trigonometria,Razones Trigonometricas de Angulos Agudos,Trigonometria,Razones Trigonometricas de Angulos Agudos,78,True
708,Trigonometria,Razones Trigonometricas de Angulos Agudos,Trigonometria,Razones Trigonometricas de Angulos Agudos,78,True
709,Trigonometria,Razones Trigonometricas de Angulos Agudos,Trigonometria,Razones Trigonometricas de Angulos Agudos,78,True
710,Trigonometria,Razones Trigonometricas de Angulos Agudos,Trigonometria,Razones Trigonometricas de Angulos Agudos,78,True
711,Trigonometria,Razones Trigonometricas de Angulos Agudos,Trigonometria,Razones Trigonometricas de Angulos Agudos,78,True
712,Trigonometria,Razones Trigonometricas de Angulos Agudos,Trigonometria,Razones Trigonometricas de Angulos Agudos,78,True
713,Trigonometria,Razones Trigonometricas de Angulos Agudos,Trigonometria,Razones Trigonometricas de Angulos Agudos,78,True
714,Trigonometria,Razones Trigonometricas de Angulos Agudos,Trigonometria,Razones Trigonometricas de Angulos Agudos,78,True
715,Trigonometria,Razones Trigonometricas de Angulos Agudos,Trigonometria,Razones Trigonometricas de Angulos Agudos,78,True
716,Trigonometria,Razones Trigonometricas de Angulos Agudos,Trigonometria,Razones Trigonometricas de Angulos Agudos,78,True
717,Trigonometria,Razones Trigonometricas de Angulos Agudos,Trigonometria,Razones Trigonometricas de Angulos Agudos,78,True
718,Trigonometria,Razones Trigonometricas de Angulos Agudos,Trigonometria,Razones Trigonometricas de Angulos Agudos,78,True
719,Trigonometria,Razones Trigonometricas de Angulos Agudos,Trigonometria,Razones Trigonometricas de Angulos Agudos,78,True
720,Trigonometria,Razones Trigonometricas de Angulos Agudos,Trigonometria,Razones Trigonometricas de Angulos Agudos,78,True
721,Trigonometria,Razones Trigonometricas de Angulos Agudos,Trigonometria,Razones Trigonometricas de Angulos Agudos,78,True
722,Trigonometria,Razones Trigonometricas de Angulos Agudos,Trigonometria,Razones Trigonometricas de Angulos Agudos,78,True
723,Trigonometria,Razones Trigonometricas de Angulos Agudos,Trigonometria,Razones Trigonometricas de Angulos Agudos,78,True
724,Trigonometria,Razones Trigonometricas de Angulos Agudos,Trigonometria,Razones Trigonometricas de Angulos Agudos,78,True
725,Trigonometria,Razones Trigonometricas de Angulos Agudos,Trigonometria,Razones Trigonometricas de Angulos Agudos,78,True
726,Trigonometria,Razones Trigonometricas de Angulos Agudos,Trigonometria,Razones Trigonometricas de Angulos Agudos,78,True
727,Trigonometria,Razones Trigonometricas de Angulos Agudos,Trigonometria,Razones Trigonometricas de Angulos Agudos,78,True
728,Trigonometria,Razones Trigonometricas de Angulos Agudos,Trigonometria,Razones Trigonometricas de Angulos Agudos,78,True
729,Trigonometria,Razones Trigonometricas de Angulos Agudos,Trigonometria,Razones Trigonometricas de Angulos Agudos,78,True
730,Trigonometria,Razones Trigonometricas de Angulos Agudos,Trigonometria,Razones Trigonometricas de Angulos Agudos,78,True
731,Trigonometria,Razones Trigonometricas de Angulos Agudos,Trigonometria,Razones Trigonometricas de Angulos Agudos,78,True
732,Trigonometria,Razones Trigonometricas de Angulos Agudos,Trigonometria,Razones Trigonometricas de Angulos Agudos,78,True
733,Trigonometria,Razones Trigonometricas de Angulos Agudos,Trigonometria,Razones Trigonometricas de Angulos Agudos,78,True
734,Trigonometria,Razones Trigonometricas de Angulos Agudos,Trigonometria,Razones Trigonometricas de Angulos Agudos,78,True
735,Trigonometria,Razones Trigonometricas de Angulos Agudos,Trigonometria,Razones Trigonometricas de Angulos Agudos,78,True
736,Trigonometria,Razones Trigonometricas de Angulos Agudos,Trigonometria,Razones Trigonometricas de Angulos Agudos,78,True
737,Trigonometria,Razones Trigonometricas de Angulos Agudos,Trigonometria,Razones Trigonometricas de Angulos Agudos,78,True
738,Trigonometria,Razones Trigonometricas de Angulos Agudos,Trigonometria,Razones Trigonometricas de Angulos Agudos,78,True
739,Trigonometria,Razones Trigonometricas de Angulos Agudos,Trigonometria,Razones Trigonometricas de Angulos Agudos,78,True
740,Trigonometria,Razones Trigonometricas de Angulos Agudos,Trigonometria,Razones Trigonometricas de Angulos Agudos,78,True
741,Trigonometria,Razones Trigonometricas de Angulos Agudos,Trigonometria,Razones Trigonometricas de Angulos Agudos,78,True
742,Trigonometria,Razones Trigonometricas de Angulos Agudos,Trigonometria,Razones Trigonometricas de Angulos Agudos,78,True
743,Trigonometria,Razones Trigonometricas de Angulos Agudos,Trigonometria,Razones Trigonometricas de Angulos Agudos,78,True
744,Trigonometria,Razones Trigonometricas de Angulos Agudos,Trigonometria,Razones Trigonometricas de Angulos Agudos,78,True
745,Trigonometria,Razones Trigonometricas de Angulos Agudos,Trigonometria,Razones Trigonometricas de Angulos Agudos,78,True
746,Trigonometria,Razones Trigonometricas de Angulos Agudos,Trigonometria,Razones Trigonometricas de Angulos Agudos,78,True
747,Trigonometria,Angulos Verticales y Horizontales,Trigonometria,Angulos Verticales y Horizontales,66,True
748,Trigonometria,Angulos Verticales y Horizontales,Trigonometria,Angulos Verticales y Horizontales,66,True
749,Trigonometria,Angulos Verticales y Horizontales,Trigonometria,Angulos Verticales y Horizontales,66,True
750,Trigonometria,Angulos Verticales y Horizontales,Trigonometria,Angulos Verticales y Horizontales,66,True
751,Trigonometria,Angulos Verticales y Horizontales,Trigonometria,Angulos Verticales y Horizontales,66,True
752,Trigonometria,Angulos Verticales y Horizontales,Trigonometria,Angulos Verticales y Horizontales,66,True
753,Trigonometria,Angulos Verticales y Horizontales,Trigonometria,Angulos Verticales y Horizontales,66,True
754,Trigonometria,Angulos Verticales y Horizontales,Trigonometria,Angulos Verticales y Horizontales,66,True
755,Trigonometria,Angulos Verticales y Horizontales,Trigonometria,Angulos Verticales y Horizontales,66,True
756,Trigonometria,Angulos Verticales y Horizontales,Trigonometria,Angulos Verticales y Horizontales,66,True
757,Trigonometria,Rosa Nautica,Trigonometria,Rosa Nautica,81,True
758,Trigonometria,Rosa Nautica,Trigonometria,Rosa Nautica,81,True
759,Trigonometria,Rosa Nautica,Trigonometria,Rosa Nautica,81,True
760,Trigonometria,Rosa Nautica,Trigonometria,Rosa Nautica,81,True
761,Trigonometria,Rosa Nautica,Trigonometria,Rosa Nautica,81,True
762,Trigonometria,Rosa Nautica,Trigonometria,Rosa Nautica,81,True
763,Trigonometria,Rosa Nautica,Trigonometria,Rosa Nautica,81,True
764,Trigonometria,Rosa Nautica,Trigonometria,Rosa Nautica,81,True
765,Trigonometria,Razones Trigonometricas de Angulos Agudos,Trigonometria,Razones Trigonometricas de Angulos Agudos,78,True
766,Trigonometria,Razones Trigonometricas de Angulos Agudos,Trigonometria,Razones Trigonometricas de Angulos Agudos,78,True
767,Trigonometria,Razones Trigonometricas de Angulos Agudos,Trigonometria,Razones Trigonometricas de Angulos Agudos,78,True
768,Trigonometria,Razones Trigonometricas de Angulos Agudos,Trigonometria,Razones Trigonometricas de Angulos Agudos,78,True
769,Trigonometria,Razones Trigonometricas de Angulos Agudos,Trigonometria,Razones Trigonometricas de Angulos Agudos,78,True
770,Trigonometria,Razones Trigonometricas de Angulos Agudos,Trigonometria,Razones Trigonometricas de Angulos Agudos,78,True
771,Trigonometria,Razones Trigonometricas de Angulos Agudos,Trigonometria,Razones Trigonometricas de Angulos Agudos,78,True
772,Trigonometria,Razones Trigonometricas de Angulos Agudos,Trigonometria,Razones Trigonometricas de Angulos Agudos,78,True
773,Trigonometria,Razones Trigonometricas de Angulos Agudos,Trigonometria,Razones Trigonometricas de Angulos Agudos,78,True
774,Trigonometria,Razones Trigonometricas de Angulos Agudos,Trigonometria,Razones Trigonometricas de Angulos Agudos,78,True
775,Trigonometria,Razones Trigonometricas de Angulos Agudos,Trigonometria,Razones Trigonometricas de Angulos Agudos,78,True
776,Trigonometria,Razones Trigonometricas de Angulos Agudos,Trigonometria,Razones Trigonometricas de Angulos Agudos,78,True
777,Trigonometria,Razones Trigonometricas de Angulos Agudos,Trigonometria,Razones Trigonometricas de Angulos Agudos,78,True
778,Trigonometria,Razones Trigonometricas de Angulos Agudos,Trigonometria,Razones Trigonometricas de Angulos Agudos,78,True
779,Trigonometria,Razones Trigonometricas de Angulos Agudos,Trigonometria,Razones Trigonometricas de Angulos Agudos,78,True
780,Trigonometria,Razones Trigonometricas de Angulos Agudos,Trigonometria,Razones Trigonometricas de Angulos Agudos,78,True
781,Trigonometria,Razones Trigonometricas de Angulos Agudos,Trigonometria,Razones Trigonometricas de Angulos Agudos,78,True
782,Trigonometria,Razones Trigonometricas de Angulos Agudos,Trigonometria,Razones Trigonometricas de Angulos Agudos,78,True
783,Trigonometria,Razones Trigonometricas de Angulos Agudos,Trigonometria,Razones Trigonometricas de Angulos Agudos,78,True
784,Trigonometria,Razones Trigonometricas de Angulos Agudos,Trigonometria,Razones Trigonometricas de Angulos Agudos,78,True
785,Trigonometria,Razones Trigonometricas de Angulos Agudos,Trigonometria,Razones Trigonometricas de Angulos Agudos,78,True
786,Trigonometria,Razones Trigonometricas de Angulos Agudos,Trigonometria,Razones Trigonometricas de Angulos Agudos,78,True
787,Trigonometria,Angulos Verticales y Horizontales,Trigonometria,Angulos Verticales y Horizontales,66,True
788,Trigonometria,Rosa Nautica,Trigonometria,Rosa Nautica,81,True
789,Trigonometria,Rosa Nautica,Trigonometria,Rosa Nautica,81,True
790,Trigonometria,Rosa Nautica,Trigonometria,Rosa Nautica,81,True
791,Trigonometria,Angulos Verticales y Horizontales,Trigonometria,Angulos Verticales y Horizontales,66,True
792,Trigonometria,Rosa Nautica,Trigonometria,Rosa Nautica,81,True
793,Trigonometria,Rosa Nautica,Trigonometria,Rosa Nautica,81,True
794,Trigonometria,Rosa Nautica,Trigonometria,Rosa Nautica,81,True
795,Trigonometria,Rosa Nautica,Trigonometria,Rosa Nautica,81,True
796,Trigonometria,Rosa Nautica,Trigonometria,Rosa Nautica,81,True
797,Trigonometria,Angulos Verticales y Horizontales,Trigonometria,Angulos Verticales y Horizontales,66,True
798,Trigonometria,Angulos Verticales y Horizontales,Trigonometria,Angulos Verticales y Horizontales,66,True
799,Trigonometria,Rosa Nautica,Trigonometria,Rosa Nautica,81,True
800,Trigonometria,Rosa Nautica,Trigonometria,Rosa Nautica,81,True
801,Trigonometria,Angulos Verticales y Horizontales,Trigonometria,Angulos Verticales y Horizontales,66,True
802,Trigonometria,Razones Trigonometricas de Angulos Agudos,Trigonometria,Razones Trigonometricas de Angulos Agudos,78,True
803,Trigonometria,Razones Trigonometricas de Angulos Agudos,Trigonometria,Razones Trigonometricas de Angulos Agudos,78,True
804,Trigonometria,Angulos en Posicion Normal,Trigonometria,Angulos en Posicion Normal,67,True
805,Trigonometria,Angulos en Posicion Normal,Trigonometria,Angulos en Posicion Normal,67,True
806,Trigonometria,Angulos en Posicion Normal,Trigonometria,Angulos en Posicion Normal,67,True
807,Trigonometria,Angulos en Posicion Normal,Trigonometria,Angulos en Posicion Normal,67,True
808,Trigonometria,Angulos en Posicion Normal,Trigonometria,Angulos en Posicion Normal,67,True
809,Trigonometria,Angulos en Posicion Normal,Trigonometria,Angulos en Posicion Normal,67,True
810,Trigonometria,Angulos en Posicion Normal,Trigonometria,Angulos en Posicion Normal,67,True
811,Trigonometria,Angulos en Posicion Normal,Trigonometria,Angulos en Posicion Normal,67,True
812,Trigonometria,Angulos en Posicion Normal,Trigonometria,Angulos en Posicion Normal,67,True
813,Trigonometria,Angulos en Posicion Normal,Trigonometria,Angulos en Posicion Normal,67,True
814,Trigonometria,Angulos en Posicion Normal,Trigonometria,Angulos en Posicion Normal,67,True
815,Trigonometria,Angulos en Posicion Normal,Trigonometria,Angulos en Posicion Normal,67,True
816,Trigonometria,Angulos en Posicion Normal,Trigonometria,Angulos en Posicion Normal,67,True
817,Trigonometria,Angulos en Posicion Normal,Trigonometria,Angulos en Posicion Normal,67,True
818,Trigonometria,Angulos en Posicion Normal,Trigonometria,Angulos en Posicion Normal,67,True
819,Trigonometria,Angulos en Posicion Normal,Trigonometria,Angulos en Posicion Normal,67,True
820,Trigonometria,Reduccion al Primer Cuadrante,Trigonometria,Reduccion al Primer Cuadrante,79,True
821,Trigonometria,Reduccion al Primer Cuadrante,Trigonometria,Reduccion al Primer Cuadrante,79,True
822,Trigonometria,Reduccion al Primer Cuadrante,Trigonometria,Reduccion al Primer Cuadrante,79,True
823,Trigonometria,Reduccion al Primer Cuadrante,Trigonometria,Reduccion al Primer Cuadrante,79,True
824,Trigonometria,Reduccion al Primer Cuadrante,Trigonometria,Reduccion al Primer Cuadrante,79,True
825,Trigonometria,Reduccion al Primer Cuadrante,Trigonometria,Reduccion al Primer Cuadrante,79,True
826,Trigonometria,Reduccion al Primer Cuadrante,Trigonometria,Reduccion al Primer Cuadrante,79,True
827,Trigonometria,Reduccion al Primer Cuadrante,Trigonometria,Reduccion al Primer Cuadrante,79,True
828,Trigonometria,Reduccion al Primer Cuadrante,Trigonometria,Reduccion al Primer Cuadrante,79,True
829,Trigonometria,Reduccion al Primer Cuadrante,Trigonometria,Reduccion al Primer Cuadrante,79,True
830,Trigonometria,Reduccion al Primer Cuadrante,Trigonometria,Reduccion al Primer Cuadrante,79,True
831,Trigonometria,Reduccion al Primer Cuadrante,Trigonometria,Reduccion al Primer Cuadrante,79,True
832,Trigonometria,Reduccion al Primer Cuadrante,Trigonometria,Reduccion al Primer Cuadrante,79,True
833,Trigonometria,Reduccion al Primer Cuadrante,Trigonometria,Reduccion al Primer Cuadrante,79,True
834,Trigonometria,Reduccion al Primer Cuadrante,Trigonometria,Reduccion al Primer Cuadrante,79,True
835,Trigonometria,Reduccion al Primer Cuadrante,Trigonometria,Reduccion al Primer Cuadrante,79,True
836,Trigonometria,Reduccion al Primer Cuadrante,Trigonometria,Reduccion al Primer Cuadrante,79,True
837,Trigonometria,Reduccion al Primer Cuadrante,Trigonometria,Reduccion al Primer Cuadrante,79,True
838,Trigonometria,Reduccion al Primer Cuadrante,Trigonometria,Reduccion al Primer Cuadrante,79,True
839,Trigonometria,Reduccion al Primer Cuadrante,Trigonometria,Reduccion al Primer Cuadrante,79,True
840,Trigonometria,Reduccion al Primer Cuadrante,Trigonometria,Reduccion al Primer Cuadrante,79,True
841,Trigonometria,Reduccion al Primer Cuadrante,Trigonometria,Reduccion al Primer Cuadrante,79,True
842,Trigonometria,Reduccion al Primer Cuadrante,Trigonometria,Reduccion al Primer Cuadrante,79,True
843,Trigonometria,Reduccion al Primer Cuadrante,Trigonometria,Reduccion al Primer Cuadrante,79,True
844,Trigonometria,Angulos en Posicion Normal,Trigonometria,Angulos en Posicion Normal,67,True
845,Trigonometria,Reduccion al Primer Cuadrante,Trigonometria,Reduccion al Primer Cuadrante,79,True
846,Trigonometria,Angulos en Posicion Normal,Trigonometria,Angulos en Posicion Normal,67,True
847,Trigonometria,Reduccion al Primer Cuadrante,Trigonometria,Reduccion al Primer Cuadrante,79,True
848,Trigonometria,Reduccion al Primer Cuadrante,Trigonometria,Reduccion al Primer Cuadrante,79,True
849,Trigonometria,Reduccion al Primer Cuadrante,Trigonometria,Reduccion al Primer Cuadrante,79,True
850,Trigonometria,Angulos en Posicion Normal,Trigonometria,Angulos en Posicion Normal,67,True
851,Trigonometria,Reduccion al Primer Cuadrante,Trigonometria,Reduccion al Primer Cuadrante,79,True
852,Trigonometria,Angulos en Posicion Normal,Trigonometria,Angulos en Posicion Normal,67,True
853,Trigonometria,Reduccion al Primer Cuadrante,Trigonometria,Reduccion al Primer Cuadrante,79,True
854,Trigonometria,Reduccion al Primer Cuadrante,Trigonometria,Reduccion al Primer Cuadrante,79,True
855,Trigonometria,Angulos en Posicion Normal,Trigonometria,Angulos en Posicion Normal,67,True
856,Trigonometria,Reduccion al Primer Cuadrante,Trigonometria,Reduccion al Primer Cuadrante,79,True
857,Trigonometria,Reduccion al Primer Cuadrante,Trigonometria,Reduccion al Primer Cuadrante,79,True
858,Trigonometria,Reduccion al Primer Cuadrante,Trigonometria,Reduccion al Primer Cuadrante,79,True
859,Trigonometria,Reduccion al Primer Cuadrante,Trigonometria,Reduccion al Primer Cuadrante,79,True
860,Trigonometria,Reduccion al Primer Cuadrante,Trigonometria,Reduccion al Primer Cuadrante,79,True
861,Trigonometria,Reduccion al Primer Cuadrante,Trigonometria,Reduccion al Primer Cuadrante,79,True
862,Trigonometria,Reduccion al Primer Cuadrante,Trigonometria,Reduccion al Primer Cuadrante,79,True
863,Trigonometria,Angulos en Posicion Normal,Trigonometria,Angulos en Posicion Normal,67,True
864,Trigonometria,Reduccion al Primer Cuadrante,Trigonometria,Reduccion al Primer Cuadrante,79,True
865,Trigonometria,Reduccion al Primer Cuadrante,Trigonometria,Reduccion al Primer Cuadrante,79,True
866,Trigonometria,Angulos en Posicion Normal,Trigonometria,Angulos en Posicion Normal,67,True
867,Trigonometria,Angulos en Posicion Normal,Trigonometria,Angulos en Posicion Normal,67,True
868,Trigonometria,Angulos en Posicion Normal,Trigonometria,Angulos en Posicion Normal,67,True
869,Trigonometria,Angulos en Posicion Normal,Trigonometria,Angulos en Posicion Normal,67,True
870,Trigonometria,Reduccion al Primer Cuadrante,Trigonometria,Reduccion al Primer Cuadrante,79,True
871,Trigonometria,Angulos en Posicion Normal,Trigonometria,Angulos en Posicion Normal,67,True
872,Trigonometria,Reduccion al Primer Cuadrante,Trigonometria,Reduccion al Primer Cuadrante,79,True
873,Trigonometria,Reduccion al Primer Cuadrante,Trigonometria,Reduccion al Primer Cuadrante,79,True
874,Trigonometria,Reduccion al Primer Cuadrante,Trigonometria,Reduccion al Primer Cuadrante,79,True
875,Trigonometria,Reduccion al Primer Cuadrante,Trigonometria,Reduccion al Primer Cuadrante,79,True
876,Trigonometria,Angulos en Posicion Normal,Trigonometria,Angulos en Posicion Normal,67,True
877,Trigonometria,Reduccion al Primer Cuadrante,Trigonometria,Reduccion al Primer Cuadrante,79,True
878,Trigonometria,Angulos en Posicion Normal,Trigonometria,Angulos en Posicion Normal,67,True
879,Trigonometria,Angulos en Posicion Normal,Trigonometria,Angulos en Posicion Normal,67,True
880,Trigonometria,Reduccion al Primer Cuadrante,Trigonometria,Reduccion al Primer Cuadrante,79,True
881,Trigonometria,Reduccion al Primer Cuadrante,Trigonometria,Reduccion al Primer Cuadrante,79,True
882,Trigonometria,Reduccion al Primer Cuadrante,Trigonometria,Reduccion al Primer Cuadrante,79,True
883,Trigonometria,Reduccion al Primer Cuadrante,Trigonometria,Reduccion al Primer Cuadrante,79,True
884,Trigonometria,Reduccion al Primer Cuadrante,Trigonometria,Reduccion al Primer Cuadrante,79,True
885,Trigonometria,Reduccion al Primer Cuadrante,Trigonometria,Reduccion al Primer Cuadrante,79,True
886,Trigonometria,Reduccion al Primer Cuadrante,Trigonometria,Reduccion al Primer Cuadrante,79,True
887,Trigonometria,Reduccion al Primer Cuadrante,Trigonometria,Reduccion al Primer Cuadrante,79,True
888,Trigonometria,Angulos en Posicion Normal,Trigonometria,Angulos en Posicion Normal,67,True
889,Trigonometria,Angulos en Posicion Normal,Trigonometria,Angulos en Posicion Normal,67,True
890,Trigonometria,Angulos en Posicion Normal,Trigonometria,Angulos en Posicion Normal,67,True
891,Trigonometria,Reduccion al Primer Cuadrante,Trigonometria,Reduccion al Primer Cuadrante,79,True
892,Trigonometria,Reduccion al Primer Cuadrante,Trigonometria,Reduccion al Primer Cuadrante,79,True
893,Trigonometria,Reduccion al Primer Cuadrante,Trigonometria,Reduccion al Primer Cuadrante,79,True
894,Trigonometria,Angulos en Posicion Normal,Trigonometria,Angulos en Posicion Normal,67,True
895,Trigonometria,Angulos en Posicion Normal,Trigonometria,Angulos en Posicion Normal,67,True
896,Trigonometria,Angulos en Posicion Normal,Trigonometria,Angulos en Posicion Normal,67,True
897,Trigonometria,Angulos en Posicion Normal,Trigonometria,Angulos en Posicion Normal,67,True
898,Trigonometria,Reduccion al Primer Cuadrante,Trigonometria,Reduccion al Primer Cuadrante,79,True
899,Trigonometria,Reduccion al Primer Cuadrante,Trigonometria,Reduccion al Primer Cuadrante,79,True
900,Trigonometria,Reduccion al Primer Cuadrante,Trigonometria,Reduccion al Primer Cuadrante,79,True
901,Trigonometria,Angulos en Posicion Normal,Trigonometria,Angulos en Posicion Normal,67,True
902,Trigonometria,Angulos en Posicion Normal,Trigonometria,Angulos en Posicion Normal,67,True
903,Trigonometria,Angulos en Posicion Normal,Trigonometria,Angulos en Posicion Normal,67,True
904,Trigonometria,Angulos en Posicion Normal,Trigonometria,Angulos en Posicion Normal,67,True
905,Trigonometria,Angulos en Posicion Normal,Trigonometria,Angulos en Posicion Normal,67,True
906,Trigonometria,Angulos en Posicion Normal,Trigonometria,Angulos en Posicion Normal,67,True
907,Trigonometria,Angulos en Posicion Normal,Trigonometria,Angulos en Posicion Normal,67,True
908,Trigonometria,Angulos en Posicion Normal,Trigonometria,Angulos en Posicion Normal,67,True
909,Trigonometria,Reduccion al Primer Cuadrante,Trigonometria,Reduccion al Primer Cuadrante,79,True
910,Trigonometria,Reduccion al Primer Cuadrante,Trigonometria,Reduccion al Primer Cuadrante,79,True
911,Trigonometria,Reduccion al Primer Cuadrante,Trigonometria,Reduccion al Primer Cuadrante,79,True
912,Trigonometria,Reduccion al Primer Cuadrante,Trigonometria,Reduccion al Primer Cuadrante,79,True
913,Trigonometria,Reduccion al Primer Cuadrante,Trigonometria,Reduccion al Primer Cuadrante,79,True
914,Trigonometria,Angulos en Posicion Normal,Trigonometria,Angulos en Posicion Normal,67,True
915,Trigonometria,Angulos en Posicion Normal,Trigonometria,Angulos en Posicion Normal,67,True
916,Trigonometria,Angulos en Posicion Normal,Trigonometria,Angulos en Posicion Normal,67,True
917,Trigonometria,Angulos en Posicion Normal,Trigonometria,Angulos en Posicion Normal,67,True
918,Trigonometria,Angulos en Posicion Normal,Trigonometria,Angulos en Posicion Normal,67,True
919,Trigonometria,Angulos en Posicion Normal,Trigonometria,Angulos en Posicion Normal,67,True
920,Trigonometria,Angulos en Posicion Normal,Trigonometria,Angulos en Posicion Normal,67,True
921,Trigonometria,Angulos en Posicion Normal,Trigonometria,Angulos en Posicion Normal,67,True
922,Trigonometria,Angulos en Posicion Normal,Trigonometria,Angulos en Posicion Normal,67,True
923,Trigonometria,Angulos en Posicion Normal,Trigonometria,Angulos en Posicion Normal,67,True
924,Trigonometria,Angulos en Posicion Normal,Trigonometria,Angulos en Posicion Normal,67,True
925,Trigonometria,Angulos en Posicion Normal,Trigonometria,Angulos en Posicion Normal,67,True
926,Trigonometria,Angulos en Posicion Normal,Trigonometria,Angulos en Posicion Normal,67,True
927,Trigonometria,Angulos en Posicion Normal,Trigonometria,Angulos en Posicion Normal,67,True
928,Trigonometria,Angulos en Posicion Normal,Trigonometria,Angulos en Posicion Normal,67,True
929,Trigonometria,Angulos en Posicion Normal,Trigonometria,Angulos en Posicion Normal,67,True
930,Trigonometria,Angulos en Posicion Normal,Trigonometria,Angulos en Posicion Normal,67,True
931,Trigonometria,Angulos en Posicion Normal,Trigonometria,Angulos en Posicion Normal,67,True
932,Trigonometria,Angulos en Posicion Normal,Trigonometria,Angulos en Posicion Normal,67,True
933,Trigonometria,Angulos en Posicion Normal,Trigonometria,Angulos en Posicion Normal,67,True
934,Trigonometria,Angulos en Posicion Normal,Trigonometria,Angulos en Posicion Normal,67,True
935,Trigonometria,Reduccion al Primer Cuadrante,Trigonometria,Reduccion al Primer Cuadrante,79,True
936,Trigonometria,Reduccion al Primer Cuadrante,Trigonometria,Reduccion al Primer Cuadrante,79,True
937,Trigonometria,Angulos en Posicion Normal,Trigonometria,Angulos en Posicion Normal,67,True
938,Trigonometria,Reduccion al Primer Cuadrante,Trigonometria,Reduccion al Primer Cuadrante,79,True
939,Trigonometria,Reduccion al Primer Cuadrante,Trigonometria,Reduccion al Primer Cuadrante,79,True
940,Trigonometria,Reduccion al Primer Cuadrante,Trigonometria,Reduccion al Primer Cuadrante,79,True
941,Trigonometria,Reduccion al Primer Cuadrante,Trigonometria,Reduccion al Primer Cuadrante,79,True
942,Trigonometria,Reduccion al Primer Cuadrante,Trigonometria,Reduccion al Primer Cuadrante,79,True
943,Trigonometria,Reduccion al Primer Cuadrante,Trigonometria,Reduccion al Primer Cuadrante,79,True
944,Trigonometria,Reduccion al Primer Cuadrante,Trigonometria,Reduccion al Primer Cuadrante,79,True
945,Trigonometria,Reduccion al Primer Cuadrante,Trigonometria,Reduccion al Primer Cuadrante,79,True
946,Trigonometria,Reduccion al Primer Cuadrante,Trigonometria,Reduccion al Primer Cuadrante,79,True
947,Trigonometria,Angulos en Posicion Normal,Trigonometria,Angulos en Posicion Normal,67,True
948,Trigonometria,Angulos en Posicion Normal,Trigonometria,Angulos en Posicion Normal,67,True
949,Trigonometria,Reduccion al Primer Cuadrante,Trigonometria,Reduccion al Primer Cuadrante,79,True
950,Trigonometria,Angulos en Posicion Normal,Trigonometria,Angulos en Posicion Normal,67,True
951,Trigonometria,Reduccion al Primer Cuadrante,Trigonometria,Reduccion al Primer Cuadrante,79,True
952,Trigonometria,Reduccion al Primer Cuadrante,Trigonometria,Reduccion al Primer Cuadrante,79,True
953,Trigonometria,Reduccion al Primer Cuadrante,Trigonometria,Reduccion al Primer Cuadrante,79,True
954,Trigonometria,Reduccion al Primer Cuadrante,Trigonometria,Reduccion al Primer Cuadrante,79,True
955,Trigonometria,Reduccion al Primer Cuadrante,Trigonometria,Reduccion al Primer Cuadrante,79,True
956,Trigonometria,Angulos en Posicion Normal,Trigonometria,Angulos en Posicion Normal,67,True
957,Trigonometria,Angulos en Posicion Normal,Trigonometria,Angulos en Posicion Normal,67,True
958,Trigonometria,Angulos en Posicion Normal,Trigonometria,Angulos en Posicion Normal,67,True
959,Trigonometria,Angulos en Posicion Normal,Trigonometria,Angulos en Posicion Normal,67,True
960,Trigonometria,Reduccion al Primer Cuadrante,Trigonometria,Reduccion al Primer Cuadrante,79,True
961,Trigonometria,Angulos en Posicion Normal,Trigonometria,Angulos en Posicion Normal,67,True
962,Trigonometria,Angulos en Posicion Normal,Trigonometria,Angulos en Posicion Normal,67,True
963,Trigonometria,Reduccion al Primer Cuadrante,Trigonometria,Reduccion al Primer Cuadrante,79,True
964,Trigonometria,Reduccion al Primer Cuadrante,Trigonometria,Reduccion al Primer Cuadrante,79,True
965,Trigonometria,Angulos en Posicion Normal,Trigonometria,Angulos en Posicion Normal,67,True
966,Trigonometria,Angulos en Posicion Normal,Trigonometria,Angulos en Posicion Normal,67,True
967,Trigonometria,Reduccion al Primer Cuadrante,Trigonometria,Reduccion al Primer Cuadrante,79,True
968,Trigonometria,Angulos en Posicion Normal,Trigonometria,Angulos en Posicion Normal,67,True
969,Trigonometria,Angulos en Posicion Normal,Trigonometria,Angulos en Posicion Normal,67,True
970,Trigonometria,Angulos en Posicion Normal,Trigonometria,Angulos en Posicion Normal,67,True
971,Trigonometria,Angulos en Posicion Normal,Trigonometria,Angulos en Posicion Normal,67,True
972,Trigonometria,Reduccion al Primer Cuadrante,Trigonometria,Reduccion al Primer Cuadrante,79,True
973,Trigonometria,Angulos en Posicion Normal,Trigonometria,Angulos en Posicion Normal,67,True
974,Trigonometria,Angulos en Posicion Normal,Trigonometria,Angulos en Posicion Normal,67,True
975,Trigonometria,Reduccion al Primer Cuadrante,Trigonometria,Reduccion al Primer Cuadrante,79,True
976,Trigonometria,Angulos en Posicion Normal,Trigonometria,Angulos en Posicion Normal,67,True
977,Trigonometria,Angulos en Posicion Normal,Trigonometria,Angulos en Posicion Normal,67,True
978,Trigonometria,Angulos en Posicion Normal,Trigonometria,Angulos en Posicion Normal,67,True
979,Trigonometria,Angulos en Posicion Normal,Trigonometria,Angulos en Posicion Normal,67,True
980,Trigonometria,Angulos en Posicion Normal,Trigonometria,Angulos en Posicion Normal,67,True
981,Trigonometria,Reduccion al Primer Cuadrante,Trigonometria,Reduccion al Primer Cuadrante,79,True
982,Trigonometria,Angulos en Posicion Normal,Trigonometria,Angulos en Posicion Normal,67,True
983,Trigonometria,Angulos en Posicion Normal,Trigonometria,Angulos en Posicion Normal,67,True
984,Trigonometria,Angulos en Posicion Normal,Trigonometria,Angulos en Posicion Normal,67,True
985,Trigonometria,Angulos en Posicion Normal,Trigonometria,Angulos en Posicion Normal,67,True
986,Trigonometria,Reduccion al Primer Cuadrante,Trigonometria,Reduccion al Primer Cuadrante,79,True
987,Trigonometria,Angulos en Posicion Normal,Trigonometria,Angulos en Posicion Normal,67,True
988,Trigonometria,Angulos en Posicion Normal,Trigonometria,Angulos en Posicion Normal,67,True
989,Trigonometria,Angulos en Posicion Normal,Trigonometria,Angulos en Posicion Normal,67,True
990,Trigonometria,Angulos en Posicion Normal,Trigonometria,Angulos en Posicion Normal,67,True
991,Trigonometria,Angulos en Posicion Normal,Trigonometria,Angulos en Posicion Normal,67,True
992,Trigonometria,Angulos en Posicion Normal,Trigonometria,Angulos en Posicion Normal,67,True
993,Trigonometria,Angulos en Posicion Normal,Trigonometria,Angulos en Posicion Normal,67,True
994,Trigonometria,Angulos en Posicion Normal,Trigonometria,Angulos en Posicion Normal,67,True
995,Trigonometria,Angulos en Posicion Normal,Trigonometria,Angulos en Posicion Normal,67,True
996,Trigonometria,Angulos en Posicion Normal,Trigonometria,Angulos en Posicion Normal,67,True
997,Trigonometria,Angulos en Posicion Normal,Trigonometria,Angulos en Posicion Normal,67,True
998,Trigonometria,Angulos en Posicion Normal,Trigonometria,Angulos en Posicion Normal,67,True
999,Trigonometria,Angulos en Posicion Normal,Trigonometria,Angulos en Posicion Normal,67,True
1000,Trigonometria,Angulos en Posicion Normal,Trigonometria,Angulos en Posicion Normal,67,True
1001,Trigonometria,Reduccion al Primer Cuadrante,Trigonometria,Reduccion al Primer Cuadrante,79,True
1002,Trigonometria,Reduccion al Primer Cuadrante,Trigonometria,Reduccion al Primer Cuadrante,79,True
1003,Trigonometria,Angulos en Posicion Normal,Trigonometria,Angulos en Posicion Normal,67,True
1004,Trigonometria,Circunferencia Trigonometrica,Trigonometria,Circunferencia Trigonometrica,71,True
1005,Trigonometria,Circunferencia Trigonometrica,Trigonometria,Circunferencia Trigonometrica,71,True
1006,Trigonometria,Circunferencia Trigonometrica,Trigonometria,Circunferencia Trigonometrica,71,True
1007,Trigonometria,Circunferencia Trigonometrica,Trigonometria,Circunferencia Trigonometrica,71,True
1008,Trigonometria,Circunferencia Trigonometrica,Trigonometria,Circunferencia Trigonometrica,71,True
1009,Trigonometria,Circunferencia Trigonometrica,Trigonometria,Circunferencia Trigonometrica,71,True
1010,Trigonometria,Circunferencia Trigonometrica,Trigonometria,Circunferencia Trigonometrica,71,True
1011,Trigonometria,Circunferencia Trigonometrica,Trigonometria,Circunferencia Trigonometrica,71,True
1012,Trigonometria,Circunferencia Trigonometrica,Trigonometria,Circunferencia Trigonometrica,71,True
1013,Trigonometria,Circunferencia Trigonometrica,Trigonometria,Circunferencia Trigonometrica,71,True
1014,Trigonometria,Circunferencia Trigonometrica,Trigonometria,Circunferencia Trigonometrica,71,True
1015,Trigonometria,Circunferencia Trigonometrica,Trigonometria,Circunferencia Trigonometrica,71,True
1016,Trigonometria,Circunferencia Trigonometrica,Trigonometria,Circunferencia Trigonometrica,71,True
1017,Trigonometria,Circunferencia Trigonometrica,Trigonometria,Circunferencia Trigonometrica,71,True
1018,Trigonometria,Circunferencia Trigonometrica,Trigonometria,Circunferencia Trigonometrica,71,True
1019,Trigonometria,Circunferencia Trigonometrica,Trigonometria,Circunferencia Trigonometrica,71,True
1020,Trigonometria,Circunferencia Trigonometrica,Trigonometria,Circunferencia Trigonometrica,71,True
1021,Trigonometria,Circunferencia Trigonometrica,Trigonometria,Circunferencia Trigonometrica,71,True
1022,Trigonometria,Circunferencia Trigonometrica,Trigonometria,Circunferencia Trigonometrica,71,True
1023,Trigonometria,Circunferencia Trigonometrica,Trigonometria,Circunferencia Trigonometrica,71,True
1024,Trigonometria,Circunferencia Trigonometrica,Trigonometria,Circunferencia Trigonometrica,71,True
1025,Trigonometria,Circunferencia Trigonometrica,Trigonometria,Circunferencia Trigonometrica,71,True
1026,Trigonometria,Circunferencia Trigonometrica,Trigonometria,Circunferencia Trigonometrica,71,True
1027,Trigonometria,Circunferencia Trigonometrica,Trigonometria,Circunferencia Trigonometrica,71,True
1028,Trigonometria,Circunferencia Trigonometrica,Trigonometria,Circunferencia Trigonometrica,71,True
1029,Trigonometria,Circunferencia Trigonometrica,Trigonometria,Circunferencia Trigonometrica,71,True
1030,Trigonometria,Circunferencia Trigonometrica,Trigonometria,Circunferencia Trigonometrica,71,True
1031,Trigonometria,Circunferencia Trigonometrica,Trigonometria,Circunferencia Trigonometrica,71,True
1032,Trigonometria,Circunferencia Trigonometrica,Trigonometria,Circunferencia Trigonometrica,71,True
1033,Trigonometria,Circunferencia Trigonometrica,Trigonometria,Circunferencia Trigonometrica,71,True
1034,Trigonometria,Circunferencia Trigonometrica,Trigonometria,Circunferencia Trigonometrica,71,True
1035,Trigonometria,Circunferencia Trigonometrica,Trigonometria,Circunferencia Trigonometrica,71,True
1036,Trigonometria,Circunferencia Trigonometrica,Trigonometria,Circunferencia Trigonometrica,71,True
1037,Trigonometria,Circunferencia Trigonometrica,Trigonometria,Circunferencia Trigonometrica,71,True
1038,Trigonometria,Circunferencia Trigonometrica,Trigonometria,Circunferencia Trigonometrica,71,True
1039,Trigonometria,Circunferencia Trigonometrica,Trigonometria,Circunferencia Trigonometrica,71,True
1040,Trigonometria,Circunferencia Trigonometrica,Trigonometria,Circunferencia Trigonometrica,71,True
1041,Trigonometria,Circunferencia Trigonometrica,Trigonometria,Circunferencia Trigonometrica,71,True
1042,Trigonometria,Circunferencia Trigonometrica,Trigonometria,Circunferencia Trigonometrica,71,True
1043,Trigonometria,Circunferencia Trigonometrica,Trigonometria,Circunferencia Trigonometrica,71,True
1044,Trigonometria,Circunferencia Trigonometrica,Trigonometria,Circunferencia Trigonometrica,71,True
1045,Trigonometria,Circunferencia Trigonometrica,Trigonometria,Circunferencia Trigonometrica,71,True
1046,Trigonometria,Circunferencia Trigonometrica,Trigonometria,Circunferencia Trigonometrica,71,True
1047,Trigonometria,Circunferencia Trigonometrica,Trigonometria,Circunferencia Trigonometrica,71,True
1048,Trigonometria,Circunferencia Trigonometrica,Trigonometria,Circunferencia Trigonometrica,71,True
1049,Trigonometria,Circunferencia Trigonometrica,Trigonometria,Circunferencia Trigonometrica,71,True
1050,Trigonometria,Circunferencia Trigonometrica,Trigonometria,Circunferencia Trigonometrica,71,True
1051,Trigonometria,Circunferencia Trigonometrica,Trigonometria,Circunferencia Trigonometrica,71,True
1052,Trigonometria,Circunferencia Trigonometrica,Trigonometria,Circunferencia Trigonometrica,71,True
1053,Trigonometria,Circunferencia Trigonometrica,Trigonometria,Circunferencia Trigonometrica,71,True
1054,Trigonometria,Circunferencia Trigonometrica,Trigonometria,Circunferencia Trigonometrica,71,True
1055,Trigonometria,Circunferencia Trigonometrica,Trigonometria,Circunferencia Trigonometrica,71,True
1056,Trigonometria,Circunferencia Trigonometrica,Trigonometria,Circunferencia Trigonometrica,71,True
1057,Trigonometria,Circunferencia Trigonometrica,Trigonometria,Circunferencia Trigonometrica,71,True
1058,Trigonometria,Circunferencia Trigonometrica,Trigonometria,Circunferencia Trigonometrica,71,True
1059,Trigonometria,Circunferencia Trigonometrica,Trigonometria,Circunferencia Trigonometrica,71,True
1060,Trigonometria,Circunferencia Trigonometrica,Trigonometria,Circunferencia Trigonometrica,71,True
1061,Trigonometria,Circunferencia Trigonometrica,Trigonometria,Circunferencia Trigonometrica,71,True
1062,Trigonometria,Circunferencia Trigonometrica,Trigonometria,Circunferencia Trigonometrica,71,True
1063,Trigonometria,Circunferencia Trigonometrica,Trigonometria,Circunferencia Trigonometrica,71,True
1064,Trigonometria,Circunferencia Trigonometrica,Trigonometria,Circunferencia Trigonometrica,71,True
1065,Trigonometria,Circunferencia Trigonometrica,Trigonometria,Circunferencia Trigonometrica,71,True
1066,Trigonometria,Circunferencia Trigonometrica,Trigonometria,Circunferencia Trigonometrica,71,True
1067,Trigonometria,Circunferencia Trigonometrica,Trigonometria,Circunferencia Trigonometrica,71,True
1068,Trigonometria,Circunferencia Trigonometrica,Trigonometria,Circunferencia Trigonometrica,71,True
1069,Trigonometria,Circunferencia Trigonometrica,Trigonometria,Circunferencia Trigonometrica,71,True
1070,Trigonometria,Circunferencia Trigonometrica,Trigonometria,Circunferencia Trigonometrica,71,True
1071,Trigonometria,Circunferencia Trigonometrica,Trigonometria,Circunferencia Trigonometrica,71,True
1072,Trigonometria,Circunferencia Trigonometrica,Trigonometria,Circunferencia Trigonometrica,71,True
1073,Trigonometria,Circunferencia Trigonometrica,Trigonometria,Circunferencia Trigonometrica,71,True
1074,Trigonometria,Circunferencia Trigonometrica,Trigonometria,Circunferencia Trigonometrica,71,True
1075,Trigonometria,Circunferencia Trigonometrica,Trigonometria,Circunferencia Trigonometrica,71,True
1076,Trigonometria,Circunferencia Trigonometrica,Trigonometria,Circunferencia Trigonometrica,71,True
1077,Trigonometria,Circunferencia Trigonometrica,Trigonometria,Circunferencia Trigonometrica,71,True
1078,Trigonometria,Circunferencia Trigonometrica,Trigonometria,Circunferencia Trigonometrica,71,True
1079,Trigonometria,Circunferencia Trigonometrica,Trigonometria,Circunferencia Trigonometrica,71,True
1080,Trigonometria,Circunferencia Trigonometrica,Trigonometria,Circunferencia Trigonometrica,71,True
1081,Trigonometria,Circunferencia Trigonometrica,Trigonometria,Circunferencia Trigonometrica,71,True
1082,Trigonometria,Circunferencia Trigonometrica,Trigonometria,Circunferencia Trigonometrica,71,True
1083,Trigonometria,Circunferencia Trigonometrica,Trigonometria,Circunferencia Trigonometrica,71,True
1084,Trigonometria,Circunferencia Trigonometrica,Trigonometria,Circunferencia Trigonometrica,71,True
1085,Trigonometria,Circunferencia Trigonometrica,Trigonometria,Circunferencia Trigonometrica,71,True
1086,Trigonometria,Circunferencia Trigonometrica,Trigonometria,Circunferencia Trigonometrica,71,True
1087,Trigonometria,Circunferencia Trigonometrica,Trigonometria,Circunferencia Trigonometrica,71,True
1088,Trigonometria,Circunferencia Trigonometrica,Trigonometria,Circunferencia Trigonometrica,71,True
1089,Trigonometria,Circunferencia Trigonometrica,Trigonometria,Circunferencia Trigonometrica,71,True
1090,Trigonometria,Circunferencia Trigonometrica,Trigonometria,Circunferencia Trigonometrica,71,True
1091,Trigonometria,Circunferencia Trigonometrica,Trigonometria,Circunferencia Trigonometrica,71,True
1092,Trigonometria,Circunferencia Trigonometrica,Trigonometria,Circunferencia Trigonometrica,71,True
1093,Trigonometria,Circunferencia Trigonometrica,Trigonometria,Circunferencia Trigonometrica,71,True
1094,Trigonometria,Circunferencia Trigonometrica,Trigonometria,Circunferencia Trigonometrica,71,True
1095,Trigonometria,Circunferencia Trigonometrica,Trigonometria,Circunferencia Trigonometrica,71,True
1096,Trigonometria,Circunferencia Trigonometrica,Trigonometria,Circunferencia Trigonometrica,71,True
1097,Trigonometria,Circunferencia Trigonometrica,Trigonometria,Circunferencia Trigonometrica,71,True
1098,Trigonometria,Circunferencia Trigonometrica,Trigonometria,Circunferencia Trigonometrica,71,True
1099,Trigonometria,Circunferencia Trigonometrica,Trigonometria,Circunferencia Trigonometrica,71,True
1100,Trigonometria,Circunferencia Trigonometrica,Trigonometria,Circunferencia Trigonometrica,71,True
1101,Trigonometria,Circunferencia Trigonometrica,Trigonometria,Circunferencia Trigonometrica,71,True
1102,Trigonometria,Circunferencia Trigonometrica,Trigonometria,Circunferencia Trigonometrica,71,True
1103,Trigonometria,Circunferencia Trigonometrica,Trigonometria,Circunferencia Trigonometrica,71,True
1104,Trigonometria,Circunferencia Trigonometrica,Trigonometria,Circunferencia Trigonometrica,71,True
1105,Trigonometria,Circunferencia Trigonometrica,Trigonometria,Circunferencia Trigonometrica,71,True
1106,Trigonometria,Circunferencia Trigonometrica,Trigonometria,Circunferencia Trigonometrica,71,True
1107,Trigonometria,Circunferencia Trigonometrica,Trigonometria,Circunferencia Trigonometrica,71,True
1108,Trigonometria,Circunferencia Trigonometrica,Trigonometria,Circunferencia Trigonometrica,71,True
1109,Trigonometria,Circunferencia Trigonometrica,Trigonometria,Circunferencia Trigonometrica,71,True
1110,Trigonometria,Circunferencia Trigonometrica,Trigonometria,Circunferencia Trigonometrica,71,True
1111,Trigonometria,Circunferencia Trigonometrica,Trigonometria,Circunferencia Trigonometrica,71,True
1112,Trigonometria,Circunferencia Trigonometrica,Trigonometria,Circunferencia Trigonometrica,71,True
1113,Trigonometria,Circunferencia Trigonometrica,Trigonometria,Circunferencia Trigonometrica,71,True
1114,Trigonometria,Circunferencia Trigonometrica,Trigonometria,Circunferencia Trigonometrica,71,True
1115,Trigonometria,Circunferencia Trigonometrica,Trigonometria,Circunferencia Trigonometrica,71,True
1116,Trigonometria,Circunferencia Trigonometrica,Trigonometria,Circunferencia Trigonometrica,71,True
1117,Trigonometria,Circunferencia Trigonometrica,Trigonometria,Circunferencia Trigonometrica,71,True
1118,Trigonometria,Circunferencia Trigonometrica,Trigonometria,Circunferencia Trigonometrica,71,True
1119,Trigonometria,Circunferencia Trigonometrica,Trigonometria,Circunferencia Trigonometrica,71,True
1120,Trigonometria,Circunferencia Trigonometrica,Trigonometria,Circunferencia Trigonometrica,71,True
1121,Trigonometria,Circunferencia Trigonometrica,Trigonometria,Circunferencia Trigonometrica,71,True
1122,Trigonometria,Circunferencia Trigonometrica,Trigonometria,Circunferencia Trigonometrica,71,True
1123,Trigonometria,Circunferencia Trigonometrica,Trigonometria,Circunferencia Trigonometrica,71,True
1124,Trigonometria,Circunferencia Trigonometrica,Trigonometria,Circunferencia Trigonometrica,71,True
1125,Trigonometria,Circunferencia Trigonometrica,Trigonometria,Circunferencia Trigonometrica,71,True
1126,Trigonometria,Circunferencia Trigonometrica,Trigonometria,Circunferencia Trigonometrica,71,True
1127,Trigonometria,Circunferencia Trigonometrica,Trigonometria,Circunferencia Trigonometrica,71,True
1128,Trigonometria,Circunferencia Trigonometrica,Trigonometria,Circunferencia Trigonometrica,71,True
1129,Trigonometria,Circunferencia Trigonometrica,Trigonometria,Circunferencia Trigonometrica,71,True
1130,Trigonometria,Circunferencia Trigonometrica,Trigonometria,Circunferencia Trigonometrica,71,True
1131,Trigonometria,Circunferencia Trigonometrica,Trigonometria,Circunferencia Trigonometrica,71,True
1132,Trigonometria,Circunferencia Trigonometrica,Trigonometria,Circunferencia Trigonometrica,71,True
1133,Trigonometria,Circunferencia Trigonometrica,Trigonometria,Circunferencia Trigonometrica,71,True
1134,Trigonometria,Circunferencia Trigonometrica,Trigonometria,Circunferencia Trigonometrica,71,True
1135,Trigonometria,Circunferencia Trigonometrica,Trigonometria,Circunferencia Trigonometrica,71,True
1136,Trigonometria,Circunferencia Trigonometrica,Trigonometria,Circunferencia Trigonometrica,71,True
1137,Trigonometria,Circunferencia Trigonometrica,Trigonometria,Circunferencia Trigonometrica,71,True
1138,Trigonometria,Circunferencia Trigonometrica,Trigonometria,Circunferencia Trigonometrica,71,True
1139,Trigonometria,Circunferencia Trigonometrica,Trigonometria,Circunferencia Trigonometrica,71,True
1140,Trigonometria,Circunferencia Trigonometrica,Trigonometria,Circunferencia Trigonometrica,71,True
1141,Trigonometria,Circunferencia Trigonometrica,Trigonometria,Circunferencia Trigonometrica,71,True
1142,Trigonometria,Circunferencia Trigonometrica,Trigonometria,Circunferencia Trigonometrica,71,True
1143,Trigonometria,Circunferencia Trigonometrica,Trigonometria,Circunferencia Trigonometrica,71,True
1144,Trigonometria,Circunferencia Trigonometrica,Trigonometria,Circunferencia Trigonometrica,71,True
1145,Trigonometria,Circunferencia Trigonometrica,Trigonometria,Circunferencia Trigonometrica,71,True
1146,Trigonometria,Circunferencia Trigonometrica,Trigonometria,Circunferencia Trigonometrica,71,True
1147,Trigonometria,Circunferencia Trigonometrica,Trigonometria,Circunferencia Trigonometrica,71,True
1148,Trigonometria,Circunferencia Trigonometrica,Trigonometria,Circunferencia Trigonometrica,71,True
1149,Trigonometria,Circunferencia Trigonometrica,Trigonometria,Circunferencia Trigonometrica,71,True
1150,Trigonometria,Circunferencia Trigonometrica,Trigonometria,Circunferencia Trigonometrica,71,True
1151,Trigonometria,Circunferencia Trigonometrica,Trigonometria,Circunferencia Trigonometrica,71,True
1152,Trigonometria,Circunferencia Trigonometrica,Trigonometria,Circunferencia Trigonometrica,71,True
1153,Trigonometria,Circunferencia Trigonometrica,Trigonometria,Circunferencia Trigonometrica,71,True
1154,Trigonometria,Circunferencia Trigonometrica,Trigonometria,Circunferencia Trigonometrica,71,True
1155,Trigonometria,Circunferencia Trigonometrica,Trigonometria,Circunferencia Trigonometrica,71,True
1156,Trigonometria,Circunferencia Trigonometrica,Trigonometria,Circunferencia Trigonometrica,71,True
1157,Trigonometria,Circunferencia Trigonometrica,Trigonometria,Circunferencia Trigonometrica,71,True
1158,Trigonometria,Circunferencia Trigonometrica,Trigonometria,Circunferencia Trigonometrica,71,True
1159,Trigonometria,Circunferencia Trigonometrica,Trigonometria,Circunferencia Trigonometrica,71,True
1160,Trigonometria,Circunferencia Trigonometrica,Trigonometria,Circunferencia Trigonometrica,71,True
1161,Trigonometria,Circunferencia Trigonometrica,Trigonometria,Circunferencia Trigonometrica,71,True
1162,Trigonometria,Circunferencia Trigonometrica,Trigonometria,Circunferencia Trigonometrica,71,True
1163,Trigonometria,Circunferencia Trigonometrica,Trigonometria,Circunferencia Trigonometrica,71,True
1164,Trigonometria,Circunferencia Trigonometrica,Trigonometria,Circunferencia Trigonometrica,71,True
1165,Trigonometria,Circunferencia Trigonometrica,Trigonometria,Circunferencia Trigonometrica,71,True
1166,Trigonometria,Circunferencia Trigonometrica,Trigonometria,Circunferencia Trigonometrica,71,True
1167,Trigonometria,Circunferencia Trigonometrica,Trigonometria,Circunferencia Trigonometrica,71,True
1168,Trigonometria,Circunferencia Trigonometrica,Trigonometria,Circunferencia Trigonometrica,71,True
1169,Trigonometria,Circunferencia Trigonometrica,Trigonometria,Circunferencia Trigonometrica,71,True
1170,Trigonometria,Circunferencia Trigonometrica,Trigonometria,Circunferencia Trigonometrica,71,True
1171,Trigonometria,Circunferencia Trigonometrica,Trigonometria,Circunferencia Trigonometrica,71,True
1172,Trigonometria,Circunferencia Trigonometrica,Trigonometria,Circunferencia Trigonometrica,71,True
1173,Trigonometria,Circunferencia Trigonometrica,Trigonometria,Circunferencia Trigonometrica,71,True
1174,Trigonometria,Circunferencia Trigonometrica,Trigonometria,Circunferencia Trigonometrica,71,True
1175,Trigonometria,Circunferencia Trigonometrica,Trigonometria,Circunferencia Trigonometrica,71,True
1176,Trigonometria,Circunferencia Trigonometrica,Trigonometria,Circunferencia Trigonometrica,71,True
1177,Trigonometria,Circunferencia Trigonometrica,Trigonometria,Circunferencia Trigonometrica,71,True
1178,Trigonometria,Circunferencia Trigonometrica,Trigonometria,Circunferencia Trigonometrica,71,True
1179,Trigonometria,Circunferencia Trigonometrica,Trigonometria,Circunferencia Trigonometrica,71,True
1180,Trigonometria,Circunferencia Trigonometrica,Trigonometria,Circunferencia Trigonometrica,71,True
1181,Trigonometria,Circunferencia Trigonometrica,Trigonometria,Circunferencia Trigonometrica,71,True
1182,Trigonometria,Circunferencia Trigonometrica,Trigonometria,Circunferencia Trigonometrica,71,True
1183,Trigonometria,Circunferencia Trigonometrica,Trigonometria,Circunferencia Trigonometrica,71,True
1184,Trigonometria,Circunferencia Trigonometrica,Trigonometria,Circunferencia Trigonometrica,71,True
1185,Trigonometria,Circunferencia Trigonometrica,Trigonometria,Circunferencia Trigonometrica,71,True
1186,Trigonometria,Circunferencia Trigonometrica,Trigonometria,Circunferencia Trigonometrica,71,True
1187,Trigonometria,Circunferencia Trigonometrica,Trigonometria,Circunferencia Trigonometrica,71,True
1188,Trigonometria,Circunferencia Trigonometrica,Trigonometria,Circunferencia Trigonometrica,71,True
1189,Trigonometria,Circunferencia Trigonometrica,Trigonometria,Circunferencia Trigonometrica,71,True
1190,Trigonometria,Circunferencia Trigonometrica,Trigonometria,Circunferencia Trigonometrica,71,True
1191,Trigonometria,Circunferencia Trigonometrica,Trigonometria,Circunferencia Trigonometrica,71,True
1192,Trigonometria,Circunferencia Trigonometrica,Trigonometria,Circunferencia Trigonometrica,71,True
1193,Trigonometria,Circunferencia Trigonometrica,Trigonometria,Circunferencia Trigonometrica,71,True
1194,Trigonometria,Circunferencia Trigonometrica,Trigonometria,Circunferencia Trigonometrica,71,True
1195,Trigonometria,Circunferencia Trigonometrica,Trigonometria,Circunferencia Trigonometrica,71,True
1196,Trigonometria,Circunferencia Trigonometrica,Trigonometria,Circunferencia Trigonometrica,71,True
1197,Trigonometria,Circunferencia Trigonometrica,Trigonometria,Circunferencia Trigonometrica,71,True
1198,Trigonometria,Circunferencia Trigonometrica,Trigonometria,Circunferencia Trigonometrica,71,True
1199,Trigonometria,Circunferencia Trigonometrica,Trigonometria,Circunferencia Trigonometrica,71,True
1200,Trigonometria,Circunferencia Trigonometrica,Trigonometria,Circunferencia Trigonometrica,71,True
1201,Trigonometria,Circunferencia Trigonometrica,Trigonometria,Circunferencia Trigonometrica,71,True
1202,Trigonometria,Circunferencia Trigonometrica,Trigonometria,Circunferencia Trigonometrica,71,True
1203,Trigonometria,Circunferencia Trigonometrica,Trigonometria,Circunferencia Trigonometrica,71,True
1204,Trigonometria,Identidades Trigonometricas,Trigonometria,Identidades Trigonometricas,75,True
1205,Trigonometria,Identidades Trigonometricas,Trigonometria,Identidades Trigonometricas,75,True
1206,Trigonometria,Identidades Trigonometricas,Trigonometria,Identidades Trigonometricas,75,True
1207,Trigonometria,Identidades Trigonometricas,Trigonometria,Identidades Trigonometricas,75,True
1208,Trigonometria,Identidades Trigonometricas,Trigonometria,Identidades Trigonometricas,75,True
1209,Trigonometria,Identidades Trigonometricas,Trigonometria,Identidades Trigonometricas,75,True
1210,Trigonometria,Identidades Trigonometricas,Trigonometria,Identidades Trigonometricas,75,True
1211,Trigonometria,Identidades Trigonometricas,Trigonometria,Identidades Trigonometricas,75,True
1212,Trigonometria,Identidades Trigonometricas,Trigonometria,Identidades Trigonometricas,75,True
1213,Trigonometria,Identidades Trigonometricas,Trigonometria,Identidades Trigonometricas,75,True
1214,Trigonometria,Identidades Trigonometricas,Trigonometria,Identidades Trigonometricas,75,True
1215,Trigonometria,Identidades Trigonometricas,Trigonometria,Identidades Trigonometricas,75,True
1216,Trigonometria,Identidades Trigonometricas,Trigonometria,Identidades Trigonometricas,75,True
1217,Trigonometria,Identidades Trigonometricas,Trigonometria,Identidades Trigonometricas,75,True
1218,Trigonometria,Identidades Trigonometricas,Trigonometria,Identidades Trigonometricas,75,True
1219,Trigonometria,Identidades Trigonometricas,Trigonometria,Identidades Trigonometricas,75,True
1220,Trigonometria,Identidades Trigonometricas,Trigonometria,Identidades Trigonometricas,75,True
1221,Trigonometria,Identidades Trigonometricas,Trigonometria,Identidades Trigonometricas,75,True
1222,Trigonometria,Identidades Trigonometricas,Trigonometria,Identidades Trigonometricas,75,True
1223,Trigonometria,Identidades Trigonometricas,Trigonometria,Identidades Trigonometricas,75,True
1224,Trigonometria,Identidades Trigonometricas,Trigonometria,Identidades Trigonometricas,75,True
1225,Trigonometria,Identidades Trigonometricas,Trigonometria,Identidades Trigonometricas,75,True
1226,Trigonometria,Identidades Trigonometricas,Trigonometria,Identidades Trigonometricas,75,True
1227,Trigonometria,Identidades Trigonometricas,Trigonometria,Identidades Trigonometricas,75,True
1228,Trigonometria,Identidades Trigonometricas,Trigonometria,Identidades Trigonometricas,75,True
1229,Trigonometria,Identidades Trigonometricas,Trigonometria,Identidades Trigonometricas,75,True
1230,Trigonometria,Identidades Trigonometricas,Trigonometria,Identidades Trigonometricas,75,True
1231,Trigonometria,Identidades Trigonometricas,Trigonometria,Identidades Trigonometricas,75,True
1232,Trigonometria,Identidades Trigonometricas,Trigonometria,Identidades Trigonometricas,75,True
1233,Trigonometria,Identidades Trigonometricas,Trigonometria,Identidades Trigonometricas,75,True
1234,Trigonometria,Identidades Trigonometricas,Trigonometria,Identidades Trigonometricas,75,True
1235,Trigonometria,Identidades Trigonometricas,Trigonometria,Identidades Trigonometricas,75,True
1236,Trigonometria,Identidades Trigonometricas,Trigonometria,Identidades Trigonometricas,75,True
1237,Trigonometria,Identidades Trigonometricas,Trigonometria,Identidades Trigonometricas,75,True
1238,Trigonometria,Identidades Trigonometricas,Trigonometria,Identidades Trigonometricas,75,True
1239,Trigonometria,Identidades Trigonometricas,Trigonometria,Identidades Trigonometricas,75,True
1240,Trigonometria,Identidades Trigonometricas,Trigonometria,Identidades Trigonometricas,75,True
1241,Trigonometria,Identidades Trigonometricas,Trigonometria,Identidades Trigonometricas,75,True
1242,Trigonometria,Identidades Trigonometricas,Trigonometria,Identidades Trigonometricas,75,True
1243,Trigonometria,Identidades Trigonometricas,Trigonometria,Identidades Trigonometricas,75,True
1244,Trigonometria,Identidades Trigonometricas,Trigonometria,Identidades Trigonometricas,75,True
1245,Trigonometria,Identidades Trigonometricas,Trigonometria,Identidades Trigonometricas,75,True
1246,Trigonometria,Identidades Trigonometricas,Trigonometria,Identidades Trigonometricas,75,True
1247,Trigonometria,Identidades Trigonometricas,Trigonometria,Identidades Trigonometricas,75,True
1248,Trigonometria,Identidades Trigonometricas,Trigonometria,Identidades Trigonometricas,75,True
1249,Trigonometria,Identidades Trigonometricas,Trigonometria,Identidades Trigonometricas,75,True
1250,Trigonometria,Identidades Trigonometricas,Trigonometria,Identidades Trigonometricas,75,True
1251,Trigonometria,Identidades Trigonometricas,Trigonometria,Identidades Trigonometricas,75,True
1252,Trigonometria,Identidades Trigonometricas,Trigonometria,Identidades Trigonometricas,75,True
1253,Trigonometria,Identidades Trigonometricas,Trigonometria,Identidades Trigonometricas,75,True
1254,Trigonometria,Identidades Trigonometricas,Trigonometria,Identidades Trigonometricas,75,True
1255,Trigonometria,Identidades Trigonometricas,Trigonometria,Identidades Trigonometricas,75,True
1256,Trigonometria,Identidades Trigonometricas,Trigonometria,Identidades Trigonometricas,75,True
1257,Trigonometria,Identidades Trigonometricas,Trigonometria,Identidades Trigonometricas,75,True
1258,Trigonometria,Identidades Trigonometricas,Trigonometria,Identidades Trigonometricas,75,True
1259,Trigonometria,Identidades Trigonometricas,Trigonometria,Identidades Trigonometricas,75,True
1260,Trigonometria,Identidades Trigonometricas,Trigonometria,Identidades Trigonometricas,75,True
1261,Trigonometria,Identidades Trigonometricas,Trigonometria,Identidades Trigonometricas,75,True
1262,Trigonometria,Identidades Trigonometricas,Trigonometria,Identidades Trigonometricas,75,True
1263,Trigonometria,Identidades Trigonometricas,Trigonometria,Identidades Trigonometricas,75,True
1264,Trigonometria,Identidades Trigonometricas,Trigonometria,Identidades Trigonometricas,75,True
1265,Trigonometria,Identidades Trigonometricas,Trigonometria,Identidades Trigonometricas,75,True
1266,Trigonometria,Identidades Trigonometricas,Trigonometria,Identidades Trigonometricas,75,True
1267,Trigonometria,Identidades Trigonometricas,Trigonometria,Identidades Trigonometricas,75,True
1268,Trigonometria,Identidades Trigonometricas,Trigonometria,Identidades Trigonometricas,75,True
1269,Trigonometria,Identidades Trigonometricas,Trigonometria,Identidades Trigonometricas,75,True
1270,Trigonometria,Identidades Trigonometricas,Trigonometria,Identidades Trigonometricas,75,True
1271,Trigonometria,Identidades Trigonometricas,Trigonometria,Identidades Trigonometricas,75,True
1272,Trigonometria,Identidades Trigonometricas,Trigonometria,Identidades Trigonometricas,75,True
1273,Trigonometria,Identidades Trigonometricas,Trigonometria,Identidades Trigonometricas,75,True
1274,Trigonometria,Identidades Trigonometricas,Trigonometria,Identidades Trigonometricas,75,True
1275,Trigonometria,Identidades Trigonometricas,Trigonometria,Identidades Trigonometricas,75,True
1276,Trigonometria,Identidades Trigonometricas,Trigonometria,Identidades Trigonometricas,75,True
1277,Trigonometria,Identidades Trigonometricas,Trigonometria,Identidades Trigonometricas,75,True
1278,Trigonometria,Identidades Trigonometricas,Trigonometria,Identidades Trigonometricas,75,True
1279,Trigonometria,Identidades Trigonometricas,Trigonometria,Identidades Trigonometricas,75,True
1280,Trigonometria,Identidades Trigonometricas,Trigonometria,Identidades Trigonometricas,75,True
1281,Trigonometria,Identidades Trigonometricas,Trigonometria,Identidades Trigonometricas,75,True
1282,Trigonometria,Identidades Trigonometricas,Trigonometria,Identidades Trigonometricas,75,True
1283,Trigonometria,Identidades Trigonometricas,Trigonometria,Identidades Trigonometricas,75,True
1284,Trigonometria,Identidades Trigonometricas,Trigonometria,Identidades Trigonometricas,75,True
1285,Trigonometria,Identidades Trigonometricas,Trigonometria,Identidades Trigonometricas,75,True
1286,Trigonometria,Identidades Trigonometricas,Trigonometria,Identidades Trigonometricas,75,True
1287,Trigonometria,Identidades Trigonometricas,Trigonometria,Identidades Trigonometricas,75,True
1288,Trigonometria,Identidades Trigonometricas,Trigonometria,Identidades Trigonometricas,75,True
1289,Trigonometria,Identidades Trigonometricas,Trigonometria,Identidades Trigonometricas,75,True
1290,Trigonometria,Identidades Trigonometricas,Trigonometria,Identidades Trigonometricas,75,True
1291,Trigonometria,Identidades Trigonometricas,Trigonometria,Identidades Trigonometricas,75,True
1292,Trigonometria,Identidades Trigonometricas,Trigonometria,Identidades Trigonometricas,75,True
1293,Trigonometria,Identidades Trigonometricas,Trigonometria,Identidades Trigonometricas,75,True
1294,Trigonometria,Identidades Trigonometricas,Trigonometria,Identidades Trigonometricas,75,True
1295,Trigonometria,Identidades Trigonometricas,Trigonometria,Identidades Trigonometricas,75,True
1296,Trigonometria,Identidades Trigonometricas,Trigonometria,Identidades Trigonometricas,75,True
1297,Trigonometria,Identidades Trigonometricas,Trigonometria,Identidades Trigonometricas,75,True
1298,Trigonometria,Identidades Trigonometricas,Trigonometria,Identidades Trigonometricas,75,True
1299,Trigonometria,Identidades Trigonometricas,Trigonometria,Identidades Trigonometricas,75,True
1300,Trigonometria,Identidades Trigonometricas,Trigonometria,Identidades Trigonometricas,75,True
1301,Trigonometria,Identidades Trigonometricas,Trigonometria,Identidades Trigonometricas,75,True
1302,Trigonometria,Identidades Trigonometricas,Trigonometria,Identidades Trigonometricas,75,True
1303,Trigonometria,Identidades Trigonometricas,Trigonometria,Identidades Trigonometricas,75,True
1304,Trigonometria,Identidades Trigonometricas,Trigonometria,Identidades Trigonometricas,75,True
1305,Trigonometria,Identidades Trigonometricas,Trigonometria,Identidades Trigonometricas,75,True
1306,Trigonometria,Identidades Trigonometricas,Trigonometria,Identidades Trigonometricas,75,True
1307,Trigonometria,Identidades Trigonometricas,Trigonometria,Identidades Trigonometricas,75,True
1308,Trigonometria,Identidades Trigonometricas,Trigonometria,Identidades Trigonometricas,75,True
1309,Trigonometria,Identidades Trigonometricas,Trigonometria,Identidades Trigonometricas,75,True
1310,Trigonometria,Identidades Trigonometricas,Trigonometria,Identidades Trigonometricas,75,True
1311,Trigonometria,Identidades Trigonometricas,Trigonometria,Identidades Trigonometricas,75,True
1312,Trigonometria,Identidades Trigonometricas,Trigonometria,Identidades Trigonometricas,75,True
1313,Trigonometria,Identidades Trigonometricas,Trigonometria,Identidades Trigonometricas,75,True
1314,Trigonometria,Identidades Trigonometricas,Trigonometria,Identidades Trigonometricas,75,True
1315,Trigonometria,Identidades Trigonometricas,Trigonometria,Identidades Trigonometricas,75,True
1316,Trigonometria,Identidades Trigonometricas,Trigonometria,Identidades Trigonometricas,75,True
1317,Trigonometria,Identidades Trigonometricas,Trigonometria,Identidades Trigonometricas,75,True
1318,Trigonometria,Identidades Trigonometricas,Trigonometria,Identidades Trigonometricas,75,True
1319,Trigonometria,Identidades Trigonometricas,Trigonometria,Identidades Trigonometricas,75,True
1320,Trigonometria,Identidades Trigonometricas,Trigonometria,Identidades Trigonometricas,75,True
1321,Trigonometria,Identidades Trigonometricas,Trigonometria,Identidades Trigonometricas,75,True
1322,Trigonometria,Identidades Trigonometricas,Trigonometria,Identidades Trigonometricas,75,True
1323,Trigonometria,Identidades Trigonometricas,Trigonometria,Identidades Trigonometricas,75,True
1324,Trigonometria,Identidades Trigonometricas,Trigonometria,Identidades Trigonometricas,75,True
1325,Trigonometria,Identidades Trigonometricas,Trigonometria,Identidades Trigonometricas,75,True
1326,Trigonometria,Identidades Trigonometricas,Trigonometria,Identidades Trigonometricas,75,True
1327,Trigonometria,Identidades Trigonometricas,Trigonometria,Identidades Trigonometricas,75,True
1328,Trigonometria,Identidades Trigonometricas,Trigonometria,Identidades Trigonometricas,75,True
1329,Trigonometria,Identidades Trigonometricas,Trigonometria,Identidades Trigonometricas,75,True
1330,Trigonometria,Identidades Trigonometricas,Trigonometria,Identidades Trigonometricas,75,True
1331,Trigonometria,Identidades Trigonometricas,Trigonometria,Identidades Trigonometricas,75,True
1332,Trigonometria,Identidades Trigonometricas,Trigonometria,Identidades Trigonometricas,75,True
1333,Trigonometria,Identidades Trigonometricas,Trigonometria,Identidades Trigonometricas,75,True
1334,Trigonometria,Identidades Trigonometricas,Trigonometria,Identidades Trigonometricas,75,True
1335,Trigonometria,Identidades Trigonometricas,Trigonometria,Identidades Trigonometricas,75,True
1336,Trigonometria,Identidades Trigonometricas,Trigonometria,Identidades Trigonometricas,75,True
1337,Trigonometria,Identidades Trigonometricas,Trigonometria,Identidades Trigonometricas,75,True
1338,Trigonometria,Identidades Trigonometricas,Trigonometria,Identidades Trigonometricas,75,True
1339,Trigonometria,Identidades Trigonometricas,Trigonometria,Identidades Trigonometricas,75,True
1340,Trigonometria,Identidades Trigonometricas,Trigonometria,Identidades Trigonometricas,75,True
1341,Trigonometria,Identidades Trigonometricas,Trigonometria,Identidades Trigonometricas,75,True
1342,Trigonometria,Identidades Trigonometricas,Trigonometria,Identidades Trigonometricas,75,True
1343,Trigonometria,Identidades Trigonometricas,Trigonometria,Identidades Trigonometricas,75,True
1344,Trigonometria,Identidades Trigonometricas,Trigonometria,Identidades Trigonometricas,75,True
1345,Trigonometria,Identidades Trigonometricas,Trigonometria,Identidades Trigonometricas,75,True
1346,Trigonometria,Identidades Trigonometricas,Trigonometria,Identidades Trigonometricas,75,True
1347,Trigonometria,Identidades Trigonometricas,Trigonometria,Identidades Trigonometricas,75,True
1348,Trigonometria,Identidades Trigonometricas,Trigonometria,Identidades Trigonometricas,75,True
1349,Trigonometria,Identidades Trigonometricas,Trigonometria,Identidades Trigonometricas,75,True
1350,Trigonometria,Identidades Trigonometricas,Trigonometria,Identidades Trigonometricas,75,True
1351,Trigonometria,Identidades Trigonometricas,Trigonometria,Identidades Trigonometricas,75,True
1352,Trigonometria,Identidades Trigonometricas,Trigonometria,Identidades Trigonometricas,75,True
1353,Trigonometria,Identidades Trigonometricas,Trigonometria,Identidades Trigonometricas,75,True
1354,Trigonometria,Identidades Trigonometricas,Trigonometria,Identidades Trigonometricas,75,True
1355,Trigonometria,Identidades Trigonometricas,Trigonometria,Identidades Trigonometricas,75,True
1356,Trigonometria,Identidades Trigonometricas,Trigonometria,Identidades Trigonometricas,75,True
1357,Trigonometria,Identidades Trigonometricas,Trigonometria,Identidades Trigonometricas,75,True
1358,Trigonometria,Identidades Trigonometricas,Trigonometria,Identidades Trigonometricas,75,True
1359,Trigonometria,Identidades Trigonometricas,Trigonometria,Identidades Trigonometricas,75,True
1360,Trigonometria,Identidades Trigonometricas,Trigonometria,Identidades Trigonometricas,75,True
1361,Trigonometria,Identidades Trigonometricas,Trigonometria,Identidades Trigonometricas,75,True
1362,Trigonometria,Identidades Trigonometricas,Trigonometria,Identidades Trigonometricas,75,True
1363,Trigonometria,Identidades Trigonometricas,Trigonometria,Identidades Trigonometricas,75,True
1364,Trigonometria,Identidades Trigonometricas,Trigonometria,Identidades Trigonometricas,75,True
1365,Trigonometria,Identidades Trigonometricas,Trigonometria,Identidades Trigonometricas,75,True
1366,Trigonometria,Identidades Trigonometricas,Trigonometria,Identidades Trigonometricas,75,True
1367,Trigonometria,Identidades Trigonometricas,Trigonometria,Identidades Trigonometricas,75,True
1368,Trigonometria,Identidades Trigonometricas,Trigonometria,Identidades Trigonometricas,75,True
1369,Trigonometria,Identidades Trigonometricas,Trigonometria,Identidades Trigonometricas,75,True
1370,Trigonometria,Identidades Trigonometricas,Trigonometria,Identidades Trigonometricas,75,True
1371,Trigonometria,Identidades Trigonometricas,Trigonometria,Identidades Trigonometricas,75,True
1372,Trigonometria,Identidades Trigonometricas,Trigonometria,Identidades Trigonometricas,75,True
1373,Trigonometria,Identidades Trigonometricas,Trigonometria,Identidades Trigonometricas,75,True
1374,Trigonometria,Identidades Trigonometricas,Trigonometria,Identidades Trigonometricas,75,True
1375,Trigonometria,Identidades Trigonometricas,Trigonometria,Identidades Trigonometricas,75,True
1376,Trigonometria,Identidades Trigonometricas,Trigonometria,Identidades Trigonometricas,75,True
1377,Trigonometria,Identidades Trigonometricas,Trigonometria,Identidades Trigonometricas,75,True
1378,Trigonometria,Identidades Trigonometricas,Trigonometria,Identidades Trigonometricas,75,True
1379,Trigonometria,Identidades Trigonometricas,Trigonometria,Identidades Trigonometricas,75,True
1380,Trigonometria,Identidades Trigonometricas,Trigonometria,Identidades Trigonometricas,75,True
1381,Trigonometria,Identidades Trigonometricas,Trigonometria,Identidades Trigonometricas,75,True
1382,Trigonometria,Identidades Trigonometricas,Trigonometria,Identidades Trigonometricas,75,True
1383,Trigonometria,Identidades Trigonometricas,Trigonometria,Identidades Trigonometricas,75,True
1384,Trigonometria,Identidades Trigonometricas,Trigonometria,Identidades Trigonometricas,75,True
1385,Trigonometria,Identidades Trigonometricas,Trigonometria,Identidades Trigonometricas,75,True
1386,Trigonometria,Identidades Trigonometricas,Trigonometria,Identidades Trigonometricas,75,True
1387,Trigonometria,Identidades Trigonometricas,Trigonometria,Identidades Trigonometricas,75,True
1388,Trigonometria,Identidades Trigonometricas,Trigonometria,Identidades Trigonometricas,75,True
1389,Trigonometria,Identidades Trigonometricas,Trigonometria,Identidades Trigonometricas,75,True
1390,Trigonometria,Identidades Trigonometricas,Trigonometria,Identidades Trigonometricas,75,True
1391,Trigonometria,Identidades Trigonometricas,Trigonometria,Identidades Trigonometricas,75,True
1392,Trigonometria,Identidades Trigonometricas,Trigonometria,Identidades Trigonometricas,75,True
1393,Trigonometria,Identidades Trigonometricas,Trigonometria,Identidades Trigonometricas,75,True
1394,Trigonometria,Identidades Trigonometricas,Trigonometria,Identidades Trigonometricas,75,True
1395,Trigonometria,Identidades Trigonometricas,Trigonometria,Identidades Trigonometricas,75,True
1396,Trigonometria,Identidades Trigonometricas,Trigonometria,Identidades Trigonometricas,75,True
1397,Trigonometria,Identidades Trigonometricas,Trigonometria,Identidades Trigonometricas,75,True
1398,Trigonometria,Identidades Trigonometricas,Trigonometria,Identidades Trigonometricas,75,True
1399,Trigonometria,Identidades Trigonometricas,Trigonometria,Identidades Trigonometricas,75,True
1400,Trigonometria,Identidades Trigonometricas,Trigonometria,Identidades Trigonometricas,75,True
1401,Trigonometria,Identidades Trigonometricas,Trigonometria,Identidades Trigonometricas,75,True
1402,Trigonometria,Identidades Trigonometricas,Trigonometria,Identidades Trigonometricas,75,True
1403,Trigonometria,Identidades Trigonometricas,Trigonometria,Identidades Trigonometricas,75,True
1404,Trigonometria,Arco Compuesto,Trigonometria,Arco Compuesto,68,True
1405,Trigonometria,Arco Compuesto,Trigonometria,Arco Compuesto,68,True
1406,Trigonometria,Arco Compuesto,Trigonometria,Arco Compuesto,68,True
1407,Trigonometria,Arco Compuesto,Trigonometria,Arco Compuesto,68,True
1408,Trigonometria,Arco Compuesto,Trigonometria,Arco Compuesto,68,True
1409,Trigonometria,Arco Compuesto,Trigonometria,Arco Compuesto,68,True
1410,Trigonometria,Arco Compuesto,Trigonometria,Arco Compuesto,68,True
1411,Trigonometria,Arco Compuesto,Trigonometria,Arco Compuesto,68,True
1412,Trigonometria,Arco Compuesto,Trigonometria,Arco Compuesto,68,True
1413,Trigonometria,Arco Compuesto,Trigonometria,Arco Compuesto,68,True
1414,Trigonometria,Arco Compuesto,Trigonometria,Arco Compuesto,68,True
1415,Trigonometria,Arco Compuesto,Trigonometria,Arco Compuesto,68,True
1416,Trigonometria,Arco Compuesto,Trigonometria,Arco Compuesto,68,True
1417,Trigonometria,Arco Compuesto,Trigonometria,Arco Compuesto,68,True
1418,Trigonometria,Arco Compuesto,Trigonometria,Arco Compuesto,68,True
1419,Trigonometria,Arco Compuesto,Trigonometria,Arco Compuesto,68,True
1420,Trigonometria,Arco Compuesto,Trigonometria,Arco Compuesto,68,True
1421,Trigonometria,Arco Compuesto,Trigonometria,Arco Compuesto,68,True
1422,Trigonometria,Arco Compuesto,Trigonometria,Arco Compuesto,68,True
1423,Trigonometria,Arco Compuesto,Trigonometria,Arco Compuesto,68,True
1424,Trigonometria,Arco Compuesto,Trigonometria,Arco Compuesto,68,True
1425,Trigonometria,Arco Compuesto,Trigonometria,Arco Compuesto,68,True
1426,Trigonometria,Arco Compuesto,Trigonometria,Arco Compuesto,68,True
1427,Trigonometria,Arco Compuesto,Trigonometria,Arco Compuesto,68,True
1428,Trigonometria,Arco Compuesto,Trigonometria,Arco Compuesto,68,True
1429,Trigonometria,Arco Compuesto,Trigonometria,Arco Compuesto,68,True
1430,Trigonometria,Arco Compuesto,Trigonometria,Arco Compuesto,68,True
1431,Trigonometria,Arco Compuesto,Trigonometria,Arco Compuesto,68,True
1432,Trigonometria,Arco Compuesto,Trigonometria,Arco Compuesto,68,True
1433,Trigonometria,Arco Compuesto,Trigonometria,Arco Compuesto,68,True
1434,Trigonometria,Arco Compuesto,Trigonometria,Arco Compuesto,68,True
1435,Trigonometria,Arco Compuesto,Trigonometria,Arco Compuesto,68,True
1436,Trigonometria,Arco Compuesto,Trigonometria,Arco Compuesto,68,True
1437,Trigonometria,Arco Compuesto,Trigonometria,Arco Compuesto,68,True
1438,Trigonometria,Arco Compuesto,Trigonometria,Arco Compuesto,68,True
1439,Trigonometria,Arco Compuesto,Trigonometria,Arco Compuesto,68,True
1440,Trigonometria,Arco Compuesto,Trigonometria,Arco Compuesto,68,True
1441,Trigonometria,Arco Compuesto,Trigonometria,Arco Compuesto,68,True
1442,Trigonometria,Arco Compuesto,Trigonometria,Arco Compuesto,68,True
1443,Trigonometria,Arco Compuesto,Trigonometria,Arco Compuesto,68,True
1444,Trigonometria,Arco Compuesto,Trigonometria,Arco Compuesto,68,True
1445,Trigonometria,Arco Compuesto,Trigonometria,Arco Compuesto,68,True
1446,Trigonometria,Arco Compuesto,Trigonometria,Arco Compuesto,68,True
1447,Trigonometria,Arco Compuesto,Trigonometria,Arco Compuesto,68,True
1448,Trigonometria,Arco Compuesto,Trigonometria,Arco Compuesto,68,True
1449,Trigonometria,Arco Compuesto,Trigonometria,Arco Compuesto,68,True
1450,Trigonometria,Arco Compuesto,Trigonometria,Arco Compuesto,68,True
1451,Trigonometria,Arco Compuesto,Trigonometria,Arco Compuesto,68,True
1452,Trigonometria,Arco Compuesto,Trigonometria,Arco Compuesto,68,True
1453,Trigonometria,Arco Compuesto,Trigonometria,Arco Compuesto,68,True
1454,Trigonometria,Arco Compuesto,Trigonometria,Arco Compuesto,68,True
1455,Trigonometria,Arco Compuesto,Trigonometria,Arco Compuesto,68,True
1456,Trigonometria,Arco Compuesto,Trigonometria,Arco Compuesto,68,True
1457,Trigonometria,Arco Compuesto,Trigonometria,Arco Compuesto,68,True
1458,Trigonometria,Arco Compuesto,Trigonometria,Arco Compuesto,68,True
1459,Trigonometria,Arco Compuesto,Trigonometria,Arco Compuesto,68,True
1460,Trigonometria,Arco Compuesto,Trigonometria,Arco Compuesto,68,True
1461,Trigonometria,Arco Compuesto,Trigonometria,Arco Compuesto,68,True
1462,Trigonometria,Arco Compuesto,Trigonometria,Arco Compuesto,68,True
1463,Trigonometria,Arco Compuesto,Trigonometria,Arco Compuesto,68,True
1464,Trigonometria,Arco Compuesto,Trigonometria,Arco Compuesto,68,True
1465,Trigonometria,Arco Compuesto,Trigonometria,Arco Compuesto,68,True
1466,Trigonometria,Arco Compuesto,Trigonometria,Arco Compuesto,68,True
1467,Trigonometria,Arco Compuesto,Trigonometria,Arco Compuesto,68,True
1468,Trigonometria,Arco Compuesto,Trigonometria,Arco Compuesto,68,True
1469,Trigonometria,Arco Compuesto,Trigonometria,Arco Compuesto,68,True
1470,Trigonometria,Arco Compuesto,Trigonometria,Arco Compuesto,68,True
1471,Trigonometria,Arco Compuesto,Trigonometria,Arco Compuesto,68,True
1472,Trigonometria,Arco Compuesto,Trigonometria,Arco Compuesto,68,True
1473,Trigonometria,Arco Compuesto,Trigonometria,Arco Compuesto,68,True
1474,Trigonometria,Arco Compuesto,Trigonometria,Arco Compuesto,68,True
1475,Trigonometria,Arco Compuesto,Trigonometria,Arco Compuesto,68,True
1476,Trigonometria,Arco Compuesto,Trigonometria,Arco Compuesto,68,True
1477,Trigonometria,Arco Compuesto,Trigonometria,Arco Compuesto,68,True
1478,Trigonometria,Arco Compuesto,Trigonometria,Arco Compuesto,68,True
1479,Trigonometria,Arco Compuesto,Trigonometria,Arco Compuesto,68,True
1480,Trigonometria,Arco Compuesto,Trigonometria,Arco Compuesto,68,True
1481,Trigonometria,Arco Compuesto,Trigonometria,Arco Compuesto,68,True
1482,Trigonometria,Arco Compuesto,Trigonometria,Arco Compuesto,68,True
1483,Trigonometria,Arco Compuesto,Trigonometria,Arco Compuesto,68,True
1484,Trigonometria,Arco Compuesto,Trigonometria,Arco Compuesto,68,True
1485,Trigonometria,Arco Compuesto,Trigonometria,Arco Compuesto,68,True
1486,Trigonometria,Arco Compuesto,Trigonometria,Arco Compuesto,68,True
1487,Trigonometria,Arco Compuesto,Trigonometria,Arco Compuesto,68,True
1488,Trigonometria,Arco Compuesto,Trigonometria,Arco Compuesto,68,True
1489,Trigonometria,Arco Compuesto,Trigonometria,Arco Compuesto,68,True
1490,Trigonometria,Arco Compuesto,Trigonometria,Arco Compuesto,68,True
1491,Trigonometria,Arco Compuesto,Trigonometria,Arco Compuesto,68,True
1492,Trigonometria,Arco Compuesto,Trigonometria,Arco Compuesto,68,True
1493,Trigonometria,Arco Compuesto,Trigonometria,Arco Compuesto,68,True
1494,Trigonometria,Arco Compuesto,Trigonometria,Arco Compuesto,68,True
1495,Trigonometria,Arco Compuesto,Trigonometria,Arco Compuesto,68,True
1496,Trigonometria,Arco Compuesto,Trigonometria,Arco Compuesto,68,True
1497,Trigonometria,Arco Compuesto,Trigonometria,Arco Compuesto,68,True
1498,Trigonometria,Arco Compuesto,Trigonometria,Arco Compuesto,68,True
1499,Trigonometria,Arco Compuesto,Trigonometria,Arco Compuesto,68,True
1500,Trigonometria,Arco Compuesto,Trigonometria,Arco Compuesto,68,True
1501,Trigonometria,Arco Compuesto,Trigonometria,Arco Compuesto,68,True
1502,Trigonometria,Arco Compuesto,Trigonometria,Arco Compuesto,68,True
1503,Trigonometria,Arco Compuesto,Trigonometria,Arco Compuesto,68,True
1504,Trigonometria,Arco Compuesto,Trigonometria,Arco Compuesto,68,True
1505,Trigonometria,Arco Compuesto,Trigonometria,Arco Compuesto,68,True
1506,Trigonometria,Arco Compuesto,Trigonometria,Arco Compuesto,68,True
1507,Trigonometria,Arco Compuesto,Trigonometria,Arco Compuesto,68,True
1508,Trigonometria,Arco Compuesto,Trigonometria,Arco Compuesto,68,True
1509,Trigonometria,Arco Compuesto,Trigonometria,Arco Compuesto,68,True
1510,Trigonometria,Arco Compuesto,Trigonometria,Arco Compuesto,68,True
1511,Trigonometria,Arco Compuesto,Trigonometria,Arco Compuesto,68,True
1512,Trigonometria,Arco Compuesto,Trigonometria,Arco Compuesto,68,True
1513,Trigonometria,Arco Compuesto,Trigonometria,Arco Compuesto,68,True
1514,Trigonometria,Arco Compuesto,Trigonometria,Arco Compuesto,68,True
1515,Trigonometria,Arco Compuesto,Trigonometria,Arco Compuesto,68,True
1516,Trigonometria,Arco Compuesto,Trigonometria,Arco Compuesto,68,True
1517,Trigonometria,Arco Compuesto,Trigonometria,Arco Compuesto,68,True
1518,Trigonometria,Arco Compuesto,Trigonometria,Arco Compuesto,68,True
1519,Trigonometria,Arco Compuesto,Trigonometria,Arco Compuesto,68,True
1520,Trigonometria,Arco Compuesto,Trigonometria,Arco Compuesto,68,True
1521,Trigonometria,Arco Compuesto,Trigonometria,Arco Compuesto,68,True
1522,Trigonometria,Arco Compuesto,Trigonometria,Arco Compuesto,68,True
1523,Trigonometria,Arco Compuesto,Trigonometria,Arco Compuesto,68,True
1524,Trigonometria,Arco Compuesto,Trigonometria,Arco Compuesto,68,True
1525,Trigonometria,Arco Compuesto,Trigonometria,Arco Compuesto,68,True
1526,Trigonometria,Arco Compuesto,Trigonometria,Arco Compuesto,68,True
1527,Trigonometria,Arco Compuesto,Trigonometria,Arco Compuesto,68,True
1528,Trigonometria,Arco Compuesto,Trigonometria,Arco Compuesto,68,True
1529,Trigonometria,Arco Compuesto,Trigonometria,Arco Compuesto,68,True
1530,Trigonometria,Arco Compuesto,Trigonometria,Arco Compuesto,68,True
1531,Trigonometria,Arco Compuesto,Trigonometria,Arco Compuesto,68,True
1532,Trigonometria,Arco Compuesto,Trigonometria,Arco Compuesto,68,True
1533,Trigonometria,Arco Compuesto,Trigonometria,Arco Compuesto,68,True
1534,Trigonometria,Arco Compuesto,Trigonometria,Arco Compuesto,68,True
1535,Trigonometria,Arco Compuesto,Trigonometria,Arco Compuesto,68,True
1536,Trigonometria,Arco Compuesto,Trigonometria,Arco Compuesto,68,True
1537,Trigonometria,Arco Compuesto,Trigonometria,Arco Compuesto,68,True
1538,Trigonometria,Arco Compuesto,Trigonometria,Arco Compuesto,68,True
1539,Trigonometria,Arco Compuesto,Trigonometria,Arco Compuesto,68,True
1540,Trigonometria,Arco Compuesto,Trigonometria,Arco Compuesto,68,True
1541,Trigonometria,Arco Compuesto,Trigonometria,Arco Compuesto,68,True
1542,Trigonometria,Arco Compuesto,Trigonometria,Arco Compuesto,68,True
1543,Trigonometria,Arco Compuesto,Trigonometria,Arco Compuesto,68,True
1544,Trigonometria,Arco Compuesto,Trigonometria,Arco Compuesto,68,True
1545,Trigonometria,Arco Compuesto,Trigonometria,Arco Compuesto,68,True
1546,Trigonometria,Arco Compuesto,Trigonometria,Arco Compuesto,68,True
1547,Trigonometria,Arco Compuesto,Trigonometria,Arco Compuesto,68,True
1548,Trigonometria,Arco Compuesto,Trigonometria,Arco Compuesto,68,True
1549,Trigonometria,Arco Compuesto,Trigonometria,Arco Compuesto,68,True
1550,Trigonometria,Arco Compuesto,Trigonometria,Arco Compuesto,68,True
1551,Trigonometria,Arco Compuesto,Trigonometria,Arco Compuesto,68,True
1552,Trigonometria,Arco Compuesto,Trigonometria,Arco Compuesto,68,True
1553,Trigonometria,Arco Compuesto,Trigonometria,Arco Compuesto,68,True
1554,Trigonometria,Arco Compuesto,Trigonometria,Arco Compuesto,68,True
1555,Trigonometria,Arco Compuesto,Trigonometria,Arco Compuesto,68,True
1556,Trigonometria,Arco Compuesto,Trigonometria,Arco Compuesto,68,True
1557,Trigonometria,Arco Compuesto,Trigonometria,Arco Compuesto,68,True
1558,Trigonometria,Arco Compuesto,Trigonometria,Arco Compuesto,68,True
1559,Trigonometria,Arco Compuesto,Trigonometria,Arco Compuesto,68,True
1560,Trigonometria,Arco Compuesto,Trigonometria,Arco Compuesto,68,True
1561,Trigonometria,Arco Compuesto,Trigonometria,Arco Compuesto,68,True
1562,Trigonometria,Arco Compuesto,Trigonometria,Arco Compuesto,68,True
1563,Trigonometria,Arco Compuesto,Trigonometria,Arco Compuesto,68,True
1564,Trigonometria,Arco Compuesto,Trigonometria,Arco Compuesto,68,True
1565,Trigonometria,Arco Compuesto,Trigonometria,Arco Compuesto,68,True
1566,Trigonometria,Arco Compuesto,Trigonometria,Arco Compuesto,68,True
1567,Trigonometria,Arco Compuesto,Trigonometria,Arco Compuesto,68,True
1568,Trigonometria,Arco Compuesto,Trigonometria,Arco Compuesto,68,True
1569,Trigonometria,Arco Compuesto,Trigonometria,Arco Compuesto,68,True
1570,Trigonometria,Arco Compuesto,Trigonometria,Arco Compuesto,68,True
1571,Trigonometria,Arco Compuesto,Trigonometria,Arco Compuesto,68,True
1572,Trigonometria,Arco Compuesto,Trigonometria,Arco Compuesto,68,True
1573,Trigonometria,Arco Compuesto,Trigonometria,Arco Compuesto,68,True
1574,Trigonometria,Arco Compuesto,Trigonometria,Arco Compuesto,68,True
1575,Trigonometria,Arco Compuesto,Trigonometria,Arco Compuesto,68,True
1576,Trigonometria,Arco Compuesto,Trigonometria,Arco Compuesto,68,True
1577,Trigonometria,Arco Compuesto,Trigonometria,Arco Compuesto,68,True
1578,Trigonometria,Arco Compuesto,Trigonometria,Arco Compuesto,68,True
1579,Trigonometria,Arco Compuesto,Trigonometria,Arco Compuesto,68,True
1580,Trigonometria,Arco Compuesto,Trigonometria,Arco Compuesto,68,True
1581,Trigonometria,Arco Compuesto,Trigonometria,Arco Compuesto,68,True
1582,Trigonometria,Arco Compuesto,Trigonometria,Arco Compuesto,68,True
1583,Trigonometria,Arco Compuesto,Trigonometria,Arco Compuesto,68,True
1584,Trigonometria,Arco Compuesto,Trigonometria,Arco Compuesto,68,True
1585,Trigonometria,Arco Compuesto,Trigonometria,Arco Compuesto,68,True
1586,Trigonometria,Arco Compuesto,Trigonometria,Arco Compuesto,68,True
1587,Trigonometria,Arco Compuesto,Trigonometria,Arco Compuesto,68,True
1588,Trigonometria,Arco Compuesto,Trigonometria,Arco Compuesto,68,True
1589,Trigonometria,Arco Compuesto,Trigonometria,Arco Compuesto,68,True
1590,Trigonometria,Arco Compuesto,Trigonometria,Arco Compuesto,68,True
1591,Trigonometria,Arco Compuesto,Trigonometria,Arco Compuesto,68,True
1592,Trigonometria,Arco Compuesto,Trigonometria,Arco Compuesto,68,True
1593,Trigonometria,Arco Compuesto,Trigonometria,Arco Compuesto,68,True
1594,Trigonometria,Arco Compuesto,Trigonometria,Arco Compuesto,68,True
1595,Trigonometria,Arco Compuesto,Trigonometria,Arco Compuesto,68,True
1596,Trigonometria,Arco Compuesto,Trigonometria,Arco Compuesto,68,True
1597,Trigonometria,Arco Compuesto,Trigonometria,Arco Compuesto,68,True
1598,Trigonometria,Arco Compuesto,Trigonometria,Arco Compuesto,68,True
1599,Trigonometria,Arco Compuesto,Trigonometria,Arco Compuesto,68,True
1600,Trigonometria,Arco Compuesto,Trigonometria,Arco Compuesto,68,True
1601,Trigonometria,Arco Compuesto,Trigonometria,Arco Compuesto,68,True
1602,Trigonometria,Arco Compuesto,Trigonometria,Arco Compuesto,68,True
1603,Trigonometria,Arco Compuesto,Trigonometria,Arco Compuesto,68,True
1604,Trigonometria,Arcos multiples,Trigonometria,Arcos Multiples,69,True
1605,Trigonometria,Arcos multiples,Trigonometria,Arcos Multiples,69,True
1606,Trigonometria,Arcos multiples,Trigonometria,Arcos Multiples,69,True
1607,Trigonometria,Arcos multiples,Trigonometria,Arcos Multiples,69,True
1608,Trigonometria,Arcos multiples,Trigonometria,Arcos Multiples,69,True
1609,Trigonometria,Arcos multiples,Trigonometria,Arcos Multiples,69,True
1610,Trigonometria,Arcos multiples,Trigonometria,Arcos Multiples,69,True
1611,Trigonometria,Arcos multiples,Trigonometria,Arcos Multiples,69,True
1612,Trigonometria,Arcos multiples,Trigonometria,Arcos Multiples,69,True
1613,Trigonometria,Arcos multiples,Trigonometria,Arcos Multiples,69,True
1614,Trigonometria,Arcos multiples,Trigonometria,Arcos Multiples,69,True
1615,Trigonometria,Arcos multiples,Trigonometria,Arcos Multiples,69,True
1616,Trigonometria,Arcos multiples,Trigonometria,Arcos Multiples,69,True
1617,Trigonometria,Arcos multiples,Trigonometria,Arcos Multiples,69,True
1618,Trigonometria,Arcos multiples,Trigonometria,Arcos Multiples,69,True
1619,Trigonometria,Arcos multiples,Trigonometria,Arcos Multiples,69,True
1620,Trigonometria,Arcos multiples,Trigonometria,Arcos Multiples,69,True
1621,Trigonometria,Arcos multiples,Trigonometria,Arcos Multiples,69,True
1622,Trigonometria,Arcos multiples,Trigonometria,Arcos Multiples,69,True
1623,Trigonometria,Arcos multiples,Trigonometria,Arcos Multiples,69,True
1624,Trigonometria,Arcos multiples,Trigonometria,Arcos Multiples,69,True
1625,Trigonometria,Arcos multiples,Trigonometria,Arcos Multiples,69,True
1626,Trigonometria,Arcos multiples,Trigonometria,Arcos Multiples,69,True
1627,Trigonometria,Arcos multiples,Trigonometria,Arcos Multiples,69,True
1628,Trigonometria,Arcos multiples,Trigonometria,Arcos Multiples,69,True
1629,Trigonometria,Arcos multiples,Trigonometria,Arcos Multiples,69,True
1630,Trigonometria,Arcos multiples,Trigonometria,Arcos Multiples,69,True
1631,Trigonometria,Arcos multiples,Trigonometria,Arcos Multiples,69,True
1632,Trigonometria,Arcos multiples,Trigonometria,Arcos Multiples,69,True
1633,Trigonometria,Arcos multiples,Trigonometria,Arcos Multiples,69,True
1634,Trigonometria,Arcos multiples,Trigonometria,Arcos Multiples,69,True
1635,Trigonometria,Arcos multiples,Trigonometria,Arcos Multiples,69,True
1636,Trigonometria,Arcos multiples,Trigonometria,Arcos Multiples,69,True
1637,Trigonometria,Arcos multiples,Trigonometria,Arcos Multiples,69,True
1638,Trigonometria,Arcos multiples,Trigonometria,Arcos Multiples,69,True
1639,Trigonometria,Arcos multiples,Trigonometria,Arcos Multiples,69,True
1640,Trigonometria,Arcos multiples,Trigonometria,Arcos Multiples,69,True
1641,Trigonometria,Arcos multiples,Trigonometria,Arcos Multiples,69,True
1642,Trigonometria,Arcos multiples,Trigonometria,Arcos Multiples,69,True
1643,Trigonometria,Arcos multiples,Trigonometria,Arcos Multiples,69,True
1644,Trigonometria,Arcos multiples,Trigonometria,Arcos Multiples,69,True
1645,Trigonometria,Arcos multiples,Trigonometria,Arcos Multiples,69,True
1646,Trigonometria,Arcos multiples,Trigonometria,Arcos Multiples,69,True
1647,Trigonometria,Arcos multiples,Trigonometria,Arcos Multiples,69,True
1648,Trigonometria,Arcos multiples,Trigonometria,Arcos Multiples,69,True
1649,Trigonometria,Arcos multiples,Trigonometria,Arcos Multiples,69,True
1650,Trigonometria,Arcos multiples,Trigonometria,Arcos Multiples,69,True
1651,Trigonometria,Arcos multiples,Trigonometria,Arcos Multiples,69,True
1652,Trigonometria,Arcos multiples,Trigonometria,Arcos Multiples,69,True
1653,Trigonometria,Arcos multiples,Trigonometria,Arcos Multiples,69,True
1654,Trigonometria,Arcos multiples,Trigonometria,Arcos Multiples,69,True
1655,Trigonometria,Arcos multiples,Trigonometria,Arcos Multiples,69,True
1656,Trigonometria,Arcos multiples,Trigonometria,Arcos Multiples,69,True
1657,Trigonometria,Arcos multiples,Trigonometria,Arcos Multiples,69,True
1658,Trigonometria,Arcos multiples,Trigonometria,Arcos Multiples,69,True
1659,Trigonometria,Arcos multiples,Trigonometria,Arcos Multiples,69,True
1660,Trigonometria,Arcos multiples,Trigonometria,Arcos Multiples,69,True
1661,Trigonometria,Arcos multiples,Trigonometria,Arcos Multiples,69,True
1662,Trigonometria,Arcos multiples,Trigonometria,Arcos Multiples,69,True
1663,Trigonometria,Arcos multiples,Trigonometria,Arcos Multiples,69,True
1664,Trigonometria,Arcos multiples,Trigonometria,Arcos Multiples,69,True
1665,Trigonometria,Arcos multiples,Trigonometria,Arcos Multiples,69,True
1666,Trigonometria,Arcos multiples,Trigonometria,Arcos Multiples,69,True
1667,Trigonometria,Arcos multiples,Trigonometria,Arcos Multiples,69,True
1668,Trigonometria,Arcos multiples,Trigonometria,Arcos Multiples,69,True
1669,Trigonometria,Arcos multiples,Trigonometria,Arcos Multiples,69,True
1670,Trigonometria,Arcos multiples,Trigonometria,Arcos Multiples,69,True
1671,Trigonometria,Arcos multiples,Trigonometria,Arcos Multiples,69,True
1672,Trigonometria,Arcos multiples,Trigonometria,Arcos Multiples,69,True
1673,Trigonometria,Arcos multiples,Trigonometria,Arcos Multiples,69,True
1674,Trigonometria,Arcos multiples,Trigonometria,Arcos Multiples,69,True
1675,Trigonometria,Arcos multiples,Trigonometria,Arcos Multiples,69,True
1676,Trigonometria,Arcos multiples,Trigonometria,Arcos Multiples,69,True
1677,Trigonometria,Arcos multiples,Trigonometria,Arcos Multiples,69,True
1678,Trigonometria,Arcos multiples,Trigonometria,Arcos Multiples,69,True
1679,Trigonometria,Arcos multiples,Trigonometria,Arcos Multiples,69,True
1680,Trigonometria,Arcos multiples,Trigonometria,Arcos Multiples,69,True
1681,Trigonometria,Arcos multiples,Trigonometria,Arcos Multiples,69,True
1682,Trigonometria,Arcos multiples,Trigonometria,Arcos Multiples,69,True
1683,Trigonometria,Arcos multiples,Trigonometria,Arcos Multiples,69,True
1684,Trigonometria,Arcos multiples,Trigonometria,Arcos Multiples,69,True
1685,Trigonometria,Arcos multiples,Trigonometria,Arcos Multiples,69,True
1686,Trigonometria,Arcos multiples,Trigonometria,Arcos Multiples,69,True
1687,Trigonometria,Arcos multiples,Trigonometria,Arcos Multiples,69,True
1688,Trigonometria,Arcos multiples,Trigonometria,Arcos Multiples,69,True
1689,Trigonometria,Arcos multiples,Trigonometria,Arcos Multiples,69,True
1690,Trigonometria,Arcos multiples,Trigonometria,Arcos Multiples,69,True
1691,Trigonometria,Arcos multiples,Trigonometria,Arcos Multiples,69,True
1692,Trigonometria,Arcos multiples,Trigonometria,Arcos Multiples,69,True
1693,Trigonometria,Arcos multiples,Trigonometria,Arcos Multiples,69,True
1694,Trigonometria,Arcos multiples,Trigonometria,Arcos Multiples,69,True
1695,Trigonometria,Arcos multiples,Trigonometria,Arcos Multiples,69,True
1696,Trigonometria,Arcos multiples,Trigonometria,Arcos Multiples,69,True
1697,Trigonometria,Arcos multiples,Trigonometria,Arcos Multiples,69,True
1698,Trigonometria,Arcos multiples,Trigonometria,Arcos Multiples,69,True
1699,Trigonometria,Arcos multiples,Trigonometria,Arcos Multiples,69,True
1700,Trigonometria,Arcos multiples,Trigonometria,Arcos Multiples,69,True
1701,Trigonometria,Arcos multiples,Trigonometria,Arcos Multiples,69,True
1702,Trigonometria,Arcos multiples,Trigonometria,Arcos Multiples,69,True
1703,Trigonometria,Arcos multiples,Trigonometria,Arcos Multiples,69,True
1704,Trigonometria,Arcos multiples,Trigonometria,Arcos Multiples,69,True
1705,Trigonometria,Arcos multiples,Trigonometria,Arcos Multiples,69,True
1706,Trigonometria,Arcos multiples,Trigonometria,Arcos Multiples,69,True
1707,Trigonometria,Arcos multiples,Trigonometria,Arcos Multiples,69,True
1708,Trigonometria,Arcos multiples,Trigonometria,Arcos Multiples,69,True
1709,Trigonometria,Arcos multiples,Trigonometria,Arcos Multiples,69,True
1710,Trigonometria,Arcos multiples,Trigonometria,Arcos Multiples,69,True
1711,Trigonometria,Arcos multiples,Trigonometria,Arcos Multiples,69,True
1712,Trigonometria,Arcos multiples,Trigonometria,Arcos Multiples,69,True
1713,Trigonometria,Arcos multiples,Trigonometria,Arcos Multiples,69,True
1714,Trigonometria,Arcos multiples,Trigonometria,Arcos Multiples,69,True
1715,Trigonometria,Arcos multiples,Trigonometria,Arcos Multiples,69,True
1716,Trigonometria,Arcos multiples,Trigonometria,Arcos Multiples,69,True
1717,Trigonometria,Arcos multiples,Trigonometria,Arcos Multiples,69,True
1718,Trigonometria,Arcos multiples,Trigonometria,Arcos Multiples,69,True
1719,Trigonometria,Arcos multiples,Trigonometria,Arcos Multiples,69,True
1720,Trigonometria,Arcos multiples,Trigonometria,Arcos Multiples,69,True
1721,Trigonometria,Arcos multiples,Trigonometria,Arcos Multiples,69,True
1722,Trigonometria,Arcos multiples,Trigonometria,Arcos Multiples,69,True
1723,Trigonometria,Arcos multiples,Trigonometria,Arcos Multiples,69,True
1724,Trigonometria,Arcos multiples,Trigonometria,Arcos Multiples,69,True
1725,Trigonometria,Arcos multiples,Trigonometria,Arcos Multiples,69,True
1726,Trigonometria,Arcos multiples,Trigonometria,Arcos Multiples,69,True
1727,Trigonometria,Arcos multiples,Trigonometria,Arcos Multiples,69,True
1728,Trigonometria,Arcos multiples,Trigonometria,Arcos Multiples,69,True
1729,Trigonometria,Arcos multiples,Trigonometria,Arcos Multiples,69,True
1730,Trigonometria,Arcos multiples,Trigonometria,Arcos Multiples,69,True
1731,Trigonometria,Arcos multiples,Trigonometria,Arcos Multiples,69,True
1732,Trigonometria,Arcos multiples,Trigonometria,Arcos Multiples,69,True
1733,Trigonometria,Arcos multiples,Trigonometria,Arcos Multiples,69,True
1734,Trigonometria,Arcos multiples,Trigonometria,Arcos Multiples,69,True
1735,Trigonometria,Arcos multiples,Trigonometria,Arcos Multiples,69,True
1736,Trigonometria,Arcos multiples,Trigonometria,Arcos Multiples,69,True
1737,Trigonometria,Arcos multiples,Trigonometria,Arcos Multiples,69,True
1738,Trigonometria,Arcos multiples,Trigonometria,Arcos Multiples,69,True
1739,Trigonometria,Arcos multiples,Trigonometria,Arcos Multiples,69,True
1740,Trigonometria,Arcos multiples,Trigonometria,Arcos Multiples,69,True
1741,Trigonometria,Arcos multiples,Trigonometria,Arcos Multiples,69,True
1742,Trigonometria,Arcos multiples,Trigonometria,Arcos Multiples,69,True
1743,Trigonometria,Arcos multiples,Trigonometria,Arcos Multiples,69,True
1744,Trigonometria,Arcos multiples,Trigonometria,Arcos Multiples,69,True
1745,Trigonometria,Arcos multiples,Trigonometria,Arcos Multiples,69,True
1746,Trigonometria,Arcos multiples,Trigonometria,Arcos Multiples,69,True
1747,Trigonometria,Arcos multiples,Trigonometria,Arcos Multiples,69,True
1748,Trigonometria,Arcos multiples,Trigonometria,Arcos Multiples,69,True
1749,Trigonometria,Arcos multiples,Trigonometria,Arcos Multiples,69,True
1750,Trigonometria,Arcos multiples,Trigonometria,Arcos Multiples,69,True
1751,Trigonometria,Arcos multiples,Trigonometria,Arcos Multiples,69,True
1752,Trigonometria,Arcos multiples,Trigonometria,Arcos Multiples,69,True
1753,Trigonometria,Arcos multiples,Trigonometria,Arcos Multiples,69,True
1754,Trigonometria,Arcos multiples,Trigonometria,Arcos Multiples,69,True
1755,Trigonometria,Arcos multiples,Trigonometria,Arcos Multiples,69,True
1756,Trigonometria,Arcos multiples,Trigonometria,Arcos Multiples,69,True
1757,Trigonometria,Arcos multiples,Trigonometria,Arcos Multiples,69,True
1758,Trigonometria,Arcos multiples,Trigonometria,Arcos Multiples,69,True
1759,Trigonometria,Arcos multiples,Trigonometria,Arcos Multiples,69,True
1760,Trigonometria,Arcos multiples,Trigonometria,Arcos Multiples,69,True
1761,Trigonometria,Arcos multiples,Trigonometria,Arcos Multiples,69,True
1762,Trigonometria,Arcos multiples,Trigonometria,Arcos Multiples,69,True
1763,Trigonometria,Arcos multiples,Trigonometria,Arcos Multiples,69,True
1764,Trigonometria,Arcos multiples,Trigonometria,Arcos Multiples,69,True
1765,Trigonometria,Arcos multiples,Trigonometria,Arcos Multiples,69,True
1766,Trigonometria,Arcos multiples,Trigonometria,Arcos Multiples,69,True
1767,Trigonometria,Arcos multiples,Trigonometria,Arcos Multiples,69,True
1768,Trigonometria,Arcos multiples,Trigonometria,Arcos Multiples,69,True
1769,Trigonometria,Arcos multiples,Trigonometria,Arcos Multiples,69,True
1770,Trigonometria,Arcos multiples,Trigonometria,Arcos Multiples,69,True
1771,Trigonometria,Arcos multiples,Trigonometria,Arcos Multiples,69,True
1772,Trigonometria,Arcos multiples,Trigonometria,Arcos Multiples,69,True
1773,Trigonometria,Arcos multiples,Trigonometria,Arcos Multiples,69,True
1774,Trigonometria,Arcos multiples,Trigonometria,Arcos Multiples,69,True
1775,Trigonometria,Arcos multiples,Trigonometria,Arcos Multiples,69,True
1776,Trigonometria,Arcos multiples,Trigonometria,Arcos Multiples,69,True
1777,Trigonometria,Arcos multiples,Trigonometria,Arcos Multiples,69,True
1778,Trigonometria,Arcos multiples,Trigonometria,Arcos Multiples,69,True
1779,Trigonometria,Arcos multiples,Trigonometria,Arcos Multiples,69,True
1780,Trigonometria,Arcos multiples,Trigonometria,Arcos Multiples,69,True
1781,Trigonometria,Arcos multiples,Trigonometria,Arcos Multiples,69,True
1782,Trigonometria,Arcos multiples,Trigonometria,Arcos Multiples,69,True
1783,Trigonometria,Arcos multiples,Trigonometria,Arcos Multiples,69,True
1784,Trigonometria,Arcos multiples,Trigonometria,Arcos Multiples,69,True
1785,Trigonometria,Arcos multiples,Trigonometria,Arcos Multiples,69,True
1786,Trigonometria,Arcos multiples,Trigonometria,Arcos Multiples,69,True
1787,Trigonometria,Arcos multiples,Trigonometria,Arcos Multiples,69,True
1788,Trigonometria,Arcos multiples,Trigonometria,Arcos Multiples,69,True
1789,Trigonometria,Arcos multiples,Trigonometria,Arcos Multiples,69,True
1790,Trigonometria,Arcos multiples,Trigonometria,Arcos Multiples,69,True
1791,Trigonometria,Arcos multiples,Trigonometria,Arcos Multiples,69,True
1792,Trigonometria,Arcos multiples,Trigonometria,Arcos Multiples,69,True
1793,Trigonometria,Arcos multiples,Trigonometria,Arcos Multiples,69,True
1794,Trigonometria,Arcos multiples,Trigonometria,Arcos Multiples,69,True
1795,Trigonometria,Arcos multiples,Trigonometria,Arcos Multiples,69,True
1796,Trigonometria,Arcos multiples,Trigonometria,Arcos Multiples,69,True
1797,Trigonometria,Arcos multiples,Trigonometria,Arcos Multiples,69,True
1798,Trigonometria,Arcos multiples,Trigonometria,Arcos Multiples,69,True
1799,Trigonometria,Arcos multiples,Trigonometria,Arcos Multiples,69,True
1800,Trigonometria,Arcos multiples,Trigonometria,Arcos Multiples,69,True
1801,Trigonometria,Arcos multiples,Trigonometria,Arcos Multiples,69,True
1802,Trigonometria,Arcos multiples,Trigonometria,Arcos Multiples,69,True
1803,Trigonometria,Arcos multiples,Trigonometria,Arcos Multiples,69,True
1804,Trigonometria,Transformaciones Trigonometricas,Trigonometria,Transformaciones Trigonometricas,84,True
1805,Trigonometria,Transformaciones Trigonometricas,Trigonometria,Transformaciones Trigonometricas,84,True
1806,Trigonometria,Transformaciones Trigonometricas,Trigonometria,Transformaciones Trigonometricas,84,True
1807,Trigonometria,Transformaciones Trigonometricas,Trigonometria,Transformaciones Trigonometricas,84,True
1808,Trigonometria,Transformaciones Trigonometricas,Trigonometria,Transformaciones Trigonometricas,84,True
1809,Trigonometria,Transformaciones Trigonometricas,Trigonometria,Transformaciones Trigonometricas,84,True
1810,Trigonometria,Transformaciones Trigonometricas,Trigonometria,Transformaciones Trigonometricas,84,True
1811,Trigonometria,Transformaciones Trigonometricas,Trigonometria,Transformaciones Trigonometricas,84,True
1812,Trigonometria,Transformaciones Trigonometricas,Trigonometria,Transformaciones Trigonometricas,84,True
1813,Trigonometria,Transformaciones Trigonometricas,Trigonometria,Transformaciones Trigonometricas,84,True
1814,Trigonometria,Transformaciones Trigonometricas,Trigonometria,Transformaciones Trigonometricas,84,True
1815,Trigonometria,Transformaciones Trigonometricas,Trigonometria,Transformaciones Trigonometricas,84,True
1816,Trigonometria,Transformaciones Trigonometricas,Trigonometria,Transformaciones Trigonometricas,84,True
1817,Trigonometria,Transformaciones Trigonometricas,Trigonometria,Transformaciones Trigonometricas,84,True
1818,Trigonometria,Transformaciones Trigonometricas,Trigonometria,Transformaciones Trigonometricas,84,True
1819,Trigonometria,Transformaciones Trigonometricas,Trigonometria,Transformaciones Trigonometricas,84,True
1820,Trigonometria,Transformaciones Trigonometricas,Trigonometria,Transformaciones Trigonometricas,84,True
1821,Trigonometria,Transformaciones Trigonometricas,Trigonometria,Transformaciones Trigonometricas,84,True
1822,Trigonometria,Transformaciones Trigonometricas,Trigonometria,Transformaciones Trigonometricas,84,True
1823,Trigonometria,Transformaciones Trigonometricas,Trigonometria,Transformaciones Trigonometricas,84,True
1824,Trigonometria,Transformaciones Trigonometricas,Trigonometria,Transformaciones Trigonometricas,84,True
1825,Trigonometria,Transformaciones Trigonometricas,Trigonometria,Transformaciones Trigonometricas,84,True
1826,Trigonometria,Transformaciones Trigonometricas,Trigonometria,Transformaciones Trigonometricas,84,True
1827,Trigonometria,Transformaciones Trigonometricas,Trigonometria,Transformaciones Trigonometricas,84,True
1828,Trigonometria,Transformaciones Trigonometricas,Trigonometria,Transformaciones Trigonometricas,84,True
1829,Trigonometria,Transformaciones Trigonometricas,Trigonometria,Transformaciones Trigonometricas,84,True
1830,Trigonometria,Transformaciones Trigonometricas,Trigonometria,Transformaciones Trigonometricas,84,True
1831,Trigonometria,Transformaciones Trigonometricas,Trigonometria,Transformaciones Trigonometricas,84,True
1832,Trigonometria,Transformaciones Trigonometricas,Trigonometria,Transformaciones Trigonometricas,84,True
1833,Trigonometria,Transformaciones Trigonometricas,Trigonometria,Transformaciones Trigonometricas,84,True
1834,Trigonometria,Transformaciones Trigonometricas,Trigonometria,Transformaciones Trigonometricas,84,True
1835,Trigonometria,Transformaciones Trigonometricas,Trigonometria,Transformaciones Trigonometricas,84,True
1836,Trigonometria,Transformaciones Trigonometricas,Trigonometria,Transformaciones Trigonometricas,84,True
1837,Trigonometria,Transformaciones Trigonometricas,Trigonometria,Transformaciones Trigonometricas,84,True
1838,Trigonometria,Transformaciones Trigonometricas,Trigonometria,Transformaciones Trigonometricas,84,True
1839,Trigonometria,Transformaciones Trigonometricas,Trigonometria,Transformaciones Trigonometricas,84,True
1840,Trigonometria,Transformaciones Trigonometricas,Trigonometria,Transformaciones Trigonometricas,84,True
1841,Trigonometria,Transformaciones Trigonometricas,Trigonometria,Transformaciones Trigonometricas,84,True
1842,Trigonometria,Transformaciones Trigonometricas,Trigonometria,Transformaciones Trigonometricas,84,True
1843,Trigonometria,Transformaciones Trigonometricas,Trigonometria,Transformaciones Trigonometricas,84,True
1844,Trigonometria,Transformaciones Trigonometricas,Trigonometria,Transformaciones Trigonometricas,84,True
1845,Trigonometria,Transformaciones Trigonometricas,Trigonometria,Transformaciones Trigonometricas,84,True
1846,Trigonometria,Transformaciones Trigonometricas,Trigonometria,Transformaciones Trigonometricas,84,True
1847,Trigonometria,Transformaciones Trigonometricas,Trigonometria,Transformaciones Trigonometricas,84,True
1848,Trigonometria,Transformaciones Trigonometricas,Trigonometria,Transformaciones Trigonometricas,84,True
1849,Trigonometria,Transformaciones Trigonometricas,Trigonometria,Transformaciones Trigonometricas,84,True
1850,Trigonometria,Transformaciones Trigonometricas,Trigonometria,Transformaciones Trigonometricas,84,True
1851,Trigonometria,Transformaciones Trigonometricas,Trigonometria,Transformaciones Trigonometricas,84,True
1852,Trigonometria,Transformaciones Trigonometricas,Trigonometria,Transformaciones Trigonometricas,84,True
1853,Trigonometria,Transformaciones Trigonometricas,Trigonometria,Transformaciones Trigonometricas,84,True
1854,Trigonometria,Transformaciones Trigonometricas,Trigonometria,Transformaciones Trigonometricas,84,True
1855,Trigonometria,Transformaciones Trigonometricas,Trigonometria,Transformaciones Trigonometricas,84,True
1856,Trigonometria,Transformaciones Trigonometricas,Trigonometria,Transformaciones Trigonometricas,84,True
1857,Trigonometria,Transformaciones Trigonometricas,Trigonometria,Transformaciones Trigonometricas,84,True
1858,Trigonometria,Transformaciones Trigonometricas,Trigonometria,Transformaciones Trigonometricas,84,True
1859,Trigonometria,Transformaciones Trigonometricas,Trigonometria,Transformaciones Trigonometricas,84,True
1860,Trigonometria,Transformaciones Trigonometricas,Trigonometria,Transformaciones Trigonometricas,84,True
1861,Trigonometria,Transformaciones Trigonometricas,Trigonometria,Transformaciones Trigonometricas,84,True
1862,Trigonometria,Transformaciones Trigonometricas,Trigonometria,Transformaciones Trigonometricas,84,True
1863,Trigonometria,Transformaciones Trigonometricas,Trigonometria,Transformaciones Trigonometricas,84,True
1864,Trigonometria,Transformaciones Trigonometricas,Trigonometria,Transformaciones Trigonometricas,84,True
1865,Trigonometria,Transformaciones Trigonometricas,Trigonometria,Transformaciones Trigonometricas,84,True
1866,Trigonometria,Transformaciones Trigonometricas,Trigonometria,Transformaciones Trigonometricas,84,True
1867,Trigonometria,Transformaciones Trigonometricas,Trigonometria,Transformaciones Trigonometricas,84,True
1868,Trigonometria,Transformaciones Trigonometricas,Trigonometria,Transformaciones Trigonometricas,84,True
1869,Trigonometria,Transformaciones Trigonometricas,Trigonometria,Transformaciones Trigonometricas,84,True
1870,Trigonometria,Transformaciones Trigonometricas,Trigonometria,Transformaciones Trigonometricas,84,True
1871,Trigonometria,Transformaciones Trigonometricas,Trigonometria,Transformaciones Trigonometricas,84,True
1872,Trigonometria,Transformaciones Trigonometricas,Trigonometria,Transformaciones Trigonometricas,84,True
1873,Trigonometria,Transformaciones Trigonometricas,Trigonometria,Transformaciones Trigonometricas,84,True
1874,Trigonometria,Transformaciones Trigonometricas,Trigonometria,Transformaciones Trigonometricas,84,True
1875,Trigonometria,Transformaciones Trigonometricas,Trigonometria,Transformaciones Trigonometricas,84,True
1876,Trigonometria,Transformaciones Trigonometricas,Trigonometria,Transformaciones Trigonometricas,84,True
1877,Trigonometria,Transformaciones Trigonometricas,Trigonometria,Transformaciones Trigonometricas,84,True
1878,Trigonometria,Transformaciones Trigonometricas,Trigonometria,Transformaciones Trigonometricas,84,True
1879,Trigonometria,Transformaciones Trigonometricas,Trigonometria,Transformaciones Trigonometricas,84,True
1880,Trigonometria,Transformaciones Trigonometricas,Trigonometria,Transformaciones Trigonometricas,84,True
1881,Trigonometria,Transformaciones Trigonometricas,Trigonometria,Transformaciones Trigonometricas,84,True
1882,Trigonometria,Transformaciones Trigonometricas,Trigonometria,Transformaciones Trigonometricas,84,True
1883,Trigonometria,Transformaciones Trigonometricas,Trigonometria,Transformaciones Trigonometricas,84,True
1884,Trigonometria,Transformaciones Trigonometricas,Trigonometria,Transformaciones Trigonometricas,84,True
1885,Trigonometria,Transformaciones Trigonometricas,Trigonometria,Transformaciones Trigonometricas,84,True
1886,Trigonometria,Transformaciones Trigonometricas,Trigonometria,Transformaciones Trigonometricas,84,True
1887,Trigonometria,Transformaciones Trigonometricas,Trigonometria,Transformaciones Trigonometricas,84,True
1888,Trigonometria,Transformaciones Trigonometricas,Trigonometria,Transformaciones Trigonometricas,84,True
1889,Trigonometria,Transformaciones Trigonometricas,Trigonometria,Transformaciones Trigonometricas,84,True
1890,Trigonometria,Transformaciones Trigonometricas,Trigonometria,Transformaciones Trigonometricas,84,True
1891,Trigonometria,Transformaciones Trigonometricas,Trigonometria,Transformaciones Trigonometricas,84,True
1892,Trigonometria,Transformaciones Trigonometricas,Trigonometria,Transformaciones Trigonometricas,84,True
1893,Trigonometria,Transformaciones Trigonometricas,Trigonometria,Transformaciones Trigonometricas,84,True
1894,Trigonometria,Transformaciones Trigonometricas,Trigonometria,Transformaciones Trigonometricas,84,True
1895,Trigonometria,Transformaciones Trigonometricas,Trigonometria,Transformaciones Trigonometricas,84,True
1896,Trigonometria,Transformaciones Trigonometricas,Trigonometria,Transformaciones Trigonometricas,84,True
1897,Trigonometria,Transformaciones Trigonometricas,Trigonometria,Transformaciones Trigonometricas,84,True
1898,Trigonometria,Transformaciones Trigonometricas,Trigonometria,Transformaciones Trigonometricas,84,True
1899,Trigonometria,Transformaciones Trigonometricas,Trigonometria,Transformaciones Trigonometricas,84,True
1900,Trigonometria,Transformaciones Trigonometricas,Trigonometria,Transformaciones Trigonometricas,84,True
1901,Trigonometria,Transformaciones Trigonometricas,Trigonometria,Transformaciones Trigonometricas,84,True
1902,Trigonometria,Transformaciones Trigonometricas,Trigonometria,Transformaciones Trigonometricas,84,True
1903,Trigonometria,Transformaciones Trigonometricas,Trigonometria,Transformaciones Trigonometricas,84,True
1904,Trigonometria,Transformaciones Trigonometricas,Trigonometria,Transformaciones Trigonometricas,84,True
1905,Trigonometria,Transformaciones Trigonometricas,Trigonometria,Transformaciones Trigonometricas,84,True
1906,Trigonometria,Transformaciones Trigonometricas,Trigonometria,Transformaciones Trigonometricas,84,True
1907,Trigonometria,Transformaciones Trigonometricas,Trigonometria,Transformaciones Trigonometricas,84,True
1908,Trigonometria,Transformaciones Trigonometricas,Trigonometria,Transformaciones Trigonometricas,84,True
1909,Trigonometria,Transformaciones Trigonometricas,Trigonometria,Transformaciones Trigonometricas,84,True
1910,Trigonometria,Transformaciones Trigonometricas,Trigonometria,Transformaciones Trigonometricas,84,True
1911,Trigonometria,Transformaciones Trigonometricas,Trigonometria,Transformaciones Trigonometricas,84,True
1912,Trigonometria,Transformaciones Trigonometricas,Trigonometria,Transformaciones Trigonometricas,84,True
1913,Trigonometria,Transformaciones Trigonometricas,Trigonometria,Transformaciones Trigonometricas,84,True
1914,Trigonometria,Transformaciones Trigonometricas,Trigonometria,Transformaciones Trigonometricas,84,True
1915,Trigonometria,Transformaciones Trigonometricas,Trigonometria,Transformaciones Trigonometricas,84,True
1916,Trigonometria,Transformaciones Trigonometricas,Trigonometria,Transformaciones Trigonometricas,84,True
1917,Trigonometria,Transformaciones Trigonometricas,Trigonometria,Transformaciones Trigonometricas,84,True
1918,Trigonometria,Transformaciones Trigonometricas,Trigonometria,Transformaciones Trigonometricas,84,True
1919,Trigonometria,Transformaciones Trigonometricas,Trigonometria,Transformaciones Trigonometricas,84,True
1920,Trigonometria,Transformaciones Trigonometricas,Trigonometria,Transformaciones Trigonometricas,84,True
1921,Trigonometria,Transformaciones Trigonometricas,Trigonometria,Transformaciones Trigonometricas,84,True
1922,Trigonometria,Transformaciones Trigonometricas,Trigonometria,Transformaciones Trigonometricas,84,True
1923,Trigonometria,Transformaciones Trigonometricas,Trigonometria,Transformaciones Trigonometricas,84,True
1924,Trigonometria,Transformaciones Trigonometricas,Trigonometria,Transformaciones Trigonometricas,84,True
1925,Trigonometria,Transformaciones Trigonometricas,Trigonometria,Transformaciones Trigonometricas,84,True
1926,Trigonometria,Transformaciones Trigonometricas,Trigonometria,Transformaciones Trigonometricas,84,True
1927,Trigonometria,Transformaciones Trigonometricas,Trigonometria,Transformaciones Trigonometricas,84,True
1928,Trigonometria,Transformaciones Trigonometricas,Trigonometria,Transformaciones Trigonometricas,84,True
1929,Trigonometria,Transformaciones Trigonometricas,Trigonometria,Transformaciones Trigonometricas,84,True
1930,Trigonometria,Transformaciones Trigonometricas,Trigonometria,Transformaciones Trigonometricas,84,True
1931,Trigonometria,Transformaciones Trigonometricas,Trigonometria,Transformaciones Trigonometricas,84,True
1932,Trigonometria,Transformaciones Trigonometricas,Trigonometria,Transformaciones Trigonometricas,84,True
1933,Trigonometria,Transformaciones Trigonometricas,Trigonometria,Transformaciones Trigonometricas,84,True
1934,Trigonometria,Transformaciones Trigonometricas,Trigonometria,Transformaciones Trigonometricas,84,True
1935,Trigonometria,Transformaciones Trigonometricas,Trigonometria,Transformaciones Trigonometricas,84,True
1936,Trigonometria,Transformaciones Trigonometricas,Trigonometria,Transformaciones Trigonometricas,84,True
1937,Trigonometria,Transformaciones Trigonometricas,Trigonometria,Transformaciones Trigonometricas,84,True
1938,Trigonometria,Transformaciones Trigonometricas,Trigonometria,Transformaciones Trigonometricas,84,True
1939,Trigonometria,Transformaciones Trigonometricas,Trigonometria,Transformaciones Trigonometricas,84,True
1940,Trigonometria,Transformaciones Trigonometricas,Trigonometria,Transformaciones Trigonometricas,84,True
1941,Trigonometria,Transformaciones Trigonometricas,Trigonometria,Transformaciones Trigonometricas,84,True
1942,Trigonometria,Transformaciones Trigonometricas,Trigonometria,Transformaciones Trigonometricas,84,True
1943,Trigonometria,Transformaciones Trigonometricas,Trigonometria,Transformaciones Trigonometricas,84,True
1944,Trigonometria,Transformaciones Trigonometricas,Trigonometria,Transformaciones Trigonometricas,84,True
1945,Trigonometria,Transformaciones Trigonometricas,Trigonometria,Transformaciones Trigonometricas,84,True
1946,Trigonometria,Transformaciones Trigonometricas,Trigonometria,Transformaciones Trigonometricas,84,True
1947,Trigonometria,Transformaciones Trigonometricas,Trigonometria,Transformaciones Trigonometricas,84,True
1948,Trigonometria,Transformaciones Trigonometricas,Trigonometria,Transformaciones Trigonometricas,84,True
1949,Trigonometria,Transformaciones Trigonometricas,Trigonometria,Transformaciones Trigonometricas,84,True
1950,Trigonometria,Transformaciones Trigonometricas,Trigonometria,Transformaciones Trigonometricas,84,True
1951,Trigonometria,Transformaciones Trigonometricas,Trigonometria,Transformaciones Trigonometricas,84,True
1952,Trigonometria,Transformaciones Trigonometricas,Trigonometria,Transformaciones Trigonometricas,84,True
1953,Trigonometria,Transformaciones Trigonometricas,Trigonometria,Transformaciones Trigonometricas,84,True
1954,Trigonometria,Transformaciones Trigonometricas,Trigonometria,Transformaciones Trigonometricas,84,True
1955,Trigonometria,Transformaciones Trigonometricas,Trigonometria,Transformaciones Trigonometricas,84,True
1956,Trigonometria,Transformaciones Trigonometricas,Trigonometria,Transformaciones Trigonometricas,84,True
1957,Trigonometria,Transformaciones Trigonometricas,Trigonometria,Transformaciones Trigonometricas,84,True
1958,Trigonometria,Transformaciones Trigonometricas,Trigonometria,Transformaciones Trigonometricas,84,True
1959,Trigonometria,Transformaciones Trigonometricas,Trigonometria,Transformaciones Trigonometricas,84,True
1960,Trigonometria,Transformaciones Trigonometricas,Trigonometria,Transformaciones Trigonometricas,84,True
1961,Trigonometria,Transformaciones Trigonometricas,Trigonometria,Transformaciones Trigonometricas,84,True
1962,Trigonometria,Transformaciones Trigonometricas,Trigonometria,Transformaciones Trigonometricas,84,True
1963,Trigonometria,Transformaciones Trigonometricas,Trigonometria,Transformaciones Trigonometricas,84,True
1964,Trigonometria,Transformaciones Trigonometricas,Trigonometria,Transformaciones Trigonometricas,84,True
1965,Trigonometria,Transformaciones Trigonometricas,Trigonometria,Transformaciones Trigonometricas,84,True
1966,Trigonometria,Transformaciones Trigonometricas,Trigonometria,Transformaciones Trigonometricas,84,True
1967,Trigonometria,Transformaciones Trigonometricas,Trigonometria,Transformaciones Trigonometricas,84,True
1968,Trigonometria,Transformaciones Trigonometricas,Trigonometria,Transformaciones Trigonometricas,84,True
1969,Trigonometria,Transformaciones Trigonometricas,Trigonometria,Transformaciones Trigonometricas,84,True
1970,Trigonometria,Transformaciones Trigonometricas,Trigonometria,Transformaciones Trigonometricas,84,True
1971,Trigonometria,Transformaciones Trigonometricas,Trigonometria,Transformaciones Trigonometricas,84,True
1972,Trigonometria,Transformaciones Trigonometricas,Trigonometria,Transformaciones Trigonometricas,84,True
1973,Trigonometria,Transformaciones Trigonometricas,Trigonometria,Transformaciones Trigonometricas,84,True
1974,Trigonometria,Transformaciones Trigonometricas,Trigonometria,Transformaciones Trigonometricas,84,True
1975,Trigonometria,Transformaciones Trigonometricas,Trigonometria,Transformaciones Trigonometricas,84,True
1976,Trigonometria,Transformaciones Trigonometricas,Trigonometria,Transformaciones Trigonometricas,84,True
1977,Trigonometria,Transformaciones Trigonometricas,Trigonometria,Transformaciones Trigonometricas,84,True
1978,Trigonometria,Transformaciones Trigonometricas,Trigonometria,Transformaciones Trigonometricas,84,True
1979,Trigonometria,Transformaciones Trigonometricas,Trigonometria,Transformaciones Trigonometricas,84,True
1980,Trigonometria,Transformaciones Trigonometricas,Trigonometria,Transformaciones Trigonometricas,84,True
1981,Trigonometria,Transformaciones Trigonometricas,Trigonometria,Transformaciones Trigonometricas,84,True
1982,Trigonometria,Transformaciones Trigonometricas,Trigonometria,Transformaciones Trigonometricas,84,True
1983,Trigonometria,Transformaciones Trigonometricas,Trigonometria,Transformaciones Trigonometricas,84,True
1984,Trigonometria,Transformaciones Trigonometricas,Trigonometria,Transformaciones Trigonometricas,84,True
1985,Trigonometria,Transformaciones Trigonometricas,Trigonometria,Transformaciones Trigonometricas,84,True
1986,Trigonometria,Transformaciones Trigonometricas,Trigonometria,Transformaciones Trigonometricas,84,True
1987,Trigonometria,Transformaciones Trigonometricas,Trigonometria,Transformaciones Trigonometricas,84,True
1988,Trigonometria,Transformaciones Trigonometricas,Trigonometria,Transformaciones Trigonometricas,84,True
1989,Trigonometria,Transformaciones Trigonometricas,Trigonometria,Transformaciones Trigonometricas,84,True
1990,Trigonometria,Transformaciones Trigonometricas,Trigonometria,Transformaciones Trigonometricas,84,True
1991,Trigonometria,Transformaciones Trigonometricas,Trigonometria,Transformaciones Trigonometricas,84,True
1992,Trigonometria,Transformaciones Trigonometricas,Trigonometria,Transformaciones Trigonometricas,84,True
1993,Trigonometria,Transformaciones Trigonometricas,Trigonometria,Transformaciones Trigonometricas,84,True
1994,Trigonometria,Transformaciones Trigonometricas,Trigonometria,Transformaciones Trigonometricas,84,True
1995,Trigonometria,Transformaciones Trigonometricas,Trigonometria,Transformaciones Trigonometricas,84,True
1996,Trigonometria,Transformaciones Trigonometricas,Trigonometria,Transformaciones Trigonometricas,84,True
1997,Trigonometria,Transformaciones Trigonometricas,Trigonometria,Transformaciones Trigonometricas,84,True
1998,Trigonometria,Transformaciones Trigonometricas,Trigonometria,Transformaciones Trigonometricas,84,True
1999,Trigonometria,Transformaciones Trigonometricas,Trigonometria,Transformaciones Trigonometricas,84,True
2000,Trigonometria,Transformaciones Trigonometricas,Trigonometria,Transformaciones Trigonometricas,84,True
2001,Trigonometria,Transformaciones Trigonometricas,Trigonometria,Transformaciones Trigonometricas,84,True
2002,Trigonometria,Transformaciones Trigonometricas,Trigonometria,Transformaciones Trigonometricas,84,True
2003,Trigonometria,Transformaciones Trigonometricas,Trigonometria,Transformaciones Trigonometricas,84,True
2004,Trigonometria,Funciones Trigonometricas,Trigonometria,Funciones Trigonometricas,73,True
2005,Trigonometria,Funciones Trigonometricas,Trigonometria,Funciones Trigonometricas,73,True
2006,Trigonometria,Funciones Trigonometricas,Trigonometria,Funciones Trigonometricas,73,True
2007,Trigonometria,Funciones Trigonometricas,Trigonometria,Funciones Trigonometricas,73,True
2008,Trigonometria,Funciones Trigonometricas,Trigonometria,Funciones Trigonometricas,73,True
2009,Trigonometria,Funciones Trigonometricas,Trigonometria,Funciones Trigonometricas,73,True
2010,Trigonometria,Funciones Trigonometricas,Trigonometria,Funciones Trigonometricas,73,True
2011,Trigonometria,Funciones Trigonometricas,Trigonometria,Funciones Trigonometricas,73,True
2012,Trigonometria,Funciones Trigonometricas,Trigonometria,Funciones Trigonometricas,73,True
2013,Trigonometria,Funciones Trigonometricas,Trigonometria,Funciones Trigonometricas,73,True
2014,Trigonometria,Funciones Trigonometricas,Trigonometria,Funciones Trigonometricas,73,True
2015,Trigonometria,Funciones Trigonometricas,Trigonometria,Funciones Trigonometricas,73,True
2016,Trigonometria,Funciones Trigonometricas,Trigonometria,Funciones Trigonometricas,73,True
2017,Trigonometria,Funciones Trigonometricas,Trigonometria,Funciones Trigonometricas,73,True
2018,Trigonometria,Funciones Trigonometricas,Trigonometria,Funciones Trigonometricas,73,True
2019,Trigonometria,Funciones Trigonometricas,Trigonometria,Funciones Trigonometricas,73,True
2020,Trigonometria,Funciones Trigonometricas,Trigonometria,Funciones Trigonometricas,73,True
2021,Trigonometria,Funciones Trigonometricas,Trigonometria,Funciones Trigonometricas,73,True
2022,Trigonometria,Funciones Trigonometricas,Trigonometria,Funciones Trigonometricas,73,True
2023,Trigonometria,Funciones Trigonometricas,Trigonometria,Funciones Trigonometricas,73,True
2024,Trigonometria,Funciones Trigonometricas,Trigonometria,Funciones Trigonometricas,73,True
2025,Trigonometria,Funciones Trigonometricas,Trigonometria,Funciones Trigonometricas,73,True
2026,Trigonometria,Funciones Trigonometricas,Trigonometria,Funciones Trigonometricas,73,True
2027,Trigonometria,Funciones Trigonometricas,Trigonometria,Funciones Trigonometricas,73,True
2028,Trigonometria,Funciones Trigonometricas,Trigonometria,Funciones Trigonometricas,73,True
2029,Trigonometria,Funciones Trigonometricas,Trigonometria,Funciones Trigonometricas,73,True
2030,Trigonometria,Funciones Trigonometricas,Trigonometria,Funciones Trigonometricas,73,True
2031,Trigonometria,Funciones Trigonometricas,Trigonometria,Funciones Trigonometricas,73,True
2032,Trigonometria,Funciones Trigonometricas,Trigonometria,Funciones Trigonometricas,73,True
2033,Trigonometria,Funciones Trigonometricas,Trigonometria,Funciones Trigonometricas,73,True
2034,Trigonometria,Funciones Trigonometricas,Trigonometria,Funciones Trigonometricas,73,True
2035,Trigonometria,Funciones Trigonometricas,Trigonometria,Funciones Trigonometricas,73,True
2036,Trigonometria,Funciones Trigonometricas,Trigonometria,Funciones Trigonometricas,73,True
2037,Trigonometria,Funciones Trigonometricas,Trigonometria,Funciones Trigonometricas,73,True
2038,Trigonometria,Funciones Trigonometricas,Trigonometria,Funciones Trigonometricas,73,True
2039,Trigonometria,Funciones Trigonometricas,Trigonometria,Funciones Trigonometricas,73,True
2040,Trigonometria,Funciones Trigonometricas,Trigonometria,Funciones Trigonometricas,73,True
2041,Trigonometria,Funciones Trigonometricas,Trigonometria,Funciones Trigonometricas,73,True
2042,Trigonometria,Funciones Trigonometricas,Trigonometria,Funciones Trigonometricas,73,True
2043,Trigonometria,Funciones Trigonometricas,Trigonometria,Funciones Trigonometricas,73,True
2044,Trigonometria,Funciones Trigonometricas,Trigonometria,Funciones Trigonometricas,73,True
2045,Trigonometria,Funciones Trigonometricas,Trigonometria,Funciones Trigonometricas,73,True
2046,Trigonometria,Funciones Trigonometricas,Trigonometria,Funciones Trigonometricas,73,True
2047,Trigonometria,Funciones Trigonometricas,Trigonometria,Funciones Trigonometricas,73,True
2048,Trigonometria,Funciones Trigonometricas,Trigonometria,Funciones Trigonometricas,73,True
2049,Trigonometria,Funciones Trigonometricas,Trigonometria,Funciones Trigonometricas,73,True
2050,Trigonometria,Funciones Trigonometricas,Trigonometria,Funciones Trigonometricas,73,True
2051,Trigonometria,Funciones Trigonometricas,Trigonometria,Funciones Trigonometricas,73,True
2052,Trigonometria,Funciones Trigonometricas,Trigonometria,Funciones Trigonometricas,73,True
2053,Trigonometria,Funciones Trigonometricas,Trigonometria,Funciones Trigonometricas,73,True
2054,Trigonometria,Funciones Trigonometricas,Trigonometria,Funciones Trigonometricas,73,True
2055,Trigonometria,Funciones Trigonometricas,Trigonometria,Funciones Trigonometricas,73,True
2056,Trigonometria,Funciones Trigonometricas,Trigonometria,Funciones Trigonometricas,73,True
2057,Trigonometria,Funciones Trigonometricas,Trigonometria,Funciones Trigonometricas,73,True
2058,Trigonometria,Funciones Trigonometricas,Trigonometria,Funciones Trigonometricas,73,True
2059,Trigonometria,Funciones Trigonometricas,Trigonometria,Funciones Trigonometricas,73,True
2060,Trigonometria,Funciones Trigonometricas,Trigonometria,Funciones Trigonometricas,73,True
2061,Trigonometria,Funciones Trigonometricas,Trigonometria,Funciones Trigonometricas,73,True
2062,Trigonometria,Funciones Trigonometricas,Trigonometria,Funciones Trigonometricas,73,True
2063,Trigonometria,Funciones Trigonometricas,Trigonometria,Funciones Trigonometricas,73,True
2064,Trigonometria,Funciones Trigonometricas,Trigonometria,Funciones Trigonometricas,73,True
2065,Trigonometria,Funciones Trigonometricas,Trigonometria,Funciones Trigonometricas,73,True
2066,Trigonometria,Funciones Trigonometricas,Trigonometria,Funciones Trigonometricas,73,True
2067,Trigonometria,Funciones Trigonometricas,Trigonometria,Funciones Trigonometricas,73,True
2068,Trigonometria,Funciones Trigonometricas,Trigonometria,Funciones Trigonometricas,73,True
2069,Trigonometria,Funciones Trigonometricas,Trigonometria,Funciones Trigonometricas,73,True
2070,Trigonometria,Funciones Trigonometricas,Trigonometria,Funciones Trigonometricas,73,True
2071,Trigonometria,Funciones Trigonometricas,Trigonometria,Funciones Trigonometricas,73,True
2072,Trigonometria,Funciones Trigonometricas,Trigonometria,Funciones Trigonometricas,73,True
2073,Trigonometria,Funciones Trigonometricas,Trigonometria,Funciones Trigonometricas,73,True
2074,Trigonometria,Funciones Trigonometricas,Trigonometria,Funciones Trigonometricas,73,True
2075,Trigonometria,Funciones Trigonometricas,Trigonometria,Funciones Trigonometricas,73,True
2076,Trigonometria,Funciones Trigonometricas,Trigonometria,Funciones Trigonometricas,73,True
2077,Trigonometria,Funciones Trigonometricas,Trigonometria,Funciones Trigonometricas,73,True
2078,Trigonometria,Funciones Trigonometricas,Trigonometria,Funciones Trigonometricas,73,True
2079,Trigonometria,Funciones Trigonometricas,Trigonometria,Funciones Trigonometricas,73,True
2080,Trigonometria,Funciones Trigonometricas,Trigonometria,Funciones Trigonometricas,73,True
2081,Trigonometria,Funciones Trigonometricas,Trigonometria,Funciones Trigonometricas,73,True
2082,Trigonometria,Funciones Trigonometricas,Trigonometria,Funciones Trigonometricas,73,True
2083,Trigonometria,Funciones Trigonometricas,Trigonometria,Funciones Trigonometricas,73,True
2084,Trigonometria,Funciones Trigonometricas,Trigonometria,Funciones Trigonometricas,73,True
2085,Trigonometria,Funciones Trigonometricas,Trigonometria,Funciones Trigonometricas,73,True
2086,Trigonometria,Funciones Trigonometricas,Trigonometria,Funciones Trigonometricas,73,True
2087,Trigonometria,Funciones Trigonometricas,Trigonometria,Funciones Trigonometricas,73,True
2088,Trigonometria,Funciones Trigonometricas,Trigonometria,Funciones Trigonometricas,73,True
2089,Trigonometria,Funciones Trigonometricas,Trigonometria,Funciones Trigonometricas,73,True
2090,Trigonometria,Funciones Trigonometricas,Trigonometria,Funciones Trigonometricas,73,True
2091,Trigonometria,Funciones Trigonometricas,Trigonometria,Funciones Trigonometricas,73,True
2092,Trigonometria,Funciones Trigonometricas,Trigonometria,Funciones Trigonometricas,73,True
2093,Trigonometria,Funciones Trigonometricas,Trigonometria,Funciones Trigonometricas,73,True
2094,Trigonometria,Funciones Trigonometricas,Trigonometria,Funciones Trigonometricas,73,True
2095,Trigonometria,Funciones Trigonometricas,Trigonometria,Funciones Trigonometricas,73,True
2096,Trigonometria,Funciones Trigonometricas,Trigonometria,Funciones Trigonometricas,73,True
2097,Trigonometria,Funciones Trigonometricas,Trigonometria,Funciones Trigonometricas,73,True
2098,Trigonometria,Funciones Trigonometricas,Trigonometria,Funciones Trigonometricas,73,True
2099,Trigonometria,Funciones Trigonometricas,Trigonometria,Funciones Trigonometricas,73,True
2100,Trigonometria,Funciones Trigonometricas,Trigonometria,Funciones Trigonometricas,73,True
2101,Trigonometria,Funciones Trigonometricas,Trigonometria,Funciones Trigonometricas,73,True
2102,Trigonometria,Funciones Trigonometricas,Trigonometria,Funciones Trigonometricas,73,True
2103,Trigonometria,Funciones Trigonometricas,Trigonometria,Funciones Trigonometricas,73,True
2104,Trigonometria,Funciones Trigonometricas,Trigonometria,Funciones Trigonometricas,73,True
2105,Trigonometria,Funciones Trigonometricas,Trigonometria,Funciones Trigonometricas,73,True
2106,Trigonometria,Funciones Trigonometricas,Trigonometria,Funciones Trigonometricas,73,True
2107,Trigonometria,Funciones Trigonometricas,Trigonometria,Funciones Trigonometricas,73,True
2108,Trigonometria,Funciones Trigonometricas,Trigonometria,Funciones Trigonometricas,73,True
2109,Trigonometria,Funciones Trigonometricas,Trigonometria,Funciones Trigonometricas,73,True
2110,Trigonometria,Funciones Trigonometricas,Trigonometria,Funciones Trigonometricas,73,True
2111,Trigonometria,Funciones Trigonometricas,Trigonometria,Funciones Trigonometricas,73,True
2112,Trigonometria,Funciones Trigonometricas,Trigonometria,Funciones Trigonometricas,73,True
2113,Trigonometria,Funciones Trigonometricas,Trigonometria,Funciones Trigonometricas,73,True
2114,Trigonometria,Funciones Trigonometricas,Trigonometria,Funciones Trigonometricas,73,True
2115,Trigonometria,Funciones Trigonometricas,Trigonometria,Funciones Trigonometricas,73,True
2116,Trigonometria,Funciones Trigonometricas,Trigonometria,Funciones Trigonometricas,73,True
2117,Trigonometria,Funciones Trigonometricas,Trigonometria,Funciones Trigonometricas,73,True
2118,Trigonometria,Funciones Trigonometricas,Trigonometria,Funciones Trigonometricas,73,True
2119,Trigonometria,Funciones Trigonometricas,Trigonometria,Funciones Trigonometricas,73,True
2120,Trigonometria,Funciones Trigonometricas,Trigonometria,Funciones Trigonometricas,73,True
2121,Trigonometria,Funciones Trigonometricas,Trigonometria,Funciones Trigonometricas,73,True
2122,Trigonometria,Funciones Trigonometricas,Trigonometria,Funciones Trigonometricas,73,True
2123,Trigonometria,Funciones Trigonometricas,Trigonometria,Funciones Trigonometricas,73,True
2124,Trigonometria,Funciones Trigonometricas,Trigonometria,Funciones Trigonometricas,73,True
2125,Trigonometria,Funciones Trigonometricas,Trigonometria,Funciones Trigonometricas,73,True
2126,Trigonometria,Funciones Trigonometricas,Trigonometria,Funciones Trigonometricas,73,True
2127,Trigonometria,Funciones Trigonometricas,Trigonometria,Funciones Trigonometricas,73,True
2128,Trigonometria,Funciones Trigonometricas,Trigonometria,Funciones Trigonometricas,73,True
2129,Trigonometria,Funciones Trigonometricas,Trigonometria,Funciones Trigonometricas,73,True
2130,Trigonometria,Funciones Trigonometricas,Trigonometria,Funciones Trigonometricas,73,True
2131,Trigonometria,Funciones Trigonometricas,Trigonometria,Funciones Trigonometricas,73,True
2132,Trigonometria,Funciones Trigonometricas,Trigonometria,Funciones Trigonometricas,73,True
2133,Trigonometria,Funciones Trigonometricas,Trigonometria,Funciones Trigonometricas,73,True
2134,Trigonometria,Funciones Trigonometricas,Trigonometria,Funciones Trigonometricas,73,True
2135,Trigonometria,Funciones Trigonometricas,Trigonometria,Funciones Trigonometricas,73,True
2136,Trigonometria,Funciones Trigonometricas,Trigonometria,Funciones Trigonometricas,73,True
2137,Trigonometria,Funciones Trigonometricas,Trigonometria,Funciones Trigonometricas,73,True
2138,Trigonometria,Funciones Trigonometricas,Trigonometria,Funciones Trigonometricas,73,True
2139,Trigonometria,Funciones Trigonometricas,Trigonometria,Funciones Trigonometricas,73,True
2140,Trigonometria,Funciones Trigonometricas,Trigonometria,Funciones Trigonometricas,73,True
2141,Trigonometria,Funciones Trigonometricas,Trigonometria,Funciones Trigonometricas,73,True
2142,Trigonometria,Funciones Trigonometricas,Trigonometria,Funciones Trigonometricas,73,True
2143,Trigonometria,Funciones Trigonometricas,Trigonometria,Funciones Trigonometricas,73,True
2144,Trigonometria,Funciones Trigonometricas,Trigonometria,Funciones Trigonometricas,73,True
2145,Trigonometria,Funciones Trigonometricas,Trigonometria,Funciones Trigonometricas,73,True
2146,Trigonometria,Funciones Trigonometricas,Trigonometria,Funciones Trigonometricas,73,True
2147,Trigonometria,Funciones Trigonometricas,Trigonometria,Funciones Trigonometricas,73,True
2148,Trigonometria,Funciones Trigonometricas,Trigonometria,Funciones Trigonometricas,73,True
2149,Trigonometria,Funciones Trigonometricas,Trigonometria,Funciones Trigonometricas,73,True
2150,Trigonometria,Funciones Trigonometricas,Trigonometria,Funciones Trigonometricas,73,True
2151,Trigonometria,Funciones Trigonometricas,Trigonometria,Funciones Trigonometricas,73,True
2152,Trigonometria,Funciones Trigonometricas,Trigonometria,Funciones Trigonometricas,73,True
2153,Trigonometria,Funciones Trigonometricas,Trigonometria,Funciones Trigonometricas,73,True
2154,Trigonometria,Funciones Trigonometricas,Trigonometria,Funciones Trigonometricas,73,True
2155,Trigonometria,Funciones Trigonometricas,Trigonometria,Funciones Trigonometricas,73,True
2156,Trigonometria,Funciones Trigonometricas,Trigonometria,Funciones Trigonometricas,73,True
2157,Trigonometria,Funciones Trigonometricas,Trigonometria,Funciones Trigonometricas,73,True
2158,Trigonometria,Funciones Trigonometricas,Trigonometria,Funciones Trigonometricas,73,True
2159,Trigonometria,Funciones Trigonometricas,Trigonometria,Funciones Trigonometricas,73,True
2160,Trigonometria,Funciones Trigonometricas,Trigonometria,Funciones Trigonometricas,73,True
2161,Trigonometria,Funciones Trigonometricas,Trigonometria,Funciones Trigonometricas,73,True
2162,Trigonometria,Funciones Trigonometricas,Trigonometria,Funciones Trigonometricas,73,True
2163,Trigonometria,Funciones Trigonometricas,Trigonometria,Funciones Trigonometricas,73,True
2164,Trigonometria,Funciones Trigonometricas,Trigonometria,Funciones Trigonometricas,73,True
2165,Trigonometria,Funciones Trigonometricas,Trigonometria,Funciones Trigonometricas,73,True
2166,Trigonometria,Funciones Trigonometricas,Trigonometria,Funciones Trigonometricas,73,True
2167,Trigonometria,Funciones Trigonometricas,Trigonometria,Funciones Trigonometricas,73,True
2168,Trigonometria,Funciones Trigonometricas,Trigonometria,Funciones Trigonometricas,73,True
2169,Trigonometria,Funciones Trigonometricas,Trigonometria,Funciones Trigonometricas,73,True
2170,Trigonometria,Funciones Trigonometricas,Trigonometria,Funciones Trigonometricas,73,True
2171,Trigonometria,Funciones Trigonometricas,Trigonometria,Funciones Trigonometricas,73,True
2172,Trigonometria,Funciones Trigonometricas,Trigonometria,Funciones Trigonometricas,73,True
2173,Trigonometria,Funciones Trigonometricas,Trigonometria,Funciones Trigonometricas,73,True
2174,Trigonometria,Funciones Trigonometricas,Trigonometria,Funciones Trigonometricas,73,True
2175,Trigonometria,Funciones Trigonometricas,Trigonometria,Funciones Trigonometricas,73,True
2176,Trigonometria,Funciones Trigonometricas,Trigonometria,Funciones Trigonometricas,73,True
2177,Trigonometria,Funciones Trigonometricas,Trigonometria,Funciones Trigonometricas,73,True
2178,Trigonometria,Funciones Trigonometricas,Trigonometria,Funciones Trigonometricas,73,True
2179,Trigonometria,Funciones Trigonometricas,Trigonometria,Funciones Trigonometricas,73,True
2180,Trigonometria,Funciones Trigonometricas,Trigonometria,Funciones Trigonometricas,73,True
2181,Trigonometria,Funciones Trigonometricas,Trigonometria,Funciones Trigonometricas,73,True
2182,Trigonometria,Funciones Trigonometricas,Trigonometria,Funciones Trigonometricas,73,True
2183,Trigonometria,Funciones Trigonometricas,Trigonometria,Funciones Trigonometricas,73,True
2184,Trigonometria,Funciones Trigonometricas,Trigonometria,Funciones Trigonometricas,73,True
2185,Trigonometria,Funciones Trigonometricas,Trigonometria,Funciones Trigonometricas,73,True
2186,Trigonometria,Funciones Trigonometricas,Trigonometria,Funciones Trigonometricas,73,True
2187,Trigonometria,Funciones Trigonometricas,Trigonometria,Funciones Trigonometricas,73,True
2188,Trigonometria,Funciones Trigonometricas,Trigonometria,Funciones Trigonometricas,73,True
2189,Trigonometria,Funciones Trigonometricas,Trigonometria,Funciones Trigonometricas,73,True
2190,Trigonometria,Funciones Trigonometricas,Trigonometria,Funciones Trigonometricas,73,True
2191,Trigonometria,Funciones Trigonometricas,Trigonometria,Funciones Trigonometricas,73,True
2192,Trigonometria,Funciones Trigonometricas,Trigonometria,Funciones Trigonometricas,73,True
2193,Trigonometria,Funciones Trigonometricas,Trigonometria,Funciones Trigonometricas,73,True
2194,Trigonometria,Funciones Trigonometricas,Trigonometria,Funciones Trigonometricas,73,True
2195,Trigonometria,Funciones Trigonometricas,Trigonometria,Funciones Trigonometricas,73,True
2196,Trigonometria,Funciones Trigonometricas,Trigonometria,Funciones Trigonometricas,73,True
2197,Trigonometria,Funciones Trigonometricas,Trigonometria,Funciones Trigonometricas,73,True
2198,Trigonometria,Funciones Trigonometricas,Trigonometria,Funciones Trigonometricas,73,True
2199,Trigonometria,Funciones Trigonometricas,Trigonometria,Funciones Trigonometricas,73,True
2200,Trigonometria,Funciones Trigonometricas,Trigonometria,Funciones Trigonometricas,73,True
2201,Trigonometria,Funciones Trigonometricas,Trigonometria,Funciones Trigonometricas,73,True
2202,Trigonometria,Funciones Trigonometricas,Trigonometria,Funciones Trigonometricas,73,True
2203,Trigonometria,Funciones Trigonometricas,Trigonometria,Funciones Trigonometricas,73,True
2204,Trigonometria,Funciones Trigonometricas,Trigonometria,Funciones Trigonometricas,73,True
2205,Trigonometria,Funciones Trigonometricas,Trigonometria,Funciones Trigonometricas,73,True
2206,Trigonometria,Funciones Trigonometricas Inversas,Trigonometria,Funciones Trigonometricas Inversas,74,True
2207,Trigonometria,Funciones Trigonometricas Inversas,Trigonometria,Funciones Trigonometricas Inversas,74,True
2208,Trigonometria,Funciones Trigonometricas Inversas,Trigonometria,Funciones Trigonometricas Inversas,74,True
2209,Trigonometria,Funciones Trigonometricas Inversas,Trigonometria,Funciones Trigonometricas Inversas,74,True
2210,Trigonometria,Funciones Trigonometricas Inversas,Trigonometria,Funciones Trigonometricas Inversas,74,True
2211,Trigonometria,Funciones Trigonometricas Inversas,Trigonometria,Funciones Trigonometricas Inversas,74,True
2212,Trigonometria,Funciones Trigonometricas Inversas,Trigonometria,Funciones Trigonometricas Inversas,74,True
2213,Trigonometria,Funciones Trigonometricas Inversas,Trigonometria,Funciones Trigonometricas Inversas,74,True
2214,Trigonometria,Funciones Trigonometricas Inversas,Trigonometria,Funciones Trigonometricas Inversas,74,True
2215,Trigonometria,Funciones Trigonometricas Inversas,Trigonometria,Funciones Trigonometricas Inversas,74,True
2216,Trigonometria,Funciones Trigonometricas Inversas,Trigonometria,Funciones Trigonometricas Inversas,74,True
2217,Trigonometria,Funciones Trigonometricas Inversas,Trigonometria,Funciones Trigonometricas Inversas,74,True
2218,Trigonometria,Funciones Trigonometricas Inversas,Trigonometria,Funciones Trigonometricas Inversas,74,True
2219,Trigonometria,Funciones Trigonometricas Inversas,Trigonometria,Funciones Trigonometricas Inversas,74,True
2220,Trigonometria,Funciones Trigonometricas Inversas,Trigonometria,Funciones Trigonometricas Inversas,74,True
2221,Trigonometria,Funciones Trigonometricas Inversas,Trigonometria,Funciones Trigonometricas Inversas,74,True
2222,Trigonometria,Funciones Trigonometricas Inversas,Trigonometria,Funciones Trigonometricas Inversas,74,True
2223,Trigonometria,Funciones Trigonometricas Inversas,Trigonometria,Funciones Trigonometricas Inversas,74,True
2224,Trigonometria,Funciones Trigonometricas Inversas,Trigonometria,Funciones Trigonometricas Inversas,74,True
2225,Trigonometria,Funciones Trigonometricas Inversas,Trigonometria,Funciones Trigonometricas Inversas,74,True
2226,Trigonometria,Funciones Trigonometricas Inversas,Trigonometria,Funciones Trigonometricas Inversas,74,True
2227,Trigonometria,Funciones Trigonometricas Inversas,Trigonometria,Funciones Trigonometricas Inversas,74,True
2228,Trigonometria,Funciones Trigonometricas Inversas,Trigonometria,Funciones Trigonometricas Inversas,74,True
2229,Trigonometria,Funciones Trigonometricas Inversas,Trigonometria,Funciones Trigonometricas Inversas,74,True
2230,Trigonometria,Funciones Trigonometricas Inversas,Trigonometria,Funciones Trigonometricas Inversas,74,True
2231,Trigonometria,Funciones Trigonometricas Inversas,Trigonometria,Funciones Trigonometricas Inversas,74,True
2232,Trigonometria,Funciones Trigonometricas Inversas,Trigonometria,Funciones Trigonometricas Inversas,74,True
2233,Trigonometria,Funciones Trigonometricas Inversas,Trigonometria,Funciones Trigonometricas Inversas,74,True
2234,Trigonometria,Funciones Trigonometricas Inversas,Trigonometria,Funciones Trigonometricas Inversas,74,True
2235,Trigonometria,Funciones Trigonometricas Inversas,Trigonometria,Funciones Trigonometricas Inversas,74,True
2236,Trigonometria,Funciones Trigonometricas Inversas,Trigonometria,Funciones Trigonometricas Inversas,74,True
2237,Trigonometria,Funciones Trigonometricas Inversas,Trigonometria,Funciones Trigonometricas Inversas,74,True
2238,Trigonometria,Funciones Trigonometricas Inversas,Trigonometria,Funciones Trigonometricas Inversas,74,True
2239,Trigonometria,Funciones Trigonometricas Inversas,Trigonometria,Funciones Trigonometricas Inversas,74,True
2240,Trigonometria,Funciones Trigonometricas Inversas,Trigonometria,Funciones Trigonometricas Inversas,74,True
2241,Trigonometria,Funciones Trigonometricas Inversas,Trigonometria,Funciones Trigonometricas Inversas,74,True
2242,Trigonometria,Funciones Trigonometricas Inversas,Trigonometria,Funciones Trigonometricas Inversas,74,True
2243,Trigonometria,Funciones Trigonometricas Inversas,Trigonometria,Funciones Trigonometricas Inversas,74,True
2244,Trigonometria,Funciones Trigonometricas Inversas,Trigonometria,Funciones Trigonometricas Inversas,74,True
2245,Trigonometria,Funciones Trigonometricas Inversas,Trigonometria,Funciones Trigonometricas Inversas,74,True
2246,Trigonometria,Funciones Trigonometricas Inversas,Trigonometria,Funciones Trigonometricas Inversas,74,True
2247,Trigonometria,Funciones Trigonometricas Inversas,Trigonometria,Funciones Trigonometricas Inversas,74,True
2248,Trigonometria,Funciones Trigonometricas Inversas,Trigonometria,Funciones Trigonometricas Inversas,74,True
2249,Trigonometria,Funciones Trigonometricas Inversas,Trigonometria,Funciones Trigonometricas Inversas,74,True
2250,Trigonometria,Funciones Trigonometricas Inversas,Trigonometria,Funciones Trigonometricas Inversas,74,True
2251,Trigonometria,Funciones Trigonometricas Inversas,Trigonometria,Funciones Trigonometricas Inversas,74,True
2252,Trigonometria,Funciones Trigonometricas Inversas,Trigonometria,Funciones Trigonometricas Inversas,74,True
2253,Trigonometria,Funciones Trigonometricas Inversas,Trigonometria,Funciones Trigonometricas Inversas,74,True
2254,Trigonometria,Funciones Trigonometricas Inversas,Trigonometria,Funciones Trigonometricas Inversas,74,True
2255,Trigonometria,Funciones Trigonometricas Inversas,Trigonometria,Funciones Trigonometricas Inversas,74,True
2256,Trigonometria,Funciones Trigonometricas Inversas,Trigonometria,Funciones Trigonometricas Inversas,74,True
2257,Trigonometria,Funciones Trigonometricas Inversas,Trigonometria,Funciones Trigonometricas Inversas,74,True
2258,Trigonometria,Funciones Trigonometricas Inversas,Trigonometria,Funciones Trigonometricas Inversas,74,True
2259,Trigonometria,Funciones Trigonometricas Inversas,Trigonometria,Funciones Trigonometricas Inversas,74,True
2260,Trigonometria,Funciones Trigonometricas Inversas,Trigonometria,Funciones Trigonometricas Inversas,74,True
2261,Trigonometria,Funciones Trigonometricas Inversas,Trigonometria,Funciones Trigonometricas Inversas,74,True
2262,Trigonometria,Funciones Trigonometricas Inversas,Trigonometria,Funciones Trigonometricas Inversas,74,True
2263,Trigonometria,Funciones Trigonometricas Inversas,Trigonometria,Funciones Trigonometricas Inversas,74,True
2264,Trigonometria,Funciones Trigonometricas Inversas,Trigonometria,Funciones Trigonometricas Inversas,74,True
2265,Trigonometria,Funciones Trigonometricas Inversas,Trigonometria,Funciones Trigonometricas Inversas,74,True
2266,Trigonometria,Funciones Trigonometricas Inversas,Trigonometria,Funciones Trigonometricas Inversas,74,True
2267,Trigonometria,Funciones Trigonometricas Inversas,Trigonometria,Funciones Trigonometricas Inversas,74,True
2268,Trigonometria,Funciones Trigonometricas Inversas,Trigonometria,Funciones Trigonometricas Inversas,74,True
2269,Trigonometria,Funciones Trigonometricas Inversas,Trigonometria,Funciones Trigonometricas Inversas,74,True
2270,Trigonometria,Funciones Trigonometricas Inversas,Trigonometria,Funciones Trigonometricas Inversas,74,True
2271,Trigonometria,Funciones Trigonometricas Inversas,Trigonometria,Funciones Trigonometricas Inversas,74,True
2272,Trigonometria,Funciones Trigonometricas Inversas,Trigonometria,Funciones Trigonometricas Inversas,74,True
2273,Trigonometria,Funciones Trigonometricas Inversas,Trigonometria,Funciones Trigonometricas Inversas,74,True
2274,Trigonometria,Funciones Trigonometricas Inversas,Trigonometria,Funciones Trigonometricas Inversas,74,True
2275,Trigonometria,Funciones Trigonometricas Inversas,Trigonometria,Funciones Trigonometricas Inversas,74,True
2276,Trigonometria,Funciones Trigonometricas Inversas,Trigonometria,Funciones Trigonometricas Inversas,74,True
2277,Trigonometria,Funciones Trigonometricas Inversas,Trigonometria,Funciones Trigonometricas Inversas,74,True
2278,Trigonometria,Funciones Trigonometricas Inversas,Trigonometria,Funciones Trigonometricas Inversas,74,True
2279,Trigonometria,Funciones Trigonometricas Inversas,Trigonometria,Funciones Trigonometricas Inversas,74,True
2280,Trigonometria,Funciones Trigonometricas Inversas,Trigonometria,Funciones Trigonometricas Inversas,74,True
2281,Trigonometria,Funciones Trigonometricas Inversas,Trigonometria,Funciones Trigonometricas Inversas,74,True
2282,Trigonometria,Funciones Trigonometricas Inversas,Trigonometria,Funciones Trigonometricas Inversas,74,True
2283,Trigonometria,Funciones Trigonometricas Inversas,Trigonometria,Funciones Trigonometricas Inversas,74,True
2284,Trigonometria,Funciones Trigonometricas Inversas,Trigonometria,Funciones Trigonometricas Inversas,74,True
2285,Trigonometria,Funciones Trigonometricas Inversas,Trigonometria,Funciones Trigonometricas Inversas,74,True
2286,Trigonometria,Funciones Trigonometricas Inversas,Trigonometria,Funciones Trigonometricas Inversas,74,True
2287,Trigonometria,Funciones Trigonometricas Inversas,Trigonometria,Funciones Trigonometricas Inversas,74,True
2288,Trigonometria,Funciones Trigonometricas Inversas,Trigonometria,Funciones Trigonometricas Inversas,74,True
2289,Trigonometria,Funciones Trigonometricas Inversas,Trigonometria,Funciones Trigonometricas Inversas,74,True
2290,Trigonometria,Funciones Trigonometricas Inversas,Trigonometria,Funciones Trigonometricas Inversas,74,True
2291,Trigonometria,Funciones Trigonometricas Inversas,Trigonometria,Funciones Trigonometricas Inversas,74,True
2292,Trigonometria,Funciones Trigonometricas Inversas,Trigonometria,Funciones Trigonometricas Inversas,74,True
2293,Trigonometria,Funciones Trigonometricas Inversas,Trigonometria,Funciones Trigonometricas Inversas,74,True
2294,Trigonometria,Funciones Trigonometricas Inversas,Trigonometria,Funciones Trigonometricas Inversas,74,True
2295,Trigonometria,Funciones Trigonometricas Inversas,Trigonometria,Funciones Trigonometricas Inversas,74,True
2296,Trigonometria,Funciones Trigonometricas Inversas,Trigonometria,Funciones Trigonometricas Inversas,74,True
2297,Trigonometria,Funciones Trigonometricas Inversas,Trigonometria,Funciones Trigonometricas Inversas,74,True
2298,Trigonometria,Funciones Trigonometricas Inversas,Trigonometria,Funciones Trigonometricas Inversas,74,True
2299,Trigonometria,Funciones Trigonometricas Inversas,Trigonometria,Funciones Trigonometricas Inversas,74,True
2300,Trigonometria,Funciones Trigonometricas Inversas,Trigonometria,Funciones Trigonometricas Inversas,74,True
2301,Trigonometria,Funciones Trigonometricas Inversas,Trigonometria,Funciones Trigonometricas Inversas,74,True
2302,Trigonometria,Funciones Trigonometricas Inversas,Trigonometria,Funciones Trigonometricas Inversas,74,True
2303,Trigonometria,Funciones Trigonometricas Inversas,Trigonometria,Funciones Trigonometricas Inversas,74,True
2304,Trigonometria,Funciones Trigonometricas Inversas,Trigonometria,Funciones Trigonometricas Inversas,74,True
2305,Trigonometria,Funciones Trigonometricas Inversas,Trigonometria,Funciones Trigonometricas Inversas,74,True
2306,Trigonometria,Funciones Trigonometricas Inversas,Trigonometria,Funciones Trigonometricas Inversas,74,True
2307,Trigonometria,Funciones Trigonometricas Inversas,Trigonometria,Funciones Trigonometricas Inversas,74,True
2308,Trigonometria,Funciones Trigonometricas Inversas,Trigonometria,Funciones Trigonometricas Inversas,74,True
2309,Trigonometria,Funciones Trigonometricas Inversas,Trigonometria,Funciones Trigonometricas Inversas,74,True
2310,Trigonometria,Funciones Trigonometricas Inversas,Trigonometria,Funciones Trigonometricas Inversas,74,True
2311,Trigonometria,Funciones Trigonometricas Inversas,Trigonometria,Funciones Trigonometricas Inversas,74,True
2312,Trigonometria,Funciones Trigonometricas Inversas,Trigonometria,Funciones Trigonometricas Inversas,74,True
2313,Trigonometria,Funciones Trigonometricas Inversas,Trigonometria,Funciones Trigonometricas Inversas,74,True
2314,Trigonometria,Funciones Trigonometricas Inversas,Trigonometria,Funciones Trigonometricas Inversas,74,True
2315,Trigonometria,Funciones Trigonometricas Inversas,Trigonometria,Funciones Trigonometricas Inversas,74,True
2316,Trigonometria,Funciones Trigonometricas Inversas,Trigonometria,Funciones Trigonometricas Inversas,74,True
2317,Trigonometria,Funciones Trigonometricas Inversas,Trigonometria,Funciones Trigonometricas Inversas,74,True
2318,Trigonometria,Funciones Trigonometricas Inversas,Trigonometria,Funciones Trigonometricas Inversas,74,True
2319,Trigonometria,Funciones Trigonometricas Inversas,Trigonometria,Funciones Trigonometricas Inversas,74,True
2320,Trigonometria,Funciones Trigonometricas Inversas,Trigonometria,Funciones Trigonometricas Inversas,74,True
2321,Trigonometria,Funciones Trigonometricas Inversas,Trigonometria,Funciones Trigonometricas Inversas,74,True
2322,Trigonometria,Funciones Trigonometricas Inversas,Trigonometria,Funciones Trigonometricas Inversas,74,True
2323,Trigonometria,Funciones Trigonometricas Inversas,Trigonometria,Funciones Trigonometricas Inversas,74,True
2324,Trigonometria,Funciones Trigonometricas Inversas,Trigonometria,Funciones Trigonometricas Inversas,74,True
2325,Trigonometria,Funciones Trigonometricas Inversas,Trigonometria,Funciones Trigonometricas Inversas,74,True
2326,Trigonometria,Funciones Trigonometricas Inversas,Trigonometria,Funciones Trigonometricas Inversas,74,True
2327,Trigonometria,Funciones Trigonometricas Inversas,Trigonometria,Funciones Trigonometricas Inversas,74,True
2328,Trigonometria,Funciones Trigonometricas Inversas,Trigonometria,Funciones Trigonometricas Inversas,74,True
2329,Trigonometria,Funciones Trigonometricas Inversas,Trigonometria,Funciones Trigonometricas Inversas,74,True
2330,Trigonometria,Funciones Trigonometricas Inversas,Trigonometria,Funciones Trigonometricas Inversas,74,True
2331,Trigonometria,Funciones Trigonometricas Inversas,Trigonometria,Funciones Trigonometricas Inversas,74,True
2332,Trigonometria,Funciones Trigonometricas Inversas,Trigonometria,Funciones Trigonometricas Inversas,74,True
2333,Trigonometria,Funciones Trigonometricas Inversas,Trigonometria,Funciones Trigonometricas Inversas,74,True
2334,Trigonometria,Funciones Trigonometricas Inversas,Trigonometria,Funciones Trigonometricas Inversas,74,True
2335,Trigonometria,Funciones Trigonometricas Inversas,Trigonometria,Funciones Trigonometricas Inversas,74,True
2336,Trigonometria,Funciones Trigonometricas Inversas,Trigonometria,Funciones Trigonometricas Inversas,74,True
2337,Trigonometria,Funciones Trigonometricas Inversas,Trigonometria,Funciones Trigonometricas Inversas,74,True
2338,Trigonometria,Funciones Trigonometricas Inversas,Trigonometria,Funciones Trigonometricas Inversas,74,True
2339,Trigonometria,Funciones Trigonometricas Inversas,Trigonometria,Funciones Trigonometricas Inversas,74,True
2340,Trigonometria,Funciones Trigonometricas Inversas,Trigonometria,Funciones Trigonometricas Inversas,74,True
2341,Trigonometria,Funciones Trigonometricas Inversas,Trigonometria,Funciones Trigonometricas Inversas,74,True
2342,Trigonometria,Funciones Trigonometricas Inversas,Trigonometria,Funciones Trigonometricas Inversas,74,True
2343,Trigonometria,Funciones Trigonometricas Inversas,Trigonometria,Funciones Trigonometricas Inversas,74,True
2344,Trigonometria,Funciones Trigonometricas Inversas,Trigonometria,Funciones Trigonometricas Inversas,74,True
2345,Trigonometria,Funciones Trigonometricas Inversas,Trigonometria,Funciones Trigonometricas Inversas,74,True
2346,Trigonometria,Funciones Trigonometricas Inversas,Trigonometria,Funciones Trigonometricas Inversas,74,True
2347,Trigonometria,Funciones Trigonometricas Inversas,Trigonometria,Funciones Trigonometricas Inversas,74,True
2348,Trigonometria,Funciones Trigonometricas Inversas,Trigonometria,Funciones Trigonometricas Inversas,74,True
2349,Trigonometria,Funciones Trigonometricas Inversas,Trigonometria,Funciones Trigonometricas Inversas,74,True
2350,Trigonometria,Funciones Trigonometricas Inversas,Trigonometria,Funciones Trigonometricas Inversas,74,True
2351,Trigonometria,Funciones Trigonometricas Inversas,Trigonometria,Funciones Trigonometricas Inversas,74,True
2352,Trigonometria,Funciones Trigonometricas Inversas,Trigonometria,Funciones Trigonometricas Inversas,74,True
2353,Trigonometria,Funciones Trigonometricas Inversas,Trigonometria,Funciones Trigonometricas Inversas,74,True
2354,Trigonometria,Funciones Trigonometricas Inversas,Trigonometria,Funciones Trigonometricas Inversas,74,True
2355,Trigonometria,Funciones Trigonometricas Inversas,Trigonometria,Funciones Trigonometricas Inversas,74,True
2356,Trigonometria,Funciones Trigonometricas Inversas,Trigonometria,Funciones Trigonometricas Inversas,74,True
2357,Trigonometria,Funciones Trigonometricas Inversas,Trigonometria,Funciones Trigonometricas Inversas,74,True
2358,Trigonometria,Funciones Trigonometricas Inversas,Trigonometria,Funciones Trigonometricas Inversas,74,True
2359,Trigonometria,Funciones Trigonometricas Inversas,Trigonometria,Funciones Trigonometricas Inversas,74,True
2360,Trigonometria,Funciones Trigonometricas Inversas,Trigonometria,Funciones Trigonometricas Inversas,74,True
2361,Trigonometria,Funciones Trigonometricas Inversas,Trigonometria,Funciones Trigonometricas Inversas,74,True
2362,Trigonometria,Funciones Trigonometricas Inversas,Trigonometria,Funciones Trigonometricas Inversas,74,True
2363,Trigonometria,Funciones Trigonometricas Inversas,Trigonometria,Funciones Trigonometricas Inversas,74,True
2364,Trigonometria,Funciones Trigonometricas Inversas,Trigonometria,Funciones Trigonometricas Inversas,74,True
2365,Trigonometria,Funciones Trigonometricas Inversas,Trigonometria,Funciones Trigonometricas Inversas,74,True
2366,Trigonometria,Funciones Trigonometricas Inversas,Trigonometria,Funciones Trigonometricas Inversas,74,True
2367,Trigonometria,Funciones Trigonometricas Inversas,Trigonometria,Funciones Trigonometricas Inversas,74,True
2368,Trigonometria,Funciones Trigonometricas Inversas,Trigonometria,Funciones Trigonometricas Inversas,74,True
2369,Trigonometria,Funciones Trigonometricas Inversas,Trigonometria,Funciones Trigonometricas Inversas,74,True
2370,Trigonometria,Funciones Trigonometricas Inversas,Trigonometria,Funciones Trigonometricas Inversas,74,True
2371,Trigonometria,Funciones Trigonometricas Inversas,Trigonometria,Funciones Trigonometricas Inversas,74,True
2372,Trigonometria,Funciones Trigonometricas Inversas,Trigonometria,Funciones Trigonometricas Inversas,74,True
2373,Trigonometria,Funciones Trigonometricas Inversas,Trigonometria,Funciones Trigonometricas Inversas,74,True
2374,Trigonometria,Funciones Trigonometricas Inversas,Trigonometria,Funciones Trigonometricas Inversas,74,True
2375,Trigonometria,Funciones Trigonometricas Inversas,Trigonometria,Funciones Trigonometricas Inversas,74,True
2376,Trigonometria,Funciones Trigonometricas Inversas,Trigonometria,Funciones Trigonometricas Inversas,74,True
2377,Trigonometria,Funciones Trigonometricas Inversas,Trigonometria,Funciones Trigonometricas Inversas,74,True
2378,Trigonometria,Funciones Trigonometricas Inversas,Trigonometria,Funciones Trigonometricas Inversas,74,True
2379,Trigonometria,Funciones Trigonometricas Inversas,Trigonometria,Funciones Trigonometricas Inversas,74,True
2380,Trigonometria,Funciones Trigonometricas Inversas,Trigonometria,Funciones Trigonometricas Inversas,74,True
2381,Trigonometria,Funciones Trigonometricas Inversas,Trigonometria,Funciones Trigonometricas Inversas,74,True
2382,Trigonometria,Funciones Trigonometricas Inversas,Trigonometria,Funciones Trigonometricas Inversas,74,True
2383,Trigonometria,Funciones Trigonometricas Inversas,Trigonometria,Funciones Trigonometricas Inversas,74,True
2384,Trigonometria,Funciones Trigonometricas Inversas,Trigonometria,Funciones Trigonometricas Inversas,74,True
2385,Trigonometria,Funciones Trigonometricas Inversas,Trigonometria,Funciones Trigonometricas Inversas,74,True
2386,Trigonometria,Funciones Trigonometricas Inversas,Trigonometria,Funciones Trigonometricas Inversas,74,True
2387,Trigonometria,Funciones Trigonometricas Inversas,Trigonometria,Funciones Trigonometricas Inversas,74,True
2388,Trigonometria,Funciones Trigonometricas Inversas,Trigonometria,Funciones Trigonometricas Inversas,74,True
2389,Trigonometria,Funciones Trigonometricas Inversas,Trigonometria,Funciones Trigonometricas Inversas,74,True
2390,Trigonometria,Funciones Trigonometricas Inversas,Trigonometria,Funciones Trigonometricas Inversas,74,True
2391,Trigonometria,Funciones Trigonometricas Inversas,Trigonometria,Funciones Trigonometricas Inversas,74,True
2392,Trigonometria,Funciones Trigonometricas Inversas,Trigonometria,Funciones Trigonometricas Inversas,74,True
2393,Trigonometria,Funciones Trigonometricas Inversas,Trigonometria,Funciones Trigonometricas Inversas,74,True
2394,Trigonometria,Funciones Trigonometricas Inversas,Trigonometria,Funciones Trigonometricas Inversas,74,True
2395,Trigonometria,Funciones Trigonometricas Inversas,Trigonometria,Funciones Trigonometricas Inversas,74,True
2396,Trigonometria,Funciones Trigonometricas Inversas,Trigonometria,Funciones Trigonometricas Inversas,74,True
2397,Trigonometria,Funciones Trigonometricas Inversas,Trigonometria,Funciones Trigonometricas Inversas,74,True
2398,Trigonometria,Funciones Trigonometricas Inversas,Trigonometria,Funciones Trigonometricas Inversas,74,True
2399,Trigonometria,Funciones Trigonometricas Inversas,Trigonometria,Funciones Trigonometricas Inversas,74,True
2400,Trigonometria,Funciones Trigonometricas Inversas,Trigonometria,Funciones Trigonometricas Inversas,74,True
2401,Trigonometria,Funciones Trigonometricas Inversas,Trigonometria,Funciones Trigonometricas Inversas,74,True
2402,Trigonometria,Funciones Trigonometricas Inversas,Trigonometria,Funciones Trigonometricas Inversas,74,True
2403,Trigonometria,Funciones Trigonometricas Inversas,Trigonometria,Funciones Trigonometricas Inversas,74,True
2404,Trigonometria,Funciones Trigonometricas Inversas,Trigonometria,Funciones Trigonometricas Inversas,74,True
2405,Trigonometria,Funciones Trigonometricas Inversas,Trigonometria,Funciones Trigonometricas Inversas,74,True
2406,Trigonometria,Ecuaciones Trigonometricas,Trigonometria,Ecuaciones Trigonometricas,72,True
2407,Trigonometria,Ecuaciones Trigonometricas,Trigonometria,Ecuaciones Trigonometricas,72,True
2408,Trigonometria,Ecuaciones Trigonometricas,Trigonometria,Ecuaciones Trigonometricas,72,True
2409,Trigonometria,Ecuaciones Trigonometricas,Trigonometria,Ecuaciones Trigonometricas,72,True
2410,Trigonometria,Ecuaciones Trigonometricas,Trigonometria,Ecuaciones Trigonometricas,72,True
2411,Trigonometria,Ecuaciones Trigonometricas,Trigonometria,Ecuaciones Trigonometricas,72,True
2412,Trigonometria,Ecuaciones Trigonometricas,Trigonometria,Ecuaciones Trigonometricas,72,True
2413,Trigonometria,Ecuaciones Trigonometricas,Trigonometria,Ecuaciones Trigonometricas,72,True
2414,Trigonometria,Ecuaciones Trigonometricas,Trigonometria,Ecuaciones Trigonometricas,72,True
2415,Trigonometria,Ecuaciones Trigonometricas,Trigonometria,Ecuaciones Trigonometricas,72,True
2416,Trigonometria,Ecuaciones Trigonometricas,Trigonometria,Ecuaciones Trigonometricas,72,True
2417,Trigonometria,Ecuaciones Trigonometricas,Trigonometria,Ecuaciones Trigonometricas,72,True
2418,Trigonometria,Ecuaciones Trigonometricas,Trigonometria,Ecuaciones Trigonometricas,72,True
2419,Trigonometria,Ecuaciones Trigonometricas,Trigonometria,Ecuaciones Trigonometricas,72,True
2420,Trigonometria,Ecuaciones Trigonometricas,Trigonometria,Ecuaciones Trigonometricas,72,True
2421,Trigonometria,Ecuaciones Trigonometricas,Trigonometria,Ecuaciones Trigonometricas,72,True
2422,Trigonometria,Ecuaciones Trigonometricas,Trigonometria,Ecuaciones Trigonometricas,72,True
2423,Trigonometria,Ecuaciones Trigonometricas,Trigonometria,Ecuaciones Trigonometricas,72,True
2424,Trigonometria,Ecuaciones Trigonometricas,Trigonometria,Ecuaciones Trigonometricas,72,True
2425,Trigonometria,Ecuaciones Trigonometricas,Trigonometria,Ecuaciones Trigonometricas,72,True
2426,Trigonometria,Ecuaciones Trigonometricas,Trigonometria,Ecuaciones Trigonometricas,72,True
2427,Trigonometria,Ecuaciones Trigonometricas,Trigonometria,Ecuaciones Trigonometricas,72,True
2428,Trigonometria,Ecuaciones Trigonometricas,Trigonometria,Ecuaciones Trigonometricas,72,True
2429,Trigonometria,Ecuaciones Trigonometricas,Trigonometria,Ecuaciones Trigonometricas,72,True
2430,Trigonometria,Ecuaciones Trigonometricas,Trigonometria,Ecuaciones Trigonometricas,72,True
2431,Trigonometria,Ecuaciones Trigonometricas,Trigonometria,Ecuaciones Trigonometricas,72,True
2432,Trigonometria,Ecuaciones Trigonometricas,Trigonometria,Ecuaciones Trigonometricas,72,True
2433,Trigonometria,Ecuaciones Trigonometricas,Trigonometria,Ecuaciones Trigonometricas,72,True
2434,Trigonometria,Ecuaciones Trigonometricas,Trigonometria,Ecuaciones Trigonometricas,72,True
2435,Trigonometria,Ecuaciones Trigonometricas,Trigonometria,Ecuaciones Trigonometricas,72,True
2436,Trigonometria,Ecuaciones Trigonometricas,Trigonometria,Ecuaciones Trigonometricas,72,True
2437,Trigonometria,Ecuaciones Trigonometricas,Trigonometria,Ecuaciones Trigonometricas,72,True
2438,Trigonometria,Ecuaciones Trigonometricas,Trigonometria,Ecuaciones Trigonometricas,72,True
2439,Trigonometria,Ecuaciones Trigonometricas,Trigonometria,Ecuaciones Trigonometricas,72,True
2440,Trigonometria,Ecuaciones Trigonometricas,Trigonometria,Ecuaciones Trigonometricas,72,True
2441,Trigonometria,Ecuaciones Trigonometricas,Trigonometria,Ecuaciones Trigonometricas,72,True
2442,Trigonometria,Ecuaciones Trigonometricas,Trigonometria,Ecuaciones Trigonometricas,72,True
2443,Trigonometria,Ecuaciones Trigonometricas,Trigonometria,Ecuaciones Trigonometricas,72,True
2444,Trigonometria,Ecuaciones Trigonometricas,Trigonometria,Ecuaciones Trigonometricas,72,True
2445,Trigonometria,Inecuaciones Trigonometricas,Trigonometria,Inecuaciones Trigonometricas,76,True
2446,Trigonometria,Ecuaciones Trigonometricas,Trigonometria,Ecuaciones Trigonometricas,72,True
2447,Trigonometria,Ecuaciones Trigonometricas,Trigonometria,Ecuaciones Trigonometricas,72,True
2448,Trigonometria,Ecuaciones Trigonometricas,Trigonometria,Ecuaciones Trigonometricas,72,True
2449,Trigonometria,Ecuaciones Trigonometricas,Trigonometria,Ecuaciones Trigonometricas,72,True
2450,Trigonometria,Ecuaciones Trigonometricas,Trigonometria,Ecuaciones Trigonometricas,72,True
2451,Trigonometria,Ecuaciones Trigonometricas,Trigonometria,Ecuaciones Trigonometricas,72,True
2452,Trigonometria,Ecuaciones Trigonometricas,Trigonometria,Ecuaciones Trigonometricas,72,True
2453,Trigonometria,Ecuaciones Trigonometricas,Trigonometria,Ecuaciones Trigonometricas,72,True
2454,Trigonometria,Inecuaciones Trigonometricas,Trigonometria,Inecuaciones Trigonometricas,76,True
2455,Trigonometria,Ecuaciones Trigonometricas,Trigonometria,Ecuaciones Trigonometricas,72,True
2456,Trigonometria,Inecuaciones Trigonometricas,Trigonometria,Inecuaciones Trigonometricas,76,True
2457,Trigonometria,Ecuaciones Trigonometricas,Trigonometria,Ecuaciones Trigonometricas,72,True
2458,Trigonometria,Ecuaciones Trigonometricas,Trigonometria,Ecuaciones Trigonometricas,72,True
2459,Trigonometria,Inecuaciones Trigonometricas,Trigonometria,Inecuaciones Trigonometricas,76,True
2460,Trigonometria,Ecuaciones Trigonometricas,Trigonometria,Ecuaciones Trigonometricas,72,True
2461,Trigonometria,Ecuaciones Trigonometricas,Trigonometria,Ecuaciones Trigonometricas,72,True
2462,Trigonometria,Ecuaciones Trigonometricas,Trigonometria,Ecuaciones Trigonometricas,72,True
2463,Trigonometria,Inecuaciones Trigonometricas,Trigonometria,Inecuaciones Trigonometricas,76,True
2464,Trigonometria,Inecuaciones Trigonometricas,Trigonometria,Inecuaciones Trigonometricas,76,True
2465,Trigonometria,Inecuaciones Trigonometricas,Trigonometria,Inecuaciones Trigonometricas,76,True
2466,Trigonometria,Inecuaciones Trigonometricas,Trigonometria,Inecuaciones Trigonometricas,76,True
2467,Trigonometria,Ecuaciones Trigonometricas,Trigonometria,Ecuaciones Trigonometricas,72,True
2468,Trigonometria,Ecuaciones Trigonometricas,Trigonometria,Ecuaciones Trigonometricas,72,True
2469,Trigonometria,Ecuaciones Trigonometricas,Trigonometria,Ecuaciones Trigonometricas,72,True
2470,Trigonometria,Ecuaciones Trigonometricas,Trigonometria,Ecuaciones Trigonometricas,72,True
2471,Trigonometria,Ecuaciones Trigonometricas,Trigonometria,Ecuaciones Trigonometricas,72,True
2472,Trigonometria,Inecuaciones Trigonometricas,Trigonometria,Inecuaciones Trigonometricas,76,True
2473,Trigonometria,Ecuaciones Trigonometricas,Trigonometria,Ecuaciones Trigonometricas,72,True
2474,Trigonometria,Inecuaciones Trigonometricas,Trigonometria,Inecuaciones Trigonometricas,76,True
2475,Trigonometria,Inecuaciones Trigonometricas,Trigonometria,Inecuaciones Trigonometricas,76,True
2476,Trigonometria,Ecuaciones Trigonometricas,Trigonometria,Ecuaciones Trigonometricas,72,True
2477,Trigonometria,Inecuaciones Trigonometricas,Trigonometria,Inecuaciones Trigonometricas,76,True
2478,Trigonometria,Ecuaciones Trigonometricas,Trigonometria,Ecuaciones Trigonometricas,72,True
2479,Trigonometria,Inecuaciones Trigonometricas,Trigonometria,Inecuaciones Trigonometricas,76,True
2480,Trigonometria,Ecuaciones Trigonometricas,Trigonometria,Ecuaciones Trigonometricas,72,True
2481,Trigonometria,Ecuaciones Trigonometricas,Trigonometria,Ecuaciones Trigonometricas,72,True
2482,Trigonometria,Inecuaciones Trigonometricas,Trigonometria,Inecuaciones Trigonometricas,76,True
2483,Trigonometria,Inecuaciones Trigonometricas,Trigonometria,Inecuaciones Trigonometricas,76,True
2484,Trigonometria,Inecuaciones Trigonometricas,Trigonometria,Inecuaciones Trigonometricas,76,True
2485,Trigonometria,Inecuaciones Trigonometricas,Trigonometria,Inecuaciones Trigonometricas,76,True
2486,Trigonometria,Inecuaciones Trigonometricas,Trigonometria,Inecuaciones Trigonometricas,76,True
2487,Trigonometria,Ecuaciones Trigonometricas,Trigonometria,Ecuaciones Trigonometricas,72,True
2488,Trigonometria,Inecuaciones Trigonometricas,Trigonometria,Inecuaciones Trigonometricas,76,True
2489,Trigonometria,Ecuaciones Trigonometricas,Trigonometria,Ecuaciones Trigonometricas,72,True
2490,Trigonometria,Inecuaciones Trigonometricas,Trigonometria,Inecuaciones Trigonometricas,76,True
2491,Trigonometria,Ecuaciones Trigonometricas,Trigonometria,Ecuaciones Trigonometricas,72,True
2492,Trigonometria,Inecuaciones Trigonometricas,Trigonometria,Inecuaciones Trigonometricas,76,True
2493,Trigonometria,Ecuaciones Trigonometricas,Trigonometria,Ecuaciones Trigonometricas,72,True
2494,Trigonometria,Inecuaciones Trigonometricas,Trigonometria,Inecuaciones Trigonometricas,76,True
2495,Trigonometria,Ecuaciones Trigonometricas,Trigonometria,Ecuaciones Trigonometricas,72,True
2496,Trigonometria,Inecuaciones Trigonometricas,Trigonometria,Inecuaciones Trigonometricas,76,True
2497,Trigonometria,Ecuaciones Trigonometricas,Trigonometria,Ecuaciones Trigonometricas,72,True
2498,Trigonometria,Inecuaciones Trigonometricas,Trigonometria,Inecuaciones Trigonometricas,76,True
2499,Trigonometria,Inecuaciones Trigonometricas,Trigonometria,Inecuaciones Trigonometricas,76,True
2500,Trigonometria,Inecuaciones Trigonometricas,Trigonometria,Inecuaciones Trigonometricas,76,True
2501,Trigonometria,Ecuaciones Trigonometricas,Trigonometria,Ecuaciones Trigonometricas,72,True
2502,Trigonometria,Inecuaciones Trigonometricas,Trigonometria,Inecuaciones Trigonometricas,76,True
2503,Trigonometria,Inecuaciones Trigonometricas,Trigonometria,Inecuaciones Trigonometricas,76,True
2504,Trigonometria,Ecuaciones Trigonometricas,Trigonometria,Ecuaciones Trigonometricas,72,True
2505,Trigonometria,Ecuaciones Trigonometricas,Trigonometria,Ecuaciones Trigonometricas,72,True
2506,Trigonometria,Ecuaciones Trigonometricas,Trigonometria,Ecuaciones Trigonometricas,72,True
2507,Trigonometria,Ecuaciones Trigonometricas,Trigonometria,Ecuaciones Trigonometricas,72,True
2508,Trigonometria,Ecuaciones Trigonometricas,Trigonometria,Ecuaciones Trigonometricas,72,True
2509,Trigonometria,Ecuaciones Trigonometricas,Trigonometria,Ecuaciones Trigonometricas,72,True
2510,Trigonometria,Ecuaciones Trigonometricas,Trigonometria,Ecuaciones Trigonometricas,72,True
2511,Trigonometria,Ecuaciones Trigonometricas,Trigonometria,Ecuaciones Trigonometricas,72,True
2512,Trigonometria,Ecuaciones Trigonometricas,Trigonometria,Ecuaciones Trigonometricas,72,True
2513,Trigonometria,Ecuaciones Trigonometricas,Trigonometria,Ecuaciones Trigonometricas,72,True
2514,Trigonometria,Ecuaciones Trigonometricas,Trigonometria,Ecuaciones Trigonometricas,72,True
2515,Trigonometria,Ecuaciones Trigonometricas,Trigonometria,Ecuaciones Trigonometricas,72,True
2516,Trigonometria,Ecuaciones Trigonometricas,Trigonometria,Ecuaciones Trigonometricas,72,True
2517,Trigonometria,Inecuaciones Trigonometricas,Trigonometria,Inecuaciones Trigonometricas,76,True
2518,Trigonometria,Inecuaciones Trigonometricas,Trigonometria,Inecuaciones Trigonometricas,76,True
2519,Trigonometria,Ecuaciones Trigonometricas,Trigonometria,Ecuaciones Trigonometricas,72,True
2520,Trigonometria,Ecuaciones Trigonometricas,Trigonometria,Ecuaciones Trigonometricas,72,True
2521,Trigonometria,Ecuaciones Trigonometricas,Trigonometria,Ecuaciones Trigonometricas,72,True
2522,Trigonometria,Ecuaciones Trigonometricas,Trigonometria,Ecuaciones Trigonometricas,72,True
2523,Trigonometria,Ecuaciones Trigonometricas,Trigonometria,Ecuaciones Trigonometricas,72,True
2524,Trigonometria,Ecuaciones Trigonometricas,Trigonometria,Ecuaciones Trigonometricas,72,True
2525,Trigonometria,Inecuaciones Trigonometricas,Trigonometria,Inecuaciones Trigonometricas,76,True
2526,Trigonometria,Inecuaciones Trigonometricas,Trigonometria,Inecuaciones Trigonometricas,76,True
2527,Trigonometria,Ecuaciones Trigonometricas,Trigonometria,Ecuaciones Trigonometricas,72,True
2528,Trigonometria,Ecuaciones Trigonometricas,Trigonometria,Ecuaciones Trigonometricas,72,True
2529,Trigonometria,Ecuaciones Trigonometricas,Trigonometria,Ecuaciones Trigonometricas,72,True
2530,Trigonometria,Ecuaciones Trigonometricas,Trigonometria,Ecuaciones Trigonometricas,72,True
2531,Trigonometria,Ecuaciones Trigonometricas,Trigonometria,Ecuaciones Trigonometricas,72,True
2532,Trigonometria,Ecuaciones Trigonometricas,Trigonometria,Ecuaciones Trigonometricas,72,True
2533,Trigonometria,Inecuaciones Trigonometricas,Trigonometria,Inecuaciones Trigonometricas,76,True
2534,Trigonometria,Inecuaciones Trigonometricas,Trigonometria,Inecuaciones Trigonometricas,76,True
2535,Trigonometria,Ecuaciones Trigonometricas,Trigonometria,Ecuaciones Trigonometricas,72,True
2536,Trigonometria,Ecuaciones Trigonometricas,Trigonometria,Ecuaciones Trigonometricas,72,True
2537,Trigonometria,Ecuaciones Trigonometricas,Trigonometria,Ecuaciones Trigonometricas,72,True
2538,Trigonometria,Ecuaciones Trigonometricas,Trigonometria,Ecuaciones Trigonometricas,72,True
2539,Trigonometria,Ecuaciones Trigonometricas,Trigonometria,Ecuaciones Trigonometricas,72,True
2540,Trigonometria,Ecuaciones Trigonometricas,Trigonometria,Ecuaciones Trigonometricas,72,True
2541,Trigonometria,Inecuaciones Trigonometricas,Trigonometria,Inecuaciones Trigonometricas,76,True
2542,Trigonometria,Inecuaciones Trigonometricas,Trigonometria,Inecuaciones Trigonometricas,76,True
2543,Trigonometria,Ecuaciones Trigonometricas,Trigonometria,Ecuaciones Trigonometricas,72,True
2544,Trigonometria,Ecuaciones Trigonometricas,Trigonometria,Ecuaciones Trigonometricas,72,True
2545,Trigonometria,Ecuaciones Trigonometricas,Trigonometria,Ecuaciones Trigonometricas,72,True
2546,Trigonometria,Ecuaciones Trigonometricas,Trigonometria,Ecuaciones Trigonometricas,72,True
2547,Trigonometria,Ecuaciones Trigonometricas,Trigonometria,Ecuaciones Trigonometricas,72,True
2548,Trigonometria,Ecuaciones Trigonometricas,Trigonometria,Ecuaciones Trigonometricas,72,True
2549,Trigonometria,Ecuaciones Trigonometricas,Trigonometria,Ecuaciones Trigonometricas,72,True
2550,Trigonometria,Ecuaciones Trigonometricas,Trigonometria,Ecuaciones Trigonometricas,72,True
2551,Trigonometria,Ecuaciones Trigonometricas,Trigonometria,Ecuaciones Trigonometricas,72,True
2552,Trigonometria,Ecuaciones Trigonometricas,Trigonometria,Ecuaciones Trigonometricas,72,True
2553,Trigonometria,Ecuaciones Trigonometricas,Trigonometria,Ecuaciones Trigonometricas,72,True
2554,Trigonometria,Ecuaciones Trigonometricas,Trigonometria,Ecuaciones Trigonometricas,72,True
2555,Trigonometria,Ecuaciones Trigonometricas,Trigonometria,Ecuaciones Trigonometricas,72,True
2556,Trigonometria,Ecuaciones Trigonometricas,Trigonometria,Ecuaciones Trigonometricas,72,True
2557,Trigonometria,Ecuaciones Trigonometricas,Trigonometria,Ecuaciones Trigonometricas,72,True
2558,Trigonometria,Ecuaciones Trigonometricas,Trigonometria,Ecuaciones Trigonometricas,72,True
2559,Trigonometria,Ecuaciones Trigonometricas,Trigonometria,Ecuaciones Trigonometricas,72,True
2560,Trigonometria,Ecuaciones Trigonometricas,Trigonometria,Ecuaciones Trigonometricas,72,True
2561,Trigonometria,Ecuaciones Trigonometricas,Trigonometria,Ecuaciones Trigonometricas,72,True
2562,Trigonometria,Ecuaciones Trigonometricas,Trigonometria,Ecuaciones Trigonometricas,72,True
2563,Trigonometria,Ecuaciones Trigonometricas,Trigonometria,Ecuaciones Trigonometricas,72,True
2564,Trigonometria,Ecuaciones Trigonometricas,Trigonometria,Ecuaciones Trigonometricas,72,True
2565,Trigonometria,Ecuaciones Trigonometricas,Trigonometria,Ecuaciones Trigonometricas,72,True
2566,Trigonometria,Ecuaciones Trigonometricas,Trigonometria,Ecuaciones Trigonometricas,72,True
2567,Trigonometria,Ecuaciones Trigonometricas,Trigonometria,Ecuaciones Trigonometricas,72,True
2568,Trigonometria,Ecuaciones Trigonometricas,Trigonometria,Ecuaciones Trigonometricas,72,True
2569,Trigonometria,Ecuaciones Trigonometricas,Trigonometria,Ecuaciones Trigonometricas,72,True
2570,Trigonometria,Ecuaciones Trigonometricas,Trigonometria,Ecuaciones Trigonometricas,72,True
2571,Trigonometria,Ecuaciones Trigonometricas,Trigonometria,Ecuaciones Trigonometricas,72,True
2572,Trigonometria,Ecuaciones Trigonometricas,Trigonometria,Ecuaciones Trigonometricas,72,True
2573,Trigonometria,Ecuaciones Trigonometricas,Trigonometria,Ecuaciones Trigonometricas,72,True
2574,Trigonometria,Ecuaciones Trigonometricas,Trigonometria,Ecuaciones Trigonometricas,72,True
2575,Trigonometria,Ecuaciones Trigonometricas,Trigonometria,Ecuaciones Trigonometricas,72,True
2576,Trigonometria,Ecuaciones Trigonometricas,Trigonometria,Ecuaciones Trigonometricas,72,True
2577,Trigonometria,Ecuaciones Trigonometricas,Trigonometria,Ecuaciones Trigonometricas,72,True
2578,Trigonometria,Ecuaciones Trigonometricas,Trigonometria,Ecuaciones Trigonometricas,72,True
2579,Trigonometria,Ecuaciones Trigonometricas,Trigonometria,Ecuaciones Trigonometricas,72,True
2580,Trigonometria,Ecuaciones Trigonometricas,Trigonometria,Ecuaciones Trigonometricas,72,True
2581,Trigonometria,Ecuaciones Trigonometricas,Trigonometria,Ecuaciones Trigonometricas,72,True
2582,Trigonometria,Ecuaciones Trigonometricas,Trigonometria,Ecuaciones Trigonometricas,72,True
2583,Trigonometria,Ecuaciones Trigonometricas,Trigonometria,Ecuaciones Trigonometricas,72,True
2584,Trigonometria,Ecuaciones Trigonometricas,Trigonometria,Ecuaciones Trigonometricas,72,True
2585,Trigonometria,Ecuaciones Trigonometricas,Trigonometria,Ecuaciones Trigonometricas,72,True
2586,Trigonometria,Ecuaciones Trigonometricas,Trigonometria,Ecuaciones Trigonometricas,72,True
2587,Trigonometria,Ecuaciones Trigonometricas,Trigonometria,Ecuaciones Trigonometricas,72,True
2588,Trigonometria,Ecuaciones Trigonometricas,Trigonometria,Ecuaciones Trigonometricas,72,True
2589,Trigonometria,Ecuaciones Trigonometricas,Trigonometria,Ecuaciones Trigonometricas,72,True
2590,Trigonometria,Ecuaciones Trigonometricas,Trigonometria,Ecuaciones Trigonometricas,72,True
2591,Trigonometria,Ecuaciones Trigonometricas,Trigonometria,Ecuaciones Trigonometricas,72,True
2592,Trigonometria,Inecuaciones Trigonometricas,Trigonometria,Inecuaciones Trigonometricas,76,True
2593,Trigonometria,Inecuaciones Trigonometricas,Trigonometria,Inecuaciones Trigonometricas,76,True
2594,Trigonometria,Inecuaciones Trigonometricas,Trigonometria,Inecuaciones Trigonometricas,76,True
2595,Trigonometria,Inecuaciones Trigonometricas,Trigonometria,Inecuaciones Trigonometricas,76,True
2596,Trigonometria,Inecuaciones Trigonometricas,Trigonometria,Inecuaciones Trigonometricas,76,True
2597,Trigonometria,Inecuaciones Trigonometricas,Trigonometria,Inecuaciones Trigonometricas,76,True
2598,Trigonometria,Ecuaciones Trigonometricas,Trigonometria,Ecuaciones Trigonometricas,72,True
2599,Trigonometria,Ecuaciones Trigonometricas,Trigonometria,Ecuaciones Trigonometricas,72,True
2600,Trigonometria,Ecuaciones Trigonometricas,Trigonometria,Ecuaciones Trigonometricas,72,True
2601,Trigonometria,Inecuaciones Trigonometricas,Trigonometria,Inecuaciones Trigonometricas,76,True
2602,Trigonometria,Inecuaciones Trigonometricas,Trigonometria,Inecuaciones Trigonometricas,76,True
2603,Trigonometria,Inecuaciones Trigonometricas,Trigonometria,Inecuaciones Trigonometricas,76,True
2604,Trigonometria,Ecuaciones Trigonometricas,Trigonometria,Ecuaciones Trigonometricas,72,True
2605,Trigonometria,Ecuaciones Trigonometricas,Trigonometria,Ecuaciones Trigonometricas,72,True
2606,Trigonometria,Ecuaciones Trigonometricas,Trigonometria,Ecuaciones Trigonometricas,72,True
2607,Trigonometria,Resolucion de Triangulos Oblicuangulos y Cuadrilateros,Trigonometria,Resolucion de Triangulos Oblicuangulos y Cuadrilateros,80,True
2608,Trigonometria,Resolucion de Triangulos Oblicuangulos y Cuadrilateros,Trigonometria,Resolucion de Triangulos Oblicuangulos y Cuadrilateros,80,True
2609,Trigonometria,Resolucion de Triangulos Oblicuangulos y Cuadrilateros,Trigonometria,Resolucion de Triangulos Oblicuangulos y Cuadrilateros,80,True
2610,Trigonometria,Resolucion de Triangulos Oblicuangulos y Cuadrilateros,Trigonometria,Resolucion de Triangulos Oblicuangulos y Cuadrilateros,80,True
2611,Trigonometria,Resolucion de Triangulos Oblicuangulos y Cuadrilateros,Trigonometria,Resolucion de Triangulos Oblicuangulos y Cuadrilateros,80,True
2612,Trigonometria,Resolucion de Triangulos Oblicuangulos y Cuadrilateros,Trigonometria,Resolucion de Triangulos Oblicuangulos y Cuadrilateros,80,True
2613,Trigonometria,Resolucion de Triangulos Oblicuangulos y Cuadrilateros,Trigonometria,Resolucion de Triangulos Oblicuangulos y Cuadrilateros,80,True
2614,Trigonometria,Resolucion de Triangulos Oblicuangulos y Cuadrilateros,Trigonometria,Resolucion de Triangulos Oblicuangulos y Cuadrilateros,80,True
2615,Trigonometria,Resolucion de Triangulos Oblicuangulos y Cuadrilateros,Trigonometria,Resolucion de Triangulos Oblicuangulos y Cuadrilateros,80,True
2616,Trigonometria,Resolucion de Triangulos Oblicuangulos y Cuadrilateros,Trigonometria,Resolucion de Triangulos Oblicuangulos y Cuadrilateros,80,True
2617,Trigonometria,Resolucion de Triangulos Oblicuangulos y Cuadrilateros,Trigonometria,Resolucion de Triangulos Oblicuangulos y Cuadrilateros,80,True
2618,Trigonometria,Resolucion de Triangulos Oblicuangulos y Cuadrilateros,Trigonometria,Resolucion de Triangulos Oblicuangulos y Cuadrilateros,80,True
2619,Trigonometria,Resolucion de Triangulos Oblicuangulos y Cuadrilateros,Trigonometria,Resolucion de Triangulos Oblicuangulos y Cuadrilateros,80,True
2620,Trigonometria,Resolucion de Triangulos Oblicuangulos y Cuadrilateros,Trigonometria,Resolucion de Triangulos Oblicuangulos y Cuadrilateros,80,True
2621,Trigonometria,Resolucion de Triangulos Oblicuangulos y Cuadrilateros,Trigonometria,Resolucion de Triangulos Oblicuangulos y Cuadrilateros,80,True
2622,Trigonometria,Resolucion de Triangulos Oblicuangulos y Cuadrilateros,Trigonometria,Resolucion de Triangulos Oblicuangulos y Cuadrilateros,80,True
2623,Trigonometria,Resolucion de Triangulos Oblicuangulos y Cuadrilateros,Trigonometria,Resolucion de Triangulos Oblicuangulos y Cuadrilateros,80,True
2624,Trigonometria,Resolucion de Triangulos Oblicuangulos y Cuadrilateros,Trigonometria,Resolucion de Triangulos Oblicuangulos y Cuadrilateros,80,True
2625,Trigonometria,Resolucion de Triangulos Oblicuangulos y Cuadrilateros,Trigonometria,Resolucion de Triangulos Oblicuangulos y Cuadrilateros,80,True
2626,Trigonometria,Resolucion de Triangulos Oblicuangulos y Cuadrilateros,Trigonometria,Resolucion de Triangulos Oblicuangulos y Cuadrilateros,80,True
2627,Trigonometria,Resolucion de Triangulos Oblicuangulos y Cuadrilateros,Trigonometria,Resolucion de Triangulos Oblicuangulos y Cuadrilateros,80,True
2628,Trigonometria,Resolucion de Triangulos Oblicuangulos y Cuadrilateros,Trigonometria,Resolucion de Triangulos Oblicuangulos y Cuadrilateros,80,True
2629,Trigonometria,Resolucion de Triangulos Oblicuangulos y Cuadrilateros,Trigonometria,Resolucion de Triangulos Oblicuangulos y Cuadrilateros,80,True
2630,Trigonometria,Resolucion de Triangulos Oblicuangulos y Cuadrilateros,Trigonometria,Resolucion de Triangulos Oblicuangulos y Cuadrilateros,80,True
2631,Trigonometria,Resolucion de Triangulos Oblicuangulos y Cuadrilateros,Trigonometria,Resolucion de Triangulos Oblicuangulos y Cuadrilateros,80,True
2632,Trigonometria,Resolucion de Triangulos Oblicuangulos y Cuadrilateros,Trigonometria,Resolucion de Triangulos Oblicuangulos y Cuadrilateros,80,True
2633,Trigonometria,Resolucion de Triangulos Oblicuangulos y Cuadrilateros,Trigonometria,Resolucion de Triangulos Oblicuangulos y Cuadrilateros,80,True
2634,Trigonometria,Resolucion de Triangulos Oblicuangulos y Cuadrilateros,Trigonometria,Resolucion de Triangulos Oblicuangulos y Cuadrilateros,80,True
2635,Trigonometria,Resolucion de Triangulos Oblicuangulos y Cuadrilateros,Trigonometria,Resolucion de Triangulos Oblicuangulos y Cuadrilateros,80,True
2636,Trigonometria,Resolucion de Triangulos Oblicuangulos y Cuadrilateros,Trigonometria,Resolucion de Triangulos Oblicuangulos y Cuadrilateros,80,True
2637,Trigonometria,Resolucion de Triangulos Oblicuangulos y Cuadrilateros,Trigonometria,Resolucion de Triangulos Oblicuangulos y Cuadrilateros,80,True
2638,Trigonometria,Resolucion de Triangulos Oblicuangulos y Cuadrilateros,Trigonometria,Resolucion de Triangulos Oblicuangulos y Cuadrilateros,80,True
2639,Trigonometria,Resolucion de Triangulos Oblicuangulos y Cuadrilateros,Trigonometria,Resolucion de Triangulos Oblicuangulos y Cuadrilateros,80,True
2640,Trigonometria,Resolucion de Triangulos Oblicuangulos y Cuadrilateros,Trigonometria,Resolucion de Triangulos Oblicuangulos y Cuadrilateros,80,True
2641,Trigonometria,Resolucion de Triangulos Oblicuangulos y Cuadrilateros,Trigonometria,Resolucion de Triangulos Oblicuangulos y Cuadrilateros,80,True
2642,Trigonometria,Resolucion de Triangulos Oblicuangulos y Cuadrilateros,Trigonometria,Resolucion de Triangulos Oblicuangulos y Cuadrilateros,80,True
2643,Trigonometria,Resolucion de Triangulos Oblicuangulos y Cuadrilateros,Trigonometria,Resolucion de Triangulos Oblicuangulos y Cuadrilateros,80,True
2644,Trigonometria,Resolucion de Triangulos Oblicuangulos y Cuadrilateros,Trigonometria,Resolucion de Triangulos Oblicuangulos y Cuadrilateros,80,True
2645,Trigonometria,Resolucion de Triangulos Oblicuangulos y Cuadrilateros,Trigonometria,Resolucion de Triangulos Oblicuangulos y Cuadrilateros,80,True
2646,Trigonometria,Resolucion de Triangulos Oblicuangulos y Cuadrilateros,Trigonometria,Resolucion de Triangulos Oblicuangulos y Cuadrilateros,80,True
2647,Trigonometria,Resolucion de Triangulos Oblicuangulos y Cuadrilateros,Trigonometria,Resolucion de Triangulos Oblicuangulos y Cuadrilateros,80,True
2648,Trigonometria,Resolucion de Triangulos Oblicuangulos y Cuadrilateros,Trigonometria,Resolucion de Triangulos Oblicuangulos y Cuadrilateros,80,True
2649,Trigonometria,Resolucion de Triangulos Oblicuangulos y Cuadrilateros,Trigonometria,Resolucion de Triangulos Oblicuangulos y Cuadrilateros,80,True
2650,Trigonometria,Resolucion de Triangulos Oblicuangulos y Cuadrilateros,Trigonometria,Resolucion de Triangulos Oblicuangulos y Cuadrilateros,80,True
2651,Trigonometria,Resolucion de Triangulos Oblicuangulos y Cuadrilateros,Trigonometria,Resolucion de Triangulos Oblicuangulos y Cuadrilateros,80,True
2652,Trigonometria,Resolucion de Triangulos Oblicuangulos y Cuadrilateros,Trigonometria,Resolucion de Triangulos Oblicuangulos y Cuadrilateros,80,True
2653,Trigonometria,Resolucion de Triangulos Oblicuangulos y Cuadrilateros,Trigonometria,Resolucion de Triangulos Oblicuangulos y Cuadrilateros,80,True
2654,Trigonometria,Resolucion de Triangulos Oblicuangulos y Cuadrilateros,Trigonometria,Resolucion de Triangulos Oblicuangulos y Cuadrilateros,80,True
2655,Trigonometria,Resolucion de Triangulos Oblicuangulos y Cuadrilateros,Trigonometria,Resolucion de Triangulos Oblicuangulos y Cuadrilateros,80,True
2656,Trigonometria,Resolucion de Triangulos Oblicuangulos y Cuadrilateros,Trigonometria,Resolucion de Triangulos Oblicuangulos y Cuadrilateros,80,True
2657,Trigonometria,Resolucion de Triangulos Oblicuangulos y Cuadrilateros,Trigonometria,Resolucion de Triangulos Oblicuangulos y Cuadrilateros,80,True
2658,Trigonometria,Resolucion de Triangulos Oblicuangulos y Cuadrilateros,Trigonometria,Resolucion de Triangulos Oblicuangulos y Cuadrilateros,80,True
2659,Trigonometria,Resolucion de Triangulos Oblicuangulos y Cuadrilateros,Trigonometria,Resolucion de Triangulos Oblicuangulos y Cuadrilateros,80,True
2660,Trigonometria,Resolucion de Triangulos Oblicuangulos y Cuadrilateros,Trigonometria,Resolucion de Triangulos Oblicuangulos y Cuadrilateros,80,True
2661,Trigonometria,Resolucion de Triangulos Oblicuangulos y Cuadrilateros,Trigonometria,Resolucion de Triangulos Oblicuangulos y Cuadrilateros,80,True
2662,Trigonometria,Resolucion de Triangulos Oblicuangulos y Cuadrilateros,Trigonometria,Resolucion de Triangulos Oblicuangulos y Cuadrilateros,80,True
2663,Trigonometria,Resolucion de Triangulos Oblicuangulos y Cuadrilateros,Trigonometria,Resolucion de Triangulos Oblicuangulos y Cuadrilateros,80,True
2664,Trigonometria,Resolucion de Triangulos Oblicuangulos y Cuadrilateros,Trigonometria,Resolucion de Triangulos Oblicuangulos y Cuadrilateros,80,True
2665,Trigonometria,Resolucion de Triangulos Oblicuangulos y Cuadrilateros,Trigonometria,Resolucion de Triangulos Oblicuangulos y Cuadrilateros,80,True
2666,Trigonometria,Resolucion de Triangulos Oblicuangulos y Cuadrilateros,Trigonometria,Resolucion de Triangulos Oblicuangulos y Cuadrilateros,80,True
2667,Trigonometria,Resolucion de Triangulos Oblicuangulos y Cuadrilateros,Trigonometria,Resolucion de Triangulos Oblicuangulos y Cuadrilateros,80,True
2668,Trigonometria,Resolucion de Triangulos Oblicuangulos y Cuadrilateros,Trigonometria,Resolucion de Triangulos Oblicuangulos y Cuadrilateros,80,True
2669,Trigonometria,Resolucion de Triangulos Oblicuangulos y Cuadrilateros,Trigonometria,Resolucion de Triangulos Oblicuangulos y Cuadrilateros,80,True
2670,Trigonometria,Resolucion de Triangulos Oblicuangulos y Cuadrilateros,Trigonometria,Resolucion de Triangulos Oblicuangulos y Cuadrilateros,80,True
2671,Trigonometria,Resolucion de Triangulos Oblicuangulos y Cuadrilateros,Trigonometria,Resolucion de Triangulos Oblicuangulos y Cuadrilateros,80,True
2672,Trigonometria,Resolucion de Triangulos Oblicuangulos y Cuadrilateros,Trigonometria,Resolucion de Triangulos Oblicuangulos y Cuadrilateros,80,True
2673,Trigonometria,Resolucion de Triangulos Oblicuangulos y Cuadrilateros,Trigonometria,Resolucion de Triangulos Oblicuangulos y Cuadrilateros,80,True
2674,Trigonometria,Resolucion de Triangulos Oblicuangulos y Cuadrilateros,Trigonometria,Resolucion de Triangulos Oblicuangulos y Cuadrilateros,80,True
2675,Trigonometria,Resolucion de Triangulos Oblicuangulos y Cuadrilateros,Trigonometria,Resolucion de Triangulos Oblicuangulos y Cuadrilateros,80,True
2676,Trigonometria,Resolucion de Triangulos Oblicuangulos y Cuadrilateros,Trigonometria,Resolucion de Triangulos Oblicuangulos y Cuadrilateros,80,True
2677,Trigonometria,Resolucion de Triangulos Oblicuangulos y Cuadrilateros,Trigonometria,Resolucion de Triangulos Oblicuangulos y Cuadrilateros,80,True
2678,Trigonometria,Resolucion de Triangulos Oblicuangulos y Cuadrilateros,Trigonometria,Resolucion de Triangulos Oblicuangulos y Cuadrilateros,80,True
2679,Trigonometria,Resolucion de Triangulos Oblicuangulos y Cuadrilateros,Trigonometria,Resolucion de Triangulos Oblicuangulos y Cuadrilateros,80,True
2680,Trigonometria,Resolucion de Triangulos Oblicuangulos y Cuadrilateros,Trigonometria,Resolucion de Triangulos Oblicuangulos y Cuadrilateros,80,True
2681,Trigonometria,Resolucion de Triangulos Oblicuangulos y Cuadrilateros,Trigonometria,Resolucion de Triangulos Oblicuangulos y Cuadrilateros,80,True
2682,Trigonometria,Resolucion de Triangulos Oblicuangulos y Cuadrilateros,Trigonometria,Resolucion de Triangulos Oblicuangulos y Cuadrilateros,80,True
2683,Trigonometria,Resolucion de Triangulos Oblicuangulos y Cuadrilateros,Trigonometria,Resolucion de Triangulos Oblicuangulos y Cuadrilateros,80,True
2684,Trigonometria,Resolucion de Triangulos Oblicuangulos y Cuadrilateros,Trigonometria,Resolucion de Triangulos Oblicuangulos y Cuadrilateros,80,True
2685,Trigonometria,Resolucion de Triangulos Oblicuangulos y Cuadrilateros,Trigonometria,Resolucion de Triangulos Oblicuangulos y Cuadrilateros,80,True
2686,Trigonometria,Resolucion de Triangulos Oblicuangulos y Cuadrilateros,Trigonometria,Resolucion de Triangulos Oblicuangulos y Cuadrilateros,80,True
2687,Trigonometria,Resolucion de Triangulos Oblicuangulos y Cuadrilateros,Trigonometria,Resolucion de Triangulos Oblicuangulos y Cuadrilateros,80,True
2688,Trigonometria,Resolucion de Triangulos Oblicuangulos y Cuadrilateros,Trigonometria,Resolucion de Triangulos Oblicuangulos y Cuadrilateros,80,True
2689,Trigonometria,Resolucion de Triangulos Oblicuangulos y Cuadrilateros,Trigonometria,Resolucion de Triangulos Oblicuangulos y Cuadrilateros,80,True
2690,Trigonometria,Resolucion de Triangulos Oblicuangulos y Cuadrilateros,Trigonometria,Resolucion de Triangulos Oblicuangulos y Cuadrilateros,80,True
2691,Trigonometria,Resolucion de Triangulos Oblicuangulos y Cuadrilateros,Trigonometria,Resolucion de Triangulos Oblicuangulos y Cuadrilateros,80,True
2692,Trigonometria,Resolucion de Triangulos Oblicuangulos y Cuadrilateros,Trigonometria,Resolucion de Triangulos Oblicuangulos y Cuadrilateros,80,True
2693,Trigonometria,Resolucion de Triangulos Oblicuangulos y Cuadrilateros,Trigonometria,Resolucion de Triangulos Oblicuangulos y Cuadrilateros,80,True
2694,Trigonometria,Resolucion de Triangulos Oblicuangulos y Cuadrilateros,Trigonometria,Resolucion de Triangulos Oblicuangulos y Cuadrilateros,80,True
2695,Trigonometria,Resolucion de Triangulos Oblicuangulos y Cuadrilateros,Trigonometria,Resolucion de Triangulos Oblicuangulos y Cuadrilateros,80,True
2696,Trigonometria,Resolucion de Triangulos Oblicuangulos y Cuadrilateros,Trigonometria,Resolucion de Triangulos Oblicuangulos y Cuadrilateros,80,True
2697,Trigonometria,Resolucion de Triangulos Oblicuangulos y Cuadrilateros,Trigonometria,Resolucion de Triangulos Oblicuangulos y Cuadrilateros,80,True
2698,Trigonometria,Resolucion de Triangulos Oblicuangulos y Cuadrilateros,Trigonometria,Resolucion de Triangulos Oblicuangulos y Cuadrilateros,80,True
2699,Trigonometria,Resolucion de Triangulos Oblicuangulos y Cuadrilateros,Trigonometria,Resolucion de Triangulos Oblicuangulos y Cuadrilateros,80,True
2700,Trigonometria,Resolucion de Triangulos Oblicuangulos y Cuadrilateros,Trigonometria,Resolucion de Triangulos Oblicuangulos y Cuadrilateros,80,True
2701,Trigonometria,Resolucion de Triangulos Oblicuangulos y Cuadrilateros,Trigonometria,Resolucion de Triangulos Oblicuangulos y Cuadrilateros,80,True
2702,Trigonometria,Resolucion de Triangulos Oblicuangulos y Cuadrilateros,Trigonometria,Resolucion de Triangulos Oblicuangulos y Cuadrilateros,80,True
2703,Trigonometria,Resolucion de Triangulos Oblicuangulos y Cuadrilateros,Trigonometria,Resolucion de Triangulos Oblicuangulos y Cuadrilateros,80,True
2704,Trigonometria,Resolucion de Triangulos Oblicuangulos y Cuadrilateros,Trigonometria,Resolucion de Triangulos Oblicuangulos y Cuadrilateros,80,True
2705,Trigonometria,Resolucion de Triangulos Oblicuangulos y Cuadrilateros,Trigonometria,Resolucion de Triangulos Oblicuangulos y Cuadrilateros,80,True
2706,Trigonometria,Resolucion de Triangulos Oblicuangulos y Cuadrilateros,Trigonometria,Resolucion de Triangulos Oblicuangulos y Cuadrilateros,80,True
2707,Trigonometria,Resolucion de Triangulos Oblicuangulos y Cuadrilateros,Trigonometria,Resolucion de Triangulos Oblicuangulos y Cuadrilateros,80,True
2708,Trigonometria,Resolucion de Triangulos Oblicuangulos y Cuadrilateros,Trigonometria,Resolucion de Triangulos Oblicuangulos y Cuadrilateros,80,True
2709,Trigonometria,Resolucion de Triangulos Oblicuangulos y Cuadrilateros,Trigonometria,Resolucion de Triangulos Oblicuangulos y Cuadrilateros,80,True
2710,Trigonometria,Resolucion de Triangulos Oblicuangulos y Cuadrilateros,Trigonometria,Resolucion de Triangulos Oblicuangulos y Cuadrilateros,80,True
2711,Trigonometria,Resolucion de Triangulos Oblicuangulos y Cuadrilateros,Trigonometria,Resolucion de Triangulos Oblicuangulos y Cuadrilateros,80,True
2712,Trigonometria,Resolucion de Triangulos Oblicuangulos y Cuadrilateros,Trigonometria,Resolucion de Triangulos Oblicuangulos y Cuadrilateros,80,True
2713,Trigonometria,Resolucion de Triangulos Oblicuangulos y Cuadrilateros,Trigonometria,Resolucion de Triangulos Oblicuangulos y Cuadrilateros,80,True
2714,Trigonometria,Resolucion de Triangulos Oblicuangulos y Cuadrilateros,Trigonometria,Resolucion de Triangulos Oblicuangulos y Cuadrilateros,80,True
2715,Trigonometria,Resolucion de Triangulos Oblicuangulos y Cuadrilateros,Trigonometria,Resolucion de Triangulos Oblicuangulos y Cuadrilateros,80,True
2716,Trigonometria,Resolucion de Triangulos Oblicuangulos y Cuadrilateros,Trigonometria,Resolucion de Triangulos Oblicuangulos y Cuadrilateros,80,True
2717,Trigonometria,Resolucion de Triangulos Oblicuangulos y Cuadrilateros,Trigonometria,Resolucion de Triangulos Oblicuangulos y Cuadrilateros,80,True
2718,Trigonometria,Resolucion de Triangulos Oblicuangulos y Cuadrilateros,Trigonometria,Resolucion de Triangulos Oblicuangulos y Cuadrilateros,80,True
2719,Trigonometria,Resolucion de Triangulos Oblicuangulos y Cuadrilateros,Trigonometria,Resolucion de Triangulos Oblicuangulos y Cuadrilateros,80,True
2720,Trigonometria,Resolucion de Triangulos Oblicuangulos y Cuadrilateros,Trigonometria,Resolucion de Triangulos Oblicuangulos y Cuadrilateros,80,True
2721,Trigonometria,Resolucion de Triangulos Oblicuangulos y Cuadrilateros,Trigonometria,Resolucion de Triangulos Oblicuangulos y Cuadrilateros,80,True
2722,Trigonometria,Resolucion de Triangulos Oblicuangulos y Cuadrilateros,Trigonometria,Resolucion de Triangulos Oblicuangulos y Cuadrilateros,80,True
2723,Trigonometria,Resolucion de Triangulos Oblicuangulos y Cuadrilateros,Trigonometria,Resolucion de Triangulos Oblicuangulos y Cuadrilateros,80,True
2724,Trigonometria,Resolucion de Triangulos Oblicuangulos y Cuadrilateros,Trigonometria,Resolucion de Triangulos Oblicuangulos y Cuadrilateros,80,True
2725,Trigonometria,Resolucion de Triangulos Oblicuangulos y Cuadrilateros,Trigonometria,Resolucion de Triangulos Oblicuangulos y Cuadrilateros,80,True
2726,Trigonometria,Resolucion de Triangulos Oblicuangulos y Cuadrilateros,Trigonometria,Resolucion de Triangulos Oblicuangulos y Cuadrilateros,80,True
2727,Trigonometria,Resolucion de Triangulos Oblicuangulos y Cuadrilateros,Trigonometria,Resolucion de Triangulos Oblicuangulos y Cuadrilateros,80,True
2728,Trigonometria,Resolucion de Triangulos Oblicuangulos y Cuadrilateros,Trigonometria,Resolucion de Triangulos Oblicuangulos y Cuadrilateros,80,True
2729,Trigonometria,Resolucion de Triangulos Oblicuangulos y Cuadrilateros,Trigonometria,Resolucion de Triangulos Oblicuangulos y Cuadrilateros,80,True
2730,Trigonometria,Resolucion de Triangulos Oblicuangulos y Cuadrilateros,Trigonometria,Resolucion de Triangulos Oblicuangulos y Cuadrilateros,80,True
2731,Trigonometria,Resolucion de Triangulos Oblicuangulos y Cuadrilateros,Trigonometria,Resolucion de Triangulos Oblicuangulos y Cuadrilateros,80,True
2732,Trigonometria,Resolucion de Triangulos Oblicuangulos y Cuadrilateros,Trigonometria,Resolucion de Triangulos Oblicuangulos y Cuadrilateros,80,True
2733,Trigonometria,Resolucion de Triangulos Oblicuangulos y Cuadrilateros,Trigonometria,Resolucion de Triangulos Oblicuangulos y Cuadrilateros,80,True
2734,Trigonometria,Resolucion de Triangulos Oblicuangulos y Cuadrilateros,Trigonometria,Resolucion de Triangulos Oblicuangulos y Cuadrilateros,80,True
2735,Trigonometria,Resolucion de Triangulos Oblicuangulos y Cuadrilateros,Trigonometria,Resolucion de Triangulos Oblicuangulos y Cuadrilateros,80,True
2736,Trigonometria,Resolucion de Triangulos Oblicuangulos y Cuadrilateros,Trigonometria,Resolucion de Triangulos Oblicuangulos y Cuadrilateros,80,True
2737,Trigonometria,Resolucion de Triangulos Oblicuangulos y Cuadrilateros,Trigonometria,Resolucion de Triangulos Oblicuangulos y Cuadrilateros,80,True
2738,Trigonometria,Resolucion de Triangulos Oblicuangulos y Cuadrilateros,Trigonometria,Resolucion de Triangulos Oblicuangulos y Cuadrilateros,80,True
2739,Trigonometria,Resolucion de Triangulos Oblicuangulos y Cuadrilateros,Trigonometria,Resolucion de Triangulos Oblicuangulos y Cuadrilateros,80,True
2740,Trigonometria,Resolucion de Triangulos Oblicuangulos y Cuadrilateros,Trigonometria,Resolucion de Triangulos Oblicuangulos y Cuadrilateros,80,True
2741,Trigonometria,Resolucion de Triangulos Oblicuangulos y Cuadrilateros,Trigonometria,Resolucion de Triangulos Oblicuangulos y Cuadrilateros,80,True
2742,Trigonometria,Resolucion de Triangulos Oblicuangulos y Cuadrilateros,Trigonometria,Resolucion de Triangulos Oblicuangulos y Cuadrilateros,80,True
2743,Trigonometria,Resolucion de Triangulos Oblicuangulos y Cuadrilateros,Trigonometria,Resolucion de Triangulos Oblicuangulos y Cuadrilateros,80,True
2744,Trigonometria,Resolucion de Triangulos Oblicuangulos y Cuadrilateros,Trigonometria,Resolucion de Triangulos Oblicuangulos y Cuadrilateros,80,True
2745,Trigonometria,Resolucion de Triangulos Oblicuangulos y Cuadrilateros,Trigonometria,Resolucion de Triangulos Oblicuangulos y Cuadrilateros,80,True
2746,Trigonometria,Resolucion de Triangulos Oblicuangulos y Cuadrilateros,Trigonometria,Resolucion de Triangulos Oblicuangulos y Cuadrilateros,80,True
2747,Trigonometria,Resolucion de Triangulos Oblicuangulos y Cuadrilateros,Trigonometria,Resolucion de Triangulos Oblicuangulos y Cuadrilateros,80,True
2748,Trigonometria,Resolucion de Triangulos Oblicuangulos y Cuadrilateros,Trigonometria,Resolucion de Triangulos Oblicuangulos y Cuadrilateros,80,True
2749,Trigonometria,Resolucion de Triangulos Oblicuangulos y Cuadrilateros,Trigonometria,Resolucion de Triangulos Oblicuangulos y Cuadrilateros,80,True
2750,Trigonometria,Resolucion de Triangulos Oblicuangulos y Cuadrilateros,Trigonometria,Resolucion de Triangulos Oblicuangulos y Cuadrilateros,80,True
2751,Trigonometria,Resolucion de Triangulos Oblicuangulos y Cuadrilateros,Trigonometria,Resolucion de Triangulos Oblicuangulos y Cuadrilateros,80,True
2752,Trigonometria,Resolucion de Triangulos Oblicuangulos y Cuadrilateros,Trigonometria,Resolucion de Triangulos Oblicuangulos y Cuadrilateros,80,True
2753,Trigonometria,Resolucion de Triangulos Oblicuangulos y Cuadrilateros,Trigonometria,Resolucion de Triangulos Oblicuangulos y Cuadrilateros,80,True
2754,Trigonometria,Resolucion de Triangulos Oblicuangulos y Cuadrilateros,Trigonometria,Resolucion de Triangulos Oblicuangulos y Cuadrilateros,80,True
2755,Trigonometria,Resolucion de Triangulos Oblicuangulos y Cuadrilateros,Trigonometria,Resolucion de Triangulos Oblicuangulos y Cuadrilateros,80,True
2756,Trigonometria,Resolucion de Triangulos Oblicuangulos y Cuadrilateros,Trigonometria,Resolucion de Triangulos Oblicuangulos y Cuadrilateros,80,True
2757,Trigonometria,Resolucion de Triangulos Oblicuangulos y Cuadrilateros,Trigonometria,Resolucion de Triangulos Oblicuangulos y Cuadrilateros,80,True
2758,Trigonometria,Resolucion de Triangulos Oblicuangulos y Cuadrilateros,Trigonometria,Resolucion de Triangulos Oblicuangulos y Cuadrilateros,80,True
2759,Trigonometria,Resolucion de Triangulos Oblicuangulos y Cuadrilateros,Trigonometria,Resolucion de Triangulos Oblicuangulos y Cuadrilateros,80,True
2760,Trigonometria,Resolucion de Triangulos Oblicuangulos y Cuadrilateros,Trigonometria,Resolucion de Triangulos Oblicuangulos y Cuadrilateros,80,True
2761,Trigonometria,Resolucion de Triangulos Oblicuangulos y Cuadrilateros,Trigonometria,Resolucion de Triangulos Oblicuangulos y Cuadrilateros,80,True
2762,Trigonometria,Resolucion de Triangulos Oblicuangulos y Cuadrilateros,Trigonometria,Resolucion de Triangulos Oblicuangulos y Cuadrilateros,80,True
2763,Trigonometria,Resolucion de Triangulos Oblicuangulos y Cuadrilateros,Trigonometria,Resolucion de Triangulos Oblicuangulos y Cuadrilateros,80,True
2764,Trigonometria,Resolucion de Triangulos Oblicuangulos y Cuadrilateros,Trigonometria,Resolucion de Triangulos Oblicuangulos y Cuadrilateros,80,True
2765,Trigonometria,Resolucion de Triangulos Oblicuangulos y Cuadrilateros,Trigonometria,Resolucion de Triangulos Oblicuangulos y Cuadrilateros,80,True
2766,Trigonometria,Resolucion de Triangulos Oblicuangulos y Cuadrilateros,Trigonometria,Resolucion de Triangulos Oblicuangulos y Cuadrilateros,80,True
2767,Trigonometria,Resolucion de Triangulos Oblicuangulos y Cuadrilateros,Trigonometria,Resolucion de Triangulos Oblicuangulos y Cuadrilateros,80,True
2768,Trigonometria,Resolucion de Triangulos Oblicuangulos y Cuadrilateros,Trigonometria,Resolucion de Triangulos Oblicuangulos y Cuadrilateros,80,True
2769,Trigonometria,Resolucion de Triangulos Oblicuangulos y Cuadrilateros,Trigonometria,Resolucion de Triangulos Oblicuangulos y Cuadrilateros,80,True
2770,Trigonometria,Resolucion de Triangulos Oblicuangulos y Cuadrilateros,Trigonometria,Resolucion de Triangulos Oblicuangulos y Cuadrilateros,80,True
2771,Trigonometria,Resolucion de Triangulos Oblicuangulos y Cuadrilateros,Trigonometria,Resolucion de Triangulos Oblicuangulos y Cuadrilateros,80,True
2772,Trigonometria,Resolucion de Triangulos Oblicuangulos y Cuadrilateros,Trigonometria,Resolucion de Triangulos Oblicuangulos y Cuadrilateros,80,True
2773,Trigonometria,Resolucion de Triangulos Oblicuangulos y Cuadrilateros,Trigonometria,Resolucion de Triangulos Oblicuangulos y Cuadrilateros,80,True
2774,Trigonometria,Resolucion de Triangulos Oblicuangulos y Cuadrilateros,Trigonometria,Resolucion de Triangulos Oblicuangulos y Cuadrilateros,80,True
2775,Trigonometria,Resolucion de Triangulos Oblicuangulos y Cuadrilateros,Trigonometria,Resolucion de Triangulos Oblicuangulos y Cuadrilateros,80,True
2776,Trigonometria,Resolucion de Triangulos Oblicuangulos y Cuadrilateros,Trigonometria,Resolucion de Triangulos Oblicuangulos y Cuadrilateros,80,True
2777,Trigonometria,Resolucion de Triangulos Oblicuangulos y Cuadrilateros,Trigonometria,Resolucion de Triangulos Oblicuangulos y Cuadrilateros,80,True
2778,Trigonometria,Resolucion de Triangulos Oblicuangulos y Cuadrilateros,Trigonometria,Resolucion de Triangulos Oblicuangulos y Cuadrilateros,80,True
2779,Trigonometria,Resolucion de Triangulos Oblicuangulos y Cuadrilateros,Trigonometria,Resolucion de Triangulos Oblicuangulos y Cuadrilateros,80,True
2780,Trigonometria,Resolucion de Triangulos Oblicuangulos y Cuadrilateros,Trigonometria,Resolucion de Triangulos Oblicuangulos y Cuadrilateros,80,True
2781,Trigonometria,Resolucion de Triangulos Oblicuangulos y Cuadrilateros,Trigonometria,Resolucion de Triangulos Oblicuangulos y Cuadrilateros,80,True
2782,Trigonometria,Resolucion de Triangulos Oblicuangulos y Cuadrilateros,Trigonometria,Resolucion de Triangulos Oblicuangulos y Cuadrilateros,80,True
2783,Trigonometria,Resolucion de Triangulos Oblicuangulos y Cuadrilateros,Trigonometria,Resolucion de Triangulos Oblicuangulos y Cuadrilateros,80,True
2784,Trigonometria,Resolucion de Triangulos Oblicuangulos y Cuadrilateros,Trigonometria,Resolucion de Triangulos Oblicuangulos y Cuadrilateros,80,True
2785,Trigonometria,Resolucion de Triangulos Oblicuangulos y Cuadrilateros,Trigonometria,Resolucion de Triangulos Oblicuangulos y Cuadrilateros,80,True
2786,Trigonometria,Resolucion de Triangulos Oblicuangulos y Cuadrilateros,Trigonometria,Resolucion de Triangulos Oblicuangulos y Cuadrilateros,80,True
2787,Trigonometria,Resolucion de Triangulos Oblicuangulos y Cuadrilateros,Trigonometria,Resolucion de Triangulos Oblicuangulos y Cuadrilateros,80,True
2788,Trigonometria,Resolucion de Triangulos Oblicuangulos y Cuadrilateros,Trigonometria,Resolucion de Triangulos Oblicuangulos y Cuadrilateros,80,True
2789,Trigonometria,Resolucion de Triangulos Oblicuangulos y Cuadrilateros,Trigonometria,Resolucion de Triangulos Oblicuangulos y Cuadrilateros,80,True
2790,Trigonometria,Resolucion de Triangulos Oblicuangulos y Cuadrilateros,Trigonometria,Resolucion de Triangulos Oblicuangulos y Cuadrilateros,80,True
2791,Trigonometria,Resolucion de Triangulos Oblicuangulos y Cuadrilateros,Trigonometria,Resolucion de Triangulos Oblicuangulos y Cuadrilateros,80,True
2792,Trigonometria,Resolucion de Triangulos Oblicuangulos y Cuadrilateros,Trigonometria,Resolucion de Triangulos Oblicuangulos y Cuadrilateros,80,True
2793,Trigonometria,Resolucion de Triangulos Oblicuangulos y Cuadrilateros,Trigonometria,Resolucion de Triangulos Oblicuangulos y Cuadrilateros,80,True
2794,Trigonometria,Resolucion de Triangulos Oblicuangulos y Cuadrilateros,Trigonometria,Resolucion de Triangulos Oblicuangulos y Cuadrilateros,80,True
2795,Trigonometria,Resolucion de Triangulos Oblicuangulos y Cuadrilateros,Trigonometria,Resolucion de Triangulos Oblicuangulos y Cuadrilateros,80,True
2796,Trigonometria,Resolucion de Triangulos Oblicuangulos y Cuadrilateros,Trigonometria,Resolucion de Triangulos Oblicuangulos y Cuadrilateros,80,True
2797,Trigonometria,Resolucion de Triangulos Oblicuangulos y Cuadrilateros,Trigonometria,Resolucion de Triangulos Oblicuangulos y Cuadrilateros,80,True
2798,Trigonometria,Resolucion de Triangulos Oblicuangulos y Cuadrilateros,Trigonometria,Resolucion de Triangulos Oblicuangulos y Cuadrilateros,80,True
2799,Trigonometria,Resolucion de Triangulos Oblicuangulos y Cuadrilateros,Trigonometria,Resolucion de Triangulos Oblicuangulos y Cuadrilateros,80,True
2800,Trigonometria,Resolucion de Triangulos Oblicuangulos y Cuadrilateros,Trigonometria,Resolucion de Triangulos Oblicuangulos y Cuadrilateros,80,True
2801,Trigonometria,Resolucion de Triangulos Oblicuangulos y Cuadrilateros,Trigonometria,Resolucion de Triangulos Oblicuangulos y Cuadrilateros,80,True
2802,Trigonometria,Resolucion de Triangulos Oblicuangulos y Cuadrilateros,Trigonometria,Resolucion de Triangulos Oblicuangulos y Cuadrilateros,80,True
2803,Trigonometria,Resolucion de Triangulos Oblicuangulos y Cuadrilateros,Trigonometria,Resolucion de Triangulos Oblicuangulos y Cuadrilateros,80,True
2804,Trigonometria,Resolucion de Triangulos Oblicuangulos y Cuadrilateros,Trigonometria,Resolucion de Triangulos Oblicuangulos y Cuadrilateros,80,True
2805,Trigonometria,Resolucion de Triangulos Oblicuangulos y Cuadrilateros,Trigonometria,Resolucion de Triangulos Oblicuangulos y Cuadrilateros,80,True
2806,Trigonometria,Resolucion de Triangulos Oblicuangulos y Cuadrilateros,Trigonometria,Resolucion de Triangulos Oblicuangulos y Cuadrilateros,80,True
2807,Trigonometria,Resolucion de Triangulos Oblicuangulos y Cuadrilateros,Trigonometria,Resolucion de Triangulos Oblicuangulos y Cuadrilateros,80,True
2808,Trigonometria,Resolucion de Triangulos Oblicuangulos y Cuadrilateros,Trigonometria,Resolucion de Triangulos Oblicuangulos y Cuadrilateros,80,True
2809,Trigonometria,Resolucion de Triangulos Oblicuangulos y Cuadrilateros,Trigonometria,Resolucion de Triangulos Oblicuangulos y Cuadrilateros,80,True
2810,Trigonometria,Resolucion de Triangulos Oblicuangulos y Cuadrilateros,Trigonometria,Resolucion de Triangulos Oblicuangulos y Cuadrilateros,80,True
2811,Trigonometria,Resolucion de Triangulos Oblicuangulos y Cuadrilateros,Trigonometria,Resolucion de Triangulos Oblicuangulos y Cuadrilateros,80,True
2812,Trigonometria,Resolucion de Triangulos Oblicuangulos y Cuadrilateros,Trigonometria,Resolucion de Triangulos Oblicuangulos y Cuadrilateros,80,True
2813,Trigonometria,Resolucion de Triangulos Oblicuangulos y Cuadrilateros,Trigonometria,Resolucion de Triangulos Oblicuangulos y Cuadrilateros,80,True
2814,Trigonometria,Resolucion de Triangulos Oblicuangulos y Cuadrilateros,Trigonometria,Resolucion de Triangulos Oblicuangulos y Cuadrilateros,80,True
2815,Trigonometria,Resolucion de Triangulos Oblicuangulos y Cuadrilateros,Trigonometria,Resolucion de Triangulos Oblicuangulos y Cuadrilateros,80,True
2816,Trigonometria,Resolucion de Triangulos Oblicuangulos y Cuadrilateros,Trigonometria,Resolucion de Triangulos Oblicuangulos y Cuadrilateros,80,True
2817,Algebra,Conceptos Basicos,Algebra,Conceptos Basicos,4,True
2818,Algebra,Conceptos Basicos,Algebra,Conceptos Basicos,4,True
2819,Algebra,Conceptos Basicos,Algebra,Conceptos Basicos,4,True
2820,Algebra,Conceptos Basicos,Algebra,Conceptos Basicos,4,True
2821,Algebra,Conceptos Basicos,Algebra,Conceptos Basicos,4,True
2822,Algebra,Conceptos Basicos,Algebra,Conceptos Basicos,4,True
2823,Algebra,Conceptos Basicos,Algebra,Conceptos Basicos,4,True
2824,Algebra,Conceptos Basicos,Algebra,Conceptos Basicos,4,True
2825,Algebra,Conceptos Basicos,Algebra,Conceptos Basicos,4,True
2826,Algebra,Conceptos Basicos,Algebra,Conceptos Basicos,4,True
2827,Algebra,Conceptos Basicos,Algebra,Conceptos Basicos,4,True
2828,Algebra,Conceptos Basicos,Algebra,Conceptos Basicos,4,True
2829,Algebra,Conceptos Basicos,Algebra,Conceptos Basicos,4,True
2830,Algebra,Conceptos Basicos,Algebra,Conceptos Basicos,4,True
2831,Algebra,Conceptos Basicos,Algebra,Conceptos Basicos,4,True
2832,Algebra,Conceptos Basicos,Algebra,Conceptos Basicos,4,True
2833,Algebra,Conceptos Basicos,Algebra,Conceptos Basicos,4,True
2834,Algebra,Conceptos Basicos,Algebra,Conceptos Basicos,4,True
2835,Algebra,Conceptos Basicos,Algebra,Conceptos Basicos,4,True
2836,Algebra,Conceptos Basicos,Algebra,Conceptos Basicos,4,True
2899,Algebra,Polinomios,Algebra,Polinomios,27,True
2900,Algebra,Expresiones Algebraicas,Algebra,Expresiones Algebraicas,11,True
2901,Algebra,Polinomios,Algebra,Polinomios,27,True
2902,Algebra,Expresiones Algebraicas,Algebra,Expresiones Algebraicas,11,True
2903,Algebra,Productos Notables,Algebra,Productos Notables,29,True
2904,Algebra,Productos Notables,Algebra,Productos Notables,29,True
2905,Algebra,Productos Notables,Algebra,Productos Notables,29,True
2906,Algebra,Productos Notables,Algebra,Productos Notables,29,True
2907,Algebra,Productos Notables,Algebra,Productos Notables,29,True
2908,Algebra,Productos Notables,Algebra,Productos Notables,29,True
2909,Algebra,Division Algebraica,Algebra,Division Algebraica,6,True
2910,Algebra,Division Algebraica,Algebra,Division Algebraica,6,True
2911,Algebra,Division Algebraica,Algebra,Division Algebraica,6,True
2912,Algebra,Division Algebraica,Algebra,Division Algebraica,6,True
2913,Algebra,Division Algebraica,Algebra,Division Algebraica,6,True
2914,Algebra,Factorizacion,Algebra,Factorizacion,13,True
2915,Algebra,Factorizacion,Algebra,Factorizacion,13,True
2916,Algebra,Factorizacion,Algebra,Factorizacion,13,True
2917,Algebra,Factorizacion,Algebra,Factorizacion,13,True
2918,Algebra,Radicacion,Algebra,Radicacion,30,True
2919,Algebra,Fracciones Parciales,Algebra,Fracciones Parciales,15,True
2920,Algebra,Radicacion,Algebra,Radicacion,30,True
2921,Algebra,Numeros Complejos,Algebra,Numeros Complejos,25,True
2922,Algebra,Numeros Complejos,Algebra,Numeros Complejos,25,True
2923,Algebra,Numeros Complejos,Algebra,Numeros Complejos,25,True
2924,Algebra,Numeros Complejos,Algebra,Numeros Complejos,25,True
2925,Algebra,Numeros Complejos,Algebra,Numeros Complejos,25,True
2926,Algebra,Numeros Complejos,Algebra,Numeros Complejos,25,True
2927,Algebra,Numeros Complejos,Algebra,Numeros Complejos,25,True
2928,Algebra,Ecuaciones Cuadraticas,Algebra,Ecuaciones Cuadraticas,7,True
2929,Algebra,Ecuaciones Cuadraticas,Algebra,Ecuaciones Cuadraticas,7,True
2930,Algebra,Ecuaciones Cuadraticas,Algebra,Ecuaciones Cuadraticas,7,True
2931,Algebra,Ecuaciones de Grado Superior,Algebra,Ecuaciones de Grado Superior,10,True
2932,Algebra,Ecuaciones Cuadraticas,Algebra,Ecuaciones Cuadraticas,7,True
2933,Algebra,Ecuaciones de Grado Superior,Algebra,Ecuaciones de Grado Superior,10,True
2934,Algebra,Ecuaciones de Grado Superior,Algebra,Ecuaciones de Grado Superior,10,True
2935,Algebra,Ecuaciones de Grado Superior,Algebra,Ecuaciones de Grado Superior,10,True
2936,Algebra,Ecuaciones de Grado Superior,Algebra,Ecuaciones de Grado Superior,10,True
2937,Algebra,Ecuaciones de Grado Superior,Algebra,Ecuaciones de Grado Superior,10,True
2938,Algebra,Ecuaciones de Grado Superior,Algebra,Ecuaciones de Grado Superior,10,True
2939,Geometria,Triangulos,Geometria,Triangulos,64,True
2940,Geometria,Triangulos,Geometria,Triangulos,64,True
2941,Geometria,Triangulos,Geometria,Triangulos,64,True
2942,Geometria,Triangulos,Geometria,Triangulos,64,True
2943,Geometria,Triangulos,Geometria,Triangulos,64,True
2944,Geometria,Triangulos,Geometria,Triangulos,64,True
2945,Geometria,Triangulos,Geometria,Triangulos,64,True
2946,Geometria,Triangulos,Geometria,Triangulos,64,True
2947,Geometria,Congruencia de Triangulos,Geometria,Congruencia de Triangulos,47,True
2948,Geometria,Congruencia de Triangulos,Geometria,Congruencia de Triangulos,47,True
2949,Geometria,Congruencia de Triangulos,Geometria,Congruencia de Triangulos,47,True
2950,Geometria,Congruencia de Triangulos,Geometria,Congruencia de Triangulos,47,True
2951,Geometria,Congruencia de Triangulos,Geometria,Congruencia de Triangulos,47,True
2952,Geometria,Congruencia de Triangulos,Geometria,Congruencia de Triangulos,47,True
2953,Geometria,Congruencia de Triangulos,Geometria,Congruencia de Triangulos,47,True
2954,Geometria,Congruencia de Triangulos,Geometria,Congruencia de Triangulos,47,True
2955,Geometria,Congruencia de Triangulos,Geometria,Congruencia de Triangulos,47,True
2956,Geometria,Cuadrilateros,Geometria,Cuadrilateros,49,True
2957,Geometria,Cuadrilateros,Geometria,Cuadrilateros,49,True
2958,Geometria,Cuadrilateros,Geometria,Cuadrilateros,49,True
2959,Geometria,Cuadrilateros,Geometria,Cuadrilateros,49,True
2960,Geometria,Cuadrilateros,Geometria,Cuadrilateros,49,True
2961,Geometria,Cuadrilateros,Geometria,Cuadrilateros,49,True
2962,Geometria,Cuadrilateros,Geometria,Cuadrilateros,49,True
2963,Geometria,Cuadrilateros,Geometria,Cuadrilateros,49,True
2964,Geometria,Cuadrilateros,Geometria,Cuadrilateros,49,True
2965,Geometria,Cuadrilateros,Geometria,Cuadrilateros,49,True
2966,Geometria,Circunferencias,Geometria,Circunferencias,45,True
2967,Geometria,Circunferencias,Geometria,Circunferencias,45,True
2968,Geometria,Circunferencias,Geometria,Circunferencias,45,True
2969,Geometria,Circunferencias,Geometria,Circunferencias,45,True
2970,Geometria,Circunferencias,Geometria,Circunferencias,45,True
2971,Geometria,Circunferencias,Geometria,Circunferencias,45,True
2972,Geometria,Circunferencias,Geometria,Circunferencias,45,True
2973,Geometria,Circunferencias,Geometria,Circunferencias,45,True
2974,Geometria,Circunferencias,Geometria,Circunferencias,45,True
2975,Geometria,Cuadrilatero Inscrito e Inscriptible,Geometria,Cuadrilatero Inscrito e Inscriptible,48,True
2976,Geometria,Cuadrilatero Inscrito e Inscriptible,Geometria,Cuadrilatero Inscrito e Inscriptible,48,True
2977,Geometria,Cuadrilatero Inscrito e Inscriptible,Geometria,Cuadrilatero Inscrito e Inscriptible,48,True
2978,Geometria,Cuadrilatero Inscrito e Inscriptible,Geometria,Cuadrilatero Inscrito e Inscriptible,48,True
2979,Geometria,Cuadrilatero Inscrito e Inscriptible,Geometria,Cuadrilatero Inscrito e Inscriptible,48,True
2980,Geometria,Cuadrilatero Inscrito e Inscriptible,Geometria,Cuadrilatero Inscrito e Inscriptible,48,True
2981,Geometria,Cuadrilatero Inscrito e Inscriptible,Geometria,Cuadrilatero Inscrito e Inscriptible,48,True
2982,Geometria,Cuadrilatero Inscrito e Inscriptible,Geometria,Cuadrilatero Inscrito e Inscriptible,48,True
2985,Algebra,Ecuaciones Exponenciales,Algebra,Ecuaciones Exponenciales,8,True
2987,Algebra,Radicacion,Algebra,Radicacion,30,True
2988,Algebra,Radicacion,Algebra,Radicacion,30,True
2989,Algebra,Radicacion,Algebra,Radicacion,30,True
2990,Algebra,Radicacion,Algebra,Radicacion,30,True
2995,Algebra,Ecuaciones Exponenciales,Algebra,Ecuaciones Exponenciales,8,True
2996,Algebra,Radicacion,Algebra,Radicacion,30,True
3004,Algebra,Ecuaciones Exponenciales,Algebra,Ecuaciones Exponenciales,8,True
3006,Algebra,Ecuaciones Exponenciales,Algebra,Ecuaciones Exponenciales,8,True
3007,Algebra,Ecuaciones Exponenciales,Algebra,Ecuaciones Exponenciales,8,True
3009,Algebra,Ecuaciones Exponenciales,Algebra,Ecuaciones Exponenciales,8,True
3019,Algebra,Radicacion,Algebra,Radicacion,30,True
3020,Algebra,Radicacion,Algebra,Radicacion,30,True
3021,Algebra,Radicacion,Algebra,Radicacion,30,True
3022,Algebra,Radicacion,Algebra,Radicacion,30,True
3024,Algebra,Radicacion,Algebra,Radicacion,30,True
3030,Algebra,Radicacion,Algebra,Radicacion,30,True
3031,Algebra,Radicacion,Algebra,Radicacion,30,True
3032,Algebra,Radicacion,Algebra,Radicacion,30,True
3039,Algebra,Radicacion,Algebra,Radicacion,30,True
3040,Algebra,Radicacion,Algebra,Radicacion,30,True
3041,Algebra,Radicacion,Algebra,Radicacion,30,True
3042,Algebra,Radicacion,Algebra,Radicacion,30,True
3049,Algebra,Radicacion,Algebra,Radicacion,30,True
3050,Algebra,Radicacion,Algebra,Radicacion,30,True
3051,Algebra,Radicacion,Algebra,Radicacion,30,True
3052,Algebra,Radicacion,Algebra,Radicacion,30,True
3057,Algebra,Radicacion,Algebra,Radicacion,30,True
3058,Algebra,Radicacion,Algebra,Radicacion,30,True
3060,Algebra,Operaciones Basicas,Algebra,Operaciones Basicas,26,True
3061,Algebra,Operaciones Basicas,Algebra,Operaciones Basicas,26,True
3065,Algebra,Operaciones Basicas,Algebra,Operaciones Basicas,26,True
3071,Algebra,Operaciones Basicas,Algebra,Operaciones Basicas,26,True
3077,Algebra,Radicacion,Algebra,Radicacion,30,True
3078,Algebra,Radicacion,Algebra,Radicacion,30,True
3079,Algebra,Radicacion,Algebra,Radicacion,30,True
3080,Algebra,Radicacion,Algebra,Radicacion,30,True
3081,Algebra,Radicacion,Algebra,Radicacion,30,True
3082,Algebra,Radicacion,Algebra,Radicacion,30,True
3083,Algebra,Radicacion,Algebra,Radicacion,30,True
3084,Algebra,Radicacion,Algebra,Radicacion,30,True
3085,Algebra,Radicacion,Algebra,Radicacion,30,True
3086,Algebra,Radicacion,Algebra,Radicacion,30,True
3087,Algebra,Radicacion,Algebra,Radicacion,30,True
3088,Algebra,Radicacion,Algebra,Radicacion,30,True
3089,Algebra,Radicacion,Algebra,Radicacion,30,True
3090,Algebra,Radicacion,Algebra,Radicacion,30,True
3091,Algebra,Radicacion,Algebra,Radicacion,30,True
3092,Algebra,Radicacion,Algebra,Radicacion,30,True
3093,Algebra,Radicacion,Algebra,Radicacion,30,True
3094,Algebra,Radicacion,Algebra,Radicacion,30,True
3095,Algebra,Radicacion,Algebra,Radicacion,30,True
3096,Algebra,Productos Notables,Algebra,Productos Notables,29,True
3097,Algebra,Productos Notables,Algebra,Productos Notables,29,True
3098,Algebra,Productos Notables,Algebra,Productos Notables,29,True
3099,Algebra,Productos Notables,Algebra,Productos Notables,29,True
3100,Algebra,Productos Notables,Algebra,Productos Notables,29,True
3101,Algebra,Productos Notables,Algebra,Productos Notables,29,True
3102,Algebra,Productos Notables,Algebra,Productos Notables,29,True
3103,Algebra,Productos Notables,Algebra,Productos Notables,29,True
3104,Algebra,Productos Notables,Algebra,Productos Notables,29,True
3105,Algebra,Productos Notables,Algebra,Productos Notables,29,True
3106,Algebra,Productos Notables,Algebra,Productos Notables,29,True
3107,Algebra,Productos Notables,Algebra,Productos Notables,29,True
3108,Algebra,Productos Notables,Algebra,Productos Notables,29,True
3109,Algebra,Productos Notables,Algebra,Productos Notables,29,True
3110,Algebra,Productos Notables,Algebra,Productos Notables,29,True
3111,Algebra,Productos Notables,Algebra,Productos Notables,29,True
3112,Algebra,Productos Notables,Algebra,Productos Notables,29,True
3113,Algebra,Productos Notables,Algebra,Productos Notables,29,True
3114,Algebra,Productos Notables,Algebra,Productos Notables,29,True
3115,Algebra,Productos Notables,Algebra,Productos Notables,29,True
3116,Algebra,Productos Notables,Algebra,Productos Notables,29,True
3117,Algebra,Productos Notables,Algebra,Productos Notables,29,True
3118,Algebra,Productos Notables,Algebra,Productos Notables,29,True
3119,Algebra,Productos Notables,Algebra,Productos Notables,29,True
3120,Algebra,Productos Notables,Algebra,Productos Notables,29,True
3121,Algebra,Productos Notables,Algebra,Productos Notables,29,True
3122,Algebra,Productos Notables,Algebra,Productos Notables,29,True
3123,Algebra,Productos Notables,Algebra,Productos Notables,29,True
3124,Algebra,Productos Notables,Algebra,Productos Notables,29,True
3125,Algebra,Productos Notables,Algebra,Productos Notables,29,True
3126,Algebra,Productos Notables,Algebra,Productos Notables,29,True
3127,Algebra,Productos Notables,Algebra,Productos Notables,29,True
3128,Algebra,Productos Notables,Algebra,Productos Notables,29,True
3129,Algebra,Productos Notables,Algebra,Productos Notables,29,True
3130,Algebra,Productos Notables,Algebra,Productos Notables,29,True
3131,Algebra,Productos Notables,Algebra,Productos Notables,29,True
3132,Algebra,Polinomios,Algebra,Polinomios,27,True
3133,Algebra,Polinomios,Algebra,Polinomios,27,True
3134,Algebra,Polinomios,Algebra,Polinomios,27,True
3135,Algebra,Polinomios,Algebra,Polinomios,27,True
3136,Algebra,Polinomios,Algebra,Polinomios,27,True
3137,Algebra,Polinomios,Algebra,Polinomios,27,True
3138,Algebra,Polinomios,Algebra,Polinomios,27,True
3139,Algebra,Polinomios,Algebra,Polinomios,27,True
3140,Algebra,Polinomios,Algebra,Polinomios,27,True
3141,Algebra,Polinomios,Algebra,Polinomios,27,True
3142,Algebra,Polinomios,Algebra,Polinomios,27,True
3143,Algebra,Polinomios,Algebra,Polinomios,27,True
3144,Algebra,Polinomios,Algebra,Polinomios,27,True
3145,Algebra,Polinomios,Algebra,Polinomios,27,True
3146,Algebra,Polinomios,Algebra,Polinomios,27,True
3147,Algebra,Polinomios,Algebra,Polinomios,27,True
3148,Algebra,Polinomios,Algebra,Polinomios,27,True
3149,Algebra,Polinomios,Algebra,Polinomios,27,True
3257,Algebra,Radicacion,Algebra,Radicacion,30,True
3258,Algebra,Radicacion,Algebra,Radicacion,30,True
3259,Algebra,Radicacion,Algebra,Radicacion,30,True
3260,Algebra,Radicacion,Algebra,Radicacion,30,True
3261,Algebra,Radicacion,Algebra,Radicacion,30,True
3262,Algebra,Radicacion,Algebra,Radicacion,30,True
3263,Algebra,Radicacion,Algebra,Radicacion,30,True
3264,Algebra,Radicacion,Algebra,Radicacion,30,True
3265,Algebra,Radicacion,Algebra,Radicacion,30,True
3266,Algebra,Radicacion,Algebra,Radicacion,30,True
3267,Algebra,Radicacion,Algebra,Radicacion,30,True
3268,Algebra,Radicacion,Algebra,Radicacion,30,True
3269,Algebra,Radicacion,Algebra,Radicacion,30,True
3270,Algebra,Radicacion,Algebra,Radicacion,30,True
3271,Algebra,Radicacion,Algebra,Radicacion,30,True
3272,Algebra,Radicacion,Algebra,Radicacion,30,True
3273,Algebra,Radicacion,Algebra,Radicacion,30,True
3274,Algebra,Radicacion,Algebra,Radicacion,30,True
3275,Algebra,Radicacion,Algebra,Radicacion,30,True
3276,Algebra,Radicacion,Algebra,Radicacion,30,True
3277,Algebra,Radicacion,Algebra,Radicacion,30,True
3278,Algebra,Radicacion,Algebra,Radicacion,30,True
3279,Algebra,Radicacion,Algebra,Radicacion,30,True
3280,Algebra,Radicacion,Algebra,Radicacion,30,True
3281,Algebra,Radicacion,Algebra,Radicacion,30,True
3282,Algebra,Radicacion,Algebra,Radicacion,30,True
3283,Algebra,Radicacion,Algebra,Radicacion,30,True
3284,Algebra,Radicacion,Algebra,Radicacion,30,True
3285,Algebra,Radicacion,Algebra,Radicacion,30,True
3286,Algebra,Radicacion,Algebra,Radicacion,30,True
3287,Algebra,Radicacion,Algebra,Radicacion,30,True
3288,Algebra,Radicacion,Algebra,Radicacion,30,True
3289,Algebra,Radicacion,Algebra,Radicacion,30,True
3290,Algebra,Radicacion,Algebra,Radicacion,30,True
3291,Algebra,Radicacion,Algebra,Radicacion,30,True
3292,Algebra,Radicacion,Algebra,Radicacion,30,True
3293,Algebra,Radicacion,Algebra,Radicacion,30,True
3294,Algebra,Radicacion,Algebra,Radicacion,30,True
3295,Algebra,Radicacion,Algebra,Radicacion,30,True
3296,Algebra,Radicacion,Algebra,Radicacion,30,True
3297,Algebra,Radicacion,Algebra,Radicacion,30,True
3298,Algebra,Radicacion,Algebra,Radicacion,30,True
3299,Algebra,Radicacion,Algebra,Radicacion,30,True
3300,Algebra,Radicacion,Algebra,Radicacion,30,True
3301,Algebra,Radicacion,Algebra,Radicacion,30,True
3302,Algebra,Radicacion,Algebra,Radicacion,30,True
3303,Algebra,Radicacion,Algebra,Radicacion,30,True
3304,Algebra,Radicacion,Algebra,Radicacion,30,True
3305,Algebra,Radicacion,Algebra,Radicacion,30,True
3306,Algebra,Radicacion,Algebra,Radicacion,30,True
3307,Algebra,Radicacion,Algebra,Radicacion,30,True
3308,Algebra,Radicacion,Algebra,Radicacion,30,True
3309,Algebra,Radicacion,Algebra,Radicacion,30,True
3310,Algebra,Radicacion,Algebra,Radicacion,30,True
3311,Algebra,Radicacion,Algebra,Radicacion,30,True
3312,Algebra,Radicacion,Algebra,Radicacion,30,True
3313,Algebra,Radicacion,Algebra,Radicacion,30,True
3314,Algebra,Radicacion,Algebra,Radicacion,30,True
3315,Algebra,Radicacion,Algebra,Radicacion,30,True
3316,Algebra,Radicacion,Algebra,Radicacion,30,True
3317,Algebra,Radicacion,Algebra,Radicacion,30,True
3318,Algebra,Radicacion,Algebra,Radicacion,30,True
3319,Algebra,Radicacion,Algebra,Radicacion,30,True
3320,Algebra,Radicacion,Algebra,Radicacion,30,True
3321,Algebra,Radicacion,Algebra,Radicacion,30,True
3322,Algebra,Radicacion,Algebra,Radicacion,30,True
3323,Algebra,Radicacion,Algebra,Radicacion,30,True
3324,Algebra,Radicacion,Algebra,Radicacion,30,True
3325,Algebra,Radicacion,Algebra,Radicacion,30,True
3326,Algebra,Radicacion,Algebra,Radicacion,30,True
3327,Algebra,Radicacion,Algebra,Radicacion,30,True
3328,Algebra,Radicacion,Algebra,Radicacion,30,True
3330,Algebra,Radicacion,Algebra,Radicacion,30,True
3331,Algebra,Radicacion,Algebra,Radicacion,30,True
3333,Algebra,Radicacion,Algebra,Radicacion,30,True
3334,Algebra,Radicacion,Algebra,Radicacion,30,True
3335,Algebra,Radicacion,Algebra,Radicacion,30,True
3336,Algebra,Radicacion,Algebra,Radicacion,30,True
3337,Algebra,Radicacion,Algebra,Radicacion,30,True
3338,Algebra,Radicacion,Algebra,Radicacion,30,True
3339,Algebra,Radicacion,Algebra,Radicacion,30,True
3340,Algebra,Radicacion,Algebra,Radicacion,30,True
3341,Algebra,Radicacion,Algebra,Radicacion,30,True
3342,Algebra,Radicacion,Algebra,Radicacion,30,True
3343,Algebra,Radicacion,Algebra,Radicacion,30,True
3344,Algebra,Radicacion,Algebra,Radicacion,30,True
3345,Algebra,Radicacion,Algebra,Radicacion,30,True
3346,Algebra,Radicacion,Algebra,Radicacion,30,True
3347,Algebra,Radicacion,Algebra,Radicacion,30,True
3348,Algebra,Radicacion,Algebra,Radicacion,30,True
3349,Algebra,Radicacion,Algebra,Radicacion,30,True
3350,Algebra,Radicacion,Algebra,Radicacion,30,True
3351,Algebra,Radicacion,Algebra,Radicacion,30,True
3352,Algebra,Radicacion,Algebra,Radicacion,30,True
3353,Algebra,Radicacion,Algebra,Radicacion,30,True
3354,Algebra,Radicacion,Algebra,Radicacion,30,True
3355,Algebra,Ecuaciones Exponenciales,Algebra,Ecuaciones Exponenciales,8,True
3356,Algebra,Ecuaciones Exponenciales,Algebra,Ecuaciones Exponenciales,8,True
3357,Algebra,Radicacion,Algebra,Radicacion,30,True
3358,Algebra,Radicacion,Algebra,Radicacion,30,True
3359,Algebra,Ecuaciones Exponenciales,Algebra,Ecuaciones Exponenciales,8,True
3360,Algebra,Radicacion,Algebra,Radicacion,30,True
3362,Algebra,Ecuaciones Exponenciales,Algebra,Ecuaciones Exponenciales,8,True
3363,Algebra,Ecuaciones Exponenciales,Algebra,Ecuaciones Exponenciales,8,True
3364,Algebra,Radicacion,Algebra,Radicacion,30,True
3365,Algebra,Ecuaciones Exponenciales,Algebra,Ecuaciones Exponenciales,8,True
3366,Algebra,Radicacion,Algebra,Radicacion,30,True
3367,Algebra,Ecuaciones Exponenciales,Algebra,Ecuaciones Exponenciales,8,True
3368,Algebra,Radicacion,Algebra,Radicacion,30,True
3369,Algebra,Radicacion,Algebra,Radicacion,30,True
3370,Algebra,Ecuaciones Exponenciales,Algebra,Ecuaciones Exponenciales,8,True
3371,Algebra,Ecuaciones Exponenciales,Algebra,Ecuaciones Exponenciales,8,True
3372,Algebra,Ecuaciones Exponenciales,Algebra,Ecuaciones Exponenciales,8,True
3373,Algebra,Radicacion,Algebra,Radicacion,30,True
3374,Algebra,Radicacion,Algebra,Radicacion,30,True
3375,Algebra,Radicacion,Algebra,Radicacion,30,True
3377,Algebra,Radicacion,Algebra,Radicacion,30,True
3378,Algebra,Radicacion,Algebra,Radicacion,30,True
3379,Algebra,Radicacion,Algebra,Radicacion,30,True
3380,Algebra,Ecuaciones Exponenciales,Algebra,Ecuaciones Exponenciales,8,True
3381,Algebra,Radicacion,Algebra,Radicacion,30,True
3384,Algebra,Radicacion,Algebra,Radicacion,30,True
3385,Algebra,Radicacion,Algebra,Radicacion,30,True
3386,Algebra,Radicacion,Algebra,Radicacion,30,True
3387,Algebra,Radicacion,Algebra,Radicacion,30,True
3388,Algebra,Radicacion,Algebra,Radicacion,30,True
3389,Algebra,Radicacion,Algebra,Radicacion,30,True
3390,Algebra,Radicacion,Algebra,Radicacion,30,True
3404,Algebra,Radicacion,Algebra,Radicacion,30,True
3405,Algebra,Radicacion,Algebra,Radicacion,30,True
3406,Algebra,Radicacion,Algebra,Radicacion,30,True
3407,Algebra,Radicacion,Algebra,Radicacion,30,True
3408,Algebra,Radicacion,Algebra,Radicacion,30,True
3409,Algebra,Radicacion,Algebra,Radicacion,30,True
3410,Algebra,Radicacion,Algebra,Radicacion,30,True
3424,Algebra,Radicacion,Algebra,Radicacion,30,True
3425,Algebra,Radicacion,Algebra,Radicacion,30,True
3426,Algebra,Radicacion,Algebra,Radicacion,30,True
3427,Algebra,Radicacion,Algebra,Radicacion,30,True
3428,Algebra,Radicacion,Algebra,Radicacion,30,True
3429,Algebra,Radicacion,Algebra,Radicacion,30,True
3430,Algebra,Radicacion,Algebra,Radicacion,30,True
3435,Algebra,Radicacion,Algebra,Radicacion,30,True
3438,Algebra,Radicacion,Algebra,Radicacion,30,True
3442,Algebra,Radicacion,Algebra,Radicacion,30,True
3443,Algebra,Radicacion,Algebra,Radicacion,30,True
3444,Algebra,Radicacion,Algebra,Radicacion,30,True
3445,Algebra,Radicacion,Algebra,Radicacion,30,True
3447,Algebra,Radicacion,Algebra,Radicacion,30,True
3451,Algebra,Radicacion,Algebra,Radicacion,30,True
3454,Algebra,Radicacion,Algebra,Radicacion,30,True
3455,Algebra,Radicacion,Algebra,Radicacion,30,True
3511,Algebra,Radicacion,Algebra,Radicacion,30,True
3512,Algebra,Radicacion,Algebra,Radicacion,30,True
3528,Algebra,Radicacion,Algebra,Radicacion,30,True
3535,Algebra,Radicacion,Algebra,Radicacion,30,True
3537,Algebra,Radicacion,Algebra,Radicacion,30,True
3538,Algebra,Radicacion,Algebra,Radicacion,30,True
3539,Algebra,Radicacion,Algebra,Radicacion,30,True
3543,Algebra,Radicacion,Algebra,Radicacion,30,True
3554,Algebra,Radicacion,Algebra,Radicacion,30,True
3555,Algebra,Radicacion,Algebra,Radicacion,30,True
3556,Algebra,Radicacion,Algebra,Radicacion,30,True
3557,Algebra,Radicacion,Algebra,Radicacion,30,True
3560,Algebra,Radicacion,Algebra,Radicacion,30,True
3561,Algebra,Radicacion,Algebra,Radicacion,30,True
3562,Algebra,Radicacion,Algebra,Radicacion,30,True
3563,Algebra,Radicacion,Algebra,Radicacion,30,True
3564,Algebra,Radicacion,Algebra,Radicacion,30,True
3565,Algebra,Radicacion,Algebra,Radicacion,30,True
3566,Algebra,Radicacion,Algebra,Radicacion,30,True
3567,Algebra,Radicacion,Algebra,Radicacion,30,True
3568,Algebra,Radicacion,Algebra,Radicacion,30,True
3569,Algebra,Radicacion,Algebra,Radicacion,30,True
3570,Algebra,Radicacion,Algebra,Radicacion,30,True
3571,Algebra,Radicacion,Algebra,Radicacion,30,True
3572,Algebra,Radicacion,Algebra,Radicacion,30,True
3573,Algebra,Radicacion,Algebra,Radicacion,30,True
3574,Algebra,Radicacion,Algebra,Radicacion,30,True
3575,Algebra,Radicacion,Algebra,Radicacion,30,True
3576,Algebra,Radicacion,Algebra,Radicacion,30,True
3577,Algebra,Radicacion,Algebra,Radicacion,30,True
3578,Algebra,Radicacion,Algebra,Radicacion,30,True
3579,Algebra,Radicacion,Algebra,Radicacion,30,True
3580,Algebra,Radicacion,Algebra,Radicacion,30,True
3581,Algebra,Radicacion,Algebra,Radicacion,30,True
3582,Algebra,Radicacion,Algebra,Radicacion,30,True
3583,Algebra,Radicacion,Algebra,Radicacion,30,True
3584,Algebra,Radicacion,Algebra,Radicacion,30,True
3585,Algebra,Radicacion,Algebra,Radicacion,30,True
3586,Algebra,Radicacion,Algebra,Radicacion,30,True
3587,Algebra,Radicacion,Algebra,Radicacion,30,True
3588,Algebra,Radicacion,Algebra,Radicacion,30,True
3589,Algebra,Radicacion,Algebra,Radicacion,30,True
3590,Algebra,Radicacion,Algebra,Radicacion,30,True
3591,Algebra,Radicacion,Algebra,Radicacion,30,True
3592,Algebra,Radicacion,Algebra,Radicacion,30,True
3593,Algebra,Radicacion,Algebra,Radicacion,30,True
3594,Algebra,Radicacion,Algebra,Radicacion,30,True
3595,Algebra,Radicacion,Algebra,Radicacion,30,True
3596,Algebra,Radicacion,Algebra,Radicacion,30,True
3597,Algebra,Radicacion,Algebra,Radicacion,30,True
3598,Algebra,Radicacion,Algebra,Radicacion,30,True
3599,Algebra,Radicacion,Algebra,Radicacion,30,True
3600,Algebra,Radicacion,Algebra,Radicacion,30,True
3601,Algebra,Radicacion,Algebra,Radicacion,30,True
3602,Algebra,Radicacion,Algebra,Radicacion,30,True
3603,Algebra,Radicacion,Algebra,Radicacion,30,True
3604,Algebra,Radicacion,Algebra,Radicacion,30,True
3605,Algebra,Radicacion,Algebra,Radicacion,30,True
3606,Algebra,Radicacion,Algebra,Radicacion,30,True
3607,Algebra,Radicacion,Algebra,Radicacion,30,True
3608,Algebra,Radicacion,Algebra,Radicacion,30,True
3609,Algebra,Radicacion,Algebra,Radicacion,30,True
3610,Algebra,Radicacion,Algebra,Radicacion,30,True
3611,Algebra,Radicacion,Algebra,Radicacion,30,True
3612,Algebra,Radicacion,Algebra,Radicacion,30,True
3613,Algebra,Radicacion,Algebra,Radicacion,30,True
3614,Algebra,Radicacion,Algebra,Radicacion,30,True
3615,Algebra,Expresiones Algebraicas,Algebra,Expresiones Algebraicas,11,True
3616,Algebra,Expresiones Algebraicas,Algebra,Expresiones Algebraicas,11,True
3617,Algebra,Expresiones Algebraicas,Algebra,Expresiones Algebraicas,11,True
3618,Algebra,Expresiones Algebraicas,Algebra,Expresiones Algebraicas,11,True
3619,Algebra,Expresiones Algebraicas,Algebra,Expresiones Algebraicas,11,True
3620,Algebra,Expresiones Algebraicas,Algebra,Expresiones Algebraicas,11,True
3621,Algebra,Expresiones Algebraicas,Algebra,Expresiones Algebraicas,11,True
3622,Algebra,Expresiones Algebraicas,Algebra,Expresiones Algebraicas,11,True
3623,Algebra,Expresiones Algebraicas,Algebra,Expresiones Algebraicas,11,True
3624,Algebra,Expresiones Algebraicas,Algebra,Expresiones Algebraicas,11,True
3625,Algebra,Expresiones Algebraicas,Algebra,Expresiones Algebraicas,11,True
3626,Algebra,Expresiones Algebraicas,Algebra,Expresiones Algebraicas,11,True
3627,Algebra,Expresiones Algebraicas,Algebra,Expresiones Algebraicas,11,True
3628,Algebra,Expresiones Algebraicas,Algebra,Expresiones Algebraicas,11,True
3629,Algebra,Teoria de Grados,Algebra,Teoria de Grados,36,True
3630,Algebra,Teoria de Grados,Algebra,Teoria de Grados,36,True
3631,Algebra,Teoria de Grados,Algebra,Teoria de Grados,36,True
3632,Algebra,Teoria de Grados,Algebra,Teoria de Grados,36,True
3633,Algebra,Teoria de Grados,Algebra,Teoria de Grados,36,True
3634,Algebra,Teoria de Grados,Algebra,Teoria de Grados,36,True
3635,Algebra,Teoria de Grados,Algebra,Teoria de Grados,36,True
3636,Algebra,Teoria de Grados,Algebra,Teoria de Grados,36,True
3637,Algebra,Teoria de Grados,Algebra,Teoria de Grados,36,True
3638,Algebra,Teoria de Grados,Algebra,Teoria de Grados,36,True
3639,Algebra,Teoria de Grados,Algebra,Teoria de Grados,36,True
3640,Algebra,Teoria de Grados,Algebra,Teoria de Grados,36,True
3641,Algebra,Teoria de Grados,Algebra,Teoria de Grados,36,True
3642,Algebra,Teoria de Grados,Algebra,Teoria de Grados,36,True
3643,Algebra,Teoria de Grados,Algebra,Teoria de Grados,36,True
3644,Algebra,Teoria de Grados,Algebra,Teoria de Grados,36,True
3645,Algebra,Teoria de Grados,Algebra,Teoria de Grados,36,True
3646,Algebra,Teoria de Grados,Algebra,Teoria de Grados,36,True
3647,Algebra,Teoria de Grados,Algebra,Teoria de Grados,36,True
3648,Algebra,Teoria de Grados,Algebra,Teoria de Grados,36,True
3649,Algebra,Teoria de Grados,Algebra,Teoria de Grados,36,True
3650,Algebra,Teoria de Grados,Algebra,Teoria de Grados,36,True
3651,Algebra,Teoria de Grados,Algebra,Teoria de Grados,36,True
3652,Algebra,Teoria de Grados,Algebra,Teoria de Grados,36,True
3653,Algebra,Teoria de Grados,Algebra,Teoria de Grados,36,True
3654,Algebra,Teoria de Grados,Algebra,Teoria de Grados,36,True
3655,Algebra,Teoria de Grados,Algebra,Teoria de Grados,36,True
3656,Algebra,Teoria de Grados,Algebra,Teoria de Grados,36,True
3657,Algebra,Expresiones Algebraicas,Algebra,Expresiones Algebraicas,11,True
3658,Algebra,Expresiones Algebraicas,Algebra,Expresiones Algebraicas,11,True
3659,Algebra,Teoria de Grados,Algebra,Teoria de Grados,36,True
3660,Algebra,Teoria de Grados,Algebra,Teoria de Grados,36,True
3661,Algebra,Expresiones Algebraicas,Algebra,Expresiones Algebraicas,11,True
3662,Algebra,Expresiones Algebraicas,Algebra,Expresiones Algebraicas,11,True
3663,Algebra,Expresiones Algebraicas,Algebra,Expresiones Algebraicas,11,True
3664,Algebra,Teoria de Grados,Algebra,Teoria de Grados,36,True
3665,Algebra,Teoria de Grados,Algebra,Teoria de Grados,36,True
3666,Algebra,Teoria de Grados,Algebra,Teoria de Grados,36,True
3667,Algebra,Teoria de Grados,Algebra,Teoria de Grados,36,True
3668,Algebra,Teoria de Grados,Algebra,Teoria de Grados,36,True
3669,Algebra,Teoria de Grados,Algebra,Teoria de Grados,36,True
3670,Algebra,Teoria de Grados,Algebra,Teoria de Grados,36,True
3671,Algebra,Polinomios Especiales,Algebra,Polinomios Especiales,28,True
3672,Algebra,Polinomios Especiales,Algebra,Polinomios Especiales,28,True
3673,Algebra,Polinomios Especiales,Algebra,Polinomios Especiales,28,True
3674,Algebra,Polinomios Especiales,Algebra,Polinomios Especiales,28,True
3675,Algebra,Polinomios Especiales,Algebra,Polinomios Especiales,28,True
3676,Algebra,Polinomios Especiales,Algebra,Polinomios Especiales,28,True
3677,Algebra,Polinomios Especiales,Algebra,Polinomios Especiales,28,True
3678,Algebra,Polinomios Especiales,Algebra,Polinomios Especiales,28,True
3679,Algebra,Polinomios Especiales,Algebra,Polinomios Especiales,28,True
3680,Algebra,Polinomios Especiales,Algebra,Polinomios Especiales,28,True
3681,Algebra,Polinomios Especiales,Algebra,Polinomios Especiales,28,True
3682,Algebra,Polinomios Especiales,Algebra,Polinomios Especiales,28,True
3683,Algebra,Polinomios Especiales,Algebra,Polinomios Especiales,28,True
3684,Algebra,Polinomios Especiales,Algebra,Polinomios Especiales,28,True
3685,Algebra,Polinomios Especiales,Algebra,Polinomios Especiales,28,True
3686,Algebra,Polinomios Especiales,Algebra,Polinomios Especiales,28,True
3687,Algebra,Polinomios Especiales,Algebra,Polinomios Especiales,28,True
3688,Algebra,Polinomios Especiales,Algebra,Polinomios Especiales,28,True
3689,Algebra,Polinomios Especiales,Algebra,Polinomios Especiales,28,True
3690,Algebra,Polinomios Especiales,Algebra,Polinomios Especiales,28,True
3691,Algebra,Polinomios Especiales,Algebra,Polinomios Especiales,28,True
3692,Algebra,Polinomios Especiales,Algebra,Polinomios Especiales,28,True
3693,Algebra,Polinomios Especiales,Algebra,Polinomios Especiales,28,True
3694,Algebra,Polinomios Especiales,Algebra,Polinomios Especiales,28,True
3695,Algebra,Polinomios Especiales,Algebra,Polinomios Especiales,28,True
3696,Algebra,Polinomios Especiales,Algebra,Polinomios Especiales,28,True
3697,Algebra,Polinomios Especiales,Algebra,Polinomios Especiales,28,True
3698,Algebra,Polinomios Especiales,Algebra,Polinomios Especiales,28,True
3699,Algebra,Polinomios Especiales,Algebra,Polinomios Especiales,28,True
3700,Algebra,Polinomios Especiales,Algebra,Polinomios Especiales,28,True
3701,Algebra,Polinomios Especiales,Algebra,Polinomios Especiales,28,True
3702,Algebra,Polinomios Especiales,Algebra,Polinomios Especiales,28,True
3703,Algebra,Polinomios Especiales,Algebra,Polinomios Especiales,28,True
3704,Algebra,Polinomios Especiales,Algebra,Polinomios Especiales,28,True
3705,Algebra,Polinomios Especiales,Algebra,Polinomios Especiales,28,True
3706,Algebra,Polinomios Especiales,Algebra,Polinomios Especiales,28,True
3707,Algebra,Polinomios Especiales,Algebra,Polinomios Especiales,28,True
3708,Algebra,Polinomios Especiales,Algebra,Polinomios Especiales,28,True
3709,Algebra,Polinomios Especiales,Algebra,Polinomios Especiales,28,True
3710,Algebra,Polinomios Especiales,Algebra,Polinomios Especiales,28,True
3711,Algebra,Polinomios Especiales,Algebra,Polinomios Especiales,28,True
3712,Algebra,Polinomios Especiales,Algebra,Polinomios Especiales,28,True
3713,Algebra,Polinomios Especiales,Algebra,Polinomios Especiales,28,True
3714,Algebra,Polinomios Especiales,Algebra,Polinomios Especiales,28,True
3715,Algebra,Polinomios Especiales,Algebra,Polinomios Especiales,28,True
3716,Algebra,Polinomios Especiales,Algebra,Polinomios Especiales,28,True
3717,Algebra,Polinomios Especiales,Algebra,Polinomios Especiales,28,True
3720,Algebra,Polinomios Especiales,Algebra,Polinomios Especiales,28,True
3721,Algebra,Polinomios Especiales,Algebra,Polinomios Especiales,28,True
3722,Algebra,Polinomios Especiales,Algebra,Polinomios Especiales,28,True
3723,Algebra,Polinomios,Algebra,Polinomios,27,True
3724,Algebra,Polinomios,Algebra,Polinomios,27,True
3725,Algebra,Polinomios,Algebra,Polinomios,27,True
3726,Algebra,Polinomios,Algebra,Polinomios,27,True
3727,Algebra,Polinomios,Algebra,Polinomios,27,True
3728,Algebra,Polinomios,Algebra,Polinomios,27,True
3729,Algebra,Polinomios,Algebra,Polinomios,27,True
3730,Algebra,Polinomios,Algebra,Polinomios,27,True
3731,Algebra,Polinomios,Algebra,Polinomios,27,True
3732,Algebra,Polinomios,Algebra,Polinomios,27,True
3733,Algebra,Polinomios,Algebra,Polinomios,27,True
3734,Algebra,Polinomios,Algebra,Polinomios,27,True
3735,Algebra,Polinomios,Algebra,Polinomios,27,True
3736,Algebra,Polinomios,Algebra,Polinomios,27,True
3737,Algebra,Polinomios,Algebra,Polinomios,27,True
3738,Algebra,Polinomios,Algebra,Polinomios,27,True
3739,Algebra,Polinomios,Algebra,Polinomios,27,True
3740,Algebra,Polinomios,Algebra,Polinomios,27,True
3741,Algebra,Polinomios,Algebra,Polinomios,27,True
3742,Algebra,Polinomios,Algebra,Polinomios,27,True
3743,Algebra,Polinomios,Algebra,Polinomios,27,True
3744,Algebra,Polinomios,Algebra,Polinomios,27,True
3745,Algebra,Polinomios,Algebra,Polinomios,27,True
3746,Algebra,Polinomios,Algebra,Polinomios,27,True
3747,Algebra,Polinomios,Algebra,Polinomios,27,True
3748,Algebra,Polinomios,Algebra,Polinomios,27,True
3749,Algebra,Polinomios,Algebra,Polinomios,27,True
3750,Algebra,Polinomios,Algebra,Polinomios,27,True
3751,Algebra,Polinomios,Algebra,Polinomios,27,True
3752,Algebra,Polinomios,Algebra,Polinomios,27,True
3753,Algebra,Polinomios,Algebra,Polinomios,27,True
3754,Algebra,Polinomios,Algebra,Polinomios,27,True
3755,Algebra,Polinomios,Algebra,Polinomios,27,True
3756,Algebra,Polinomios,Algebra,Polinomios,27,True
3757,Algebra,Polinomios,Algebra,Polinomios,27,True
3758,Algebra,Polinomios,Algebra,Polinomios,27,True
3759,Algebra,Polinomios,Algebra,Polinomios,27,True
3760,Algebra,Polinomios,Algebra,Polinomios,27,True
3761,Algebra,Polinomios,Algebra,Polinomios,27,True
3762,Algebra,Polinomios,Algebra,Polinomios,27,True
3763,Algebra,Polinomios,Algebra,Polinomios,27,True
3764,Algebra,Polinomios,Algebra,Polinomios,27,True
3765,Algebra,Polinomios,Algebra,Polinomios,27,True
3766,Algebra,Polinomios,Algebra,Polinomios,27,True
3767,Algebra,Polinomios,Algebra,Polinomios,27,True
3768,Algebra,Polinomios,Algebra,Polinomios,27,True
3769,Algebra,Polinomios,Algebra,Polinomios,27,True
3770,Algebra,Polinomios,Algebra,Polinomios,27,True
3771,Algebra,Polinomios,Algebra,Polinomios,27,True
3772,Algebra,Polinomios,Algebra,Polinomios,27,True
3773,Algebra,Polinomios,Algebra,Polinomios,27,True
3774,Algebra,Polinomios,Algebra,Polinomios,27,True
3775,Algebra,Polinomios,Algebra,Polinomios,27,True
3776,Algebra,Polinomios,Algebra,Polinomios,27,True
3777,Algebra,Polinomios,Algebra,Polinomios,27,True
3778,Algebra,Polinomios,Algebra,Polinomios,27,True
3779,Algebra,Polinomios,Algebra,Polinomios,27,True
3780,Algebra,Polinomios,Algebra,Polinomios,27,True
3781,Algebra,Polinomios,Algebra,Polinomios,27,True
3782,Algebra,Polinomios,Algebra,Polinomios,27,True
3783,Algebra,Polinomios,Algebra,Polinomios,27,True
3784,Algebra,Polinomios,Algebra,Polinomios,27,True
3785,Algebra,Polinomios,Algebra,Polinomios,27,True
3786,Algebra,Polinomios,Algebra,Polinomios,27,True
3787,Algebra,Polinomios,Algebra,Polinomios,27,True
3788,Algebra,Productos Notables,Algebra,Productos Notables,29,True
3789,Algebra,Productos Notables,Algebra,Productos Notables,29,True
3790,Algebra,Productos Notables,Algebra,Productos Notables,29,True
3791,Algebra,Productos Notables,Algebra,Productos Notables,29,True
3792,Algebra,Productos Notables,Algebra,Productos Notables,29,True
3793,Algebra,Productos Notables,Algebra,Productos Notables,29,True
3794,Algebra,Productos Notables,Algebra,Productos Notables,29,True
3795,Algebra,Productos Notables,Algebra,Productos Notables,29,True
3796,Algebra,Productos Notables,Algebra,Productos Notables,29,True
3797,Algebra,Productos Notables,Algebra,Productos Notables,29,True
3798,Algebra,Productos Notables,Algebra,Productos Notables,29,True
3799,Algebra,Productos Notables,Algebra,Productos Notables,29,True
3800,Algebra,Productos Notables,Algebra,Productos Notables,29,True
3801,Algebra,Productos Notables,Algebra,Productos Notables,29,True
3802,Algebra,Productos Notables,Algebra,Productos Notables,29,True
3803,Algebra,Productos Notables,Algebra,Productos Notables,29,True
3804,Algebra,Productos Notables,Algebra,Productos Notables,29,True
3805,Algebra,Productos Notables,Algebra,Productos Notables,29,True
3806,Algebra,Productos Notables,Algebra,Productos Notables,29,True
3807,Algebra,Productos Notables,Algebra,Productos Notables,29,True
3808,Algebra,Productos Notables,Algebra,Productos Notables,29,True
3809,Algebra,Productos Notables,Algebra,Productos Notables,29,True
3810,Algebra,Productos Notables,Algebra,Productos Notables,29,True
3811,Algebra,Productos Notables,Algebra,Productos Notables,29,True
3812,Algebra,Productos Notables,Algebra,Productos Notables,29,True
3813,Algebra,Productos Notables,Algebra,Productos Notables,29,True
3814,Algebra,Productos Notables,Algebra,Productos Notables,29,True
3815,Algebra,Productos Notables,Algebra,Productos Notables,29,True
3816,Algebra,Productos Notables,Algebra,Productos Notables,29,True
3817,Algebra,Productos Notables,Algebra,Productos Notables,29,True
3818,Algebra,Productos Notables,Algebra,Productos Notables,29,True
3819,Algebra,Productos Notables,Algebra,Productos Notables,29,True
3820,Algebra,Productos Notables,Algebra,Productos Notables,29,True
3821,Algebra,Productos Notables,Algebra,Productos Notables,29,True
3822,Algebra,Productos Notables,Algebra,Productos Notables,29,True
3823,Algebra,Productos Notables,Algebra,Productos Notables,29,True
3824,Algebra,Productos Notables,Algebra,Productos Notables,29,True
3825,Algebra,Productos Notables,Algebra,Productos Notables,29,True
3826,Algebra,Productos Notables,Algebra,Productos Notables,29,True
3827,Algebra,Productos Notables,Algebra,Productos Notables,29,True
3828,Algebra,Productos Notables,Algebra,Productos Notables,29,True
3829,Algebra,Productos Notables,Algebra,Productos Notables,29,True
3830,Algebra,Productos Notables,Algebra,Productos Notables,29,True
3831,Algebra,Productos Notables,Algebra,Productos Notables,29,True
3832,Algebra,Productos Notables,Algebra,Productos Notables,29,True
3833,Algebra,Productos Notables,Algebra,Productos Notables,29,True
3834,Algebra,Productos Notables,Algebra,Productos Notables,29,True
3835,Algebra,Productos Notables,Algebra,Productos Notables,29,True
3836,Algebra,Productos Notables,Algebra,Productos Notables,29,True
3837,Algebra,Productos Notables,Algebra,Productos Notables,29,True
3838,Algebra,Productos Notables,Algebra,Productos Notables,29,True
3839,Algebra,Productos Notables,Algebra,Productos Notables,29,True
3840,Algebra,Productos Notables,Algebra,Productos Notables,29,True
3841,Algebra,Productos Notables,Algebra,Productos Notables,29,True
3842,Algebra,Productos Notables,Algebra,Productos Notables,29,True
3843,Algebra,Division Algebraica,Algebra,Division Algebraica,6,True
3844,Algebra,Division Algebraica,Algebra,Division Algebraica,6,True
3845,Algebra,Division Algebraica,Algebra,Division Algebraica,6,True
3846,Algebra,Division Algebraica,Algebra,Division Algebraica,6,True
3847,Algebra,Division Algebraica,Algebra,Division Algebraica,6,True
3848,Algebra,Division Algebraica,Algebra,Division Algebraica,6,True
3849,Algebra,Division Algebraica,Algebra,Division Algebraica,6,True
3850,Algebra,Division Algebraica,Algebra,Division Algebraica,6,True
3851,Algebra,Division Algebraica,Algebra,Division Algebraica,6,True
3852,Algebra,Division Algebraica,Algebra,Division Algebraica,6,True
3853,Algebra,Division Algebraica,Algebra,Division Algebraica,6,True
3854,Algebra,Division Algebraica,Algebra,Division Algebraica,6,True
3855,Algebra,Division Algebraica,Algebra,Division Algebraica,6,True
3856,Algebra,Division Algebraica,Algebra,Division Algebraica,6,True
3857,Algebra,Division Algebraica,Algebra,Division Algebraica,6,True
3858,Algebra,Division Algebraica,Algebra,Division Algebraica,6,True
3859,Algebra,Division Algebraica,Algebra,Division Algebraica,6,True
3860,Algebra,Division Algebraica,Algebra,Division Algebraica,6,True
3861,Algebra,Division Algebraica,Algebra,Division Algebraica,6,True
3862,Algebra,Division Algebraica,Algebra,Division Algebraica,6,True
3863,Algebra,Division Algebraica,Algebra,Division Algebraica,6,True
3864,Algebra,Division Algebraica,Algebra,Division Algebraica,6,True
3865,Algebra,Division Algebraica,Algebra,Division Algebraica,6,True
3866,Algebra,Division Algebraica,Algebra,Division Algebraica,6,True
3867,Algebra,Division Algebraica,Algebra,Division Algebraica,6,True
3868,Algebra,Division Algebraica,Algebra,Division Algebraica,6,True
3869,Algebra,Division Algebraica,Algebra,Division Algebraica,6,True
3870,Algebra,Division Algebraica,Algebra,Division Algebraica,6,True
3871,Algebra,Division Algebraica,Algebra,Division Algebraica,6,True
3872,Algebra,Division Algebraica,Algebra,Division Algebraica,6,True
3873,Algebra,Division Algebraica,Algebra,Division Algebraica,6,True
3874,Algebra,Division Algebraica,Algebra,Division Algebraica,6,True
3875,Algebra,Division Algebraica,Algebra,Division Algebraica,6,True
3876,Algebra,Division Algebraica,Algebra,Division Algebraica,6,True
3877,Algebra,Division Algebraica,Algebra,Division Algebraica,6,True
3878,Algebra,Division Algebraica,Algebra,Division Algebraica,6,True
3879,Algebra,Division Algebraica,Algebra,Division Algebraica,6,True
3880,Algebra,Division Algebraica,Algebra,Division Algebraica,6,True
3881,Algebra,Division Algebraica,Algebra,Division Algebraica,6,True
3882,Algebra,Division Algebraica,Algebra,Division Algebraica,6,True
3883,Algebra,Division Algebraica,Algebra,Division Algebraica,6,True
3884,Algebra,Division Algebraica,Algebra,Division Algebraica,6,True
3885,Algebra,Division Algebraica,Algebra,Division Algebraica,6,True
3886,Algebra,Division Algebraica,Algebra,Division Algebraica,6,True
3887,Algebra,Division Algebraica,Algebra,Division Algebraica,6,True
3888,Algebra,Division Algebraica,Algebra,Division Algebraica,6,True
3889,Algebra,Division Algebraica,Algebra,Division Algebraica,6,True
3890,Algebra,Division Algebraica,Algebra,Division Algebraica,6,True
3891,Algebra,Division Algebraica,Algebra,Division Algebraica,6,True
3893,Algebra,Division Algebraica,Algebra,Division Algebraica,6,True
3894,Algebra,Cocientes Notables,Algebra,Cocientes Notables,2,True
3895,Algebra,Cocientes Notables,Algebra,Cocientes Notables,2,True
3896,Algebra,Cocientes Notables,Algebra,Cocientes Notables,2,True
3897,Algebra,Cocientes Notables,Algebra,Cocientes Notables,2,True
3898,Algebra,Cocientes Notables,Algebra,Cocientes Notables,2,True
3899,Algebra,Cocientes Notables,Algebra,Cocientes Notables,2,True
3900,Algebra,Cocientes Notables,Algebra,Cocientes Notables,2,True
3901,Algebra,Cocientes Notables,Algebra,Cocientes Notables,2,True
3902,Algebra,Cocientes Notables,Algebra,Cocientes Notables,2,True
3903,Algebra,Cocientes Notables,Algebra,Cocientes Notables,2,True
3904,Algebra,Cocientes Notables,Algebra,Cocientes Notables,2,True
3905,Algebra,Cocientes Notables,Algebra,Cocientes Notables,2,True
3906,Algebra,Cocientes Notables,Algebra,Cocientes Notables,2,True
3907,Algebra,Cocientes Notables,Algebra,Cocientes Notables,2,True
3908,Algebra,Cocientes Notables,Algebra,Cocientes Notables,2,True
3909,Algebra,Cocientes Notables,Algebra,Cocientes Notables,2,True
3910,Algebra,Cocientes Notables,Algebra,Cocientes Notables,2,True
3911,Algebra,Cocientes Notables,Algebra,Cocientes Notables,2,True
3912,Algebra,Cocientes Notables,Algebra,Cocientes Notables,2,True
3913,Algebra,Cocientes Notables,Algebra,Cocientes Notables,2,True
3914,Algebra,Cocientes Notables,Algebra,Cocientes Notables,2,True
3915,Algebra,Cocientes Notables,Algebra,Cocientes Notables,2,True
3916,Algebra,Cocientes Notables,Algebra,Cocientes Notables,2,True
3917,Algebra,Cocientes Notables,Algebra,Cocientes Notables,2,True
3918,Algebra,Cocientes Notables,Algebra,Cocientes Notables,2,True
3919,Algebra,Cocientes Notables,Algebra,Cocientes Notables,2,True
3920,Algebra,Cocientes Notables,Algebra,Cocientes Notables,2,True
3921,Algebra,Cocientes Notables,Algebra,Cocientes Notables,2,True
3922,Algebra,Cocientes Notables,Algebra,Cocientes Notables,2,True
3923,Algebra,Cocientes Notables,Algebra,Cocientes Notables,2,True
3924,Algebra,Cocientes Notables,Algebra,Cocientes Notables,2,True
3925,Algebra,Cocientes Notables,Algebra,Cocientes Notables,2,True
3926,Algebra,Cocientes Notables,Algebra,Cocientes Notables,2,True
3927,Algebra,Cocientes Notables,Algebra,Cocientes Notables,2,True
3928,Algebra,Cocientes Notables,Algebra,Cocientes Notables,2,True
3929,Algebra,Cocientes Notables,Algebra,Cocientes Notables,2,True
3930,Algebra,Cocientes Notables,Algebra,Cocientes Notables,2,True
3931,Algebra,Cocientes Notables,Algebra,Cocientes Notables,2,True
3932,Algebra,Cocientes Notables,Algebra,Cocientes Notables,2,True
3933,Algebra,Cocientes Notables,Algebra,Cocientes Notables,2,True
3934,Algebra,Cocientes Notables,Algebra,Cocientes Notables,2,True
3935,Algebra,Cocientes Notables,Algebra,Cocientes Notables,2,True
3936,Algebra,Cocientes Notables,Algebra,Cocientes Notables,2,True
3937,Algebra,Cocientes Notables,Algebra,Cocientes Notables,2,True
3938,Algebra,Cocientes Notables,Algebra,Cocientes Notables,2,True
3939,Algebra,Radicacion,Algebra,Radicacion,30,True
3940,Aritmetica,Sucesiones Numericas,Aritmetica,Sucesiones Numericas,120,True
3942,Aritmetica,Probabilidades,Aritmetica,Probabilidades,116,True
3944,Algebra,Funciones,Algebra,Funciones,16,True
3945,Geometria,Proporcionalidad,Geometria,Proporcionalidad de Segmentos,56,True
3946,Geometria,Perimetros,Geometria,Perimetros,52,True
3947,Geometria,Semejanza,Geometria,Semejanza de Triangulos,62,True
3948,Aritmetica,Mezclas,Aritmetica,Mezclas,111,True
3949,Algebra,Productos Notables,Algebra,Productos Notables,29,True
3950,Algebra,Factorizacion,Algebra,Factorizacion,13,True
3951,Geometria,Semejanza,Geometria,Semejanza de Triangulos,62,True
3952,Geometria,Areas Sombreadas,Geometria,Areas de Regiones,41,True
3953,Geometria Analitica,Parabola,Geometria Analitica,Parabola,89,True
3955,Trigonometria,Areas de Triangulos,Trigonometria,Areas de Triangulos,70,True
3956,Trigonometria,Identidades Trigonometricas,Trigonometria,Identidades Trigonometricas,75,True
3957,Geometria,Clasificacion de Triangulos,Geometria,Clasificacion de Triangulos,46,True
3958,Geometria,Triangulos,Geometria,Triangulos,64,True
3959,Geometria,Triangulos,Geometria,Triangulos,64,True
3960,Geometria,Lineas Notables,Geometria,Lineas Notables,51,True
3961,Geometria,Triangulos,Geometria,Triangulos,64,True
3962,Geometria,Triangulos,Geometria,Triangulos,64,True
3963,Geometria,Clasificacion de Triangulos,Geometria,Clasificacion de Triangulos,46,True
3964,Geometria,Clasificacion de Triangulos,Geometria,Clasificacion de Triangulos,46,True
3965,Geometria,Lineas Notables,Geometria,Lineas Notables,51,True
3966,Geometria,Clasificacion de Triangulos,Geometria,Clasificacion de Triangulos,46,True
3967,Geometria,Triangulos,Geometria,Triangulos,64,True
3968,Geometria,Clasificacion de Triangulos,Geometria,Clasificacion de Triangulos,46,True
3969,Geometria,Triangulos,Geometria,Triangulos,64,True
3970,Geometria,Lineas Notables,Geometria,Lineas Notables,51,True
3971,Geometria,Triangulos,Geometria,Triangulos,64,True
3972,Geometria,Lineas Notables,Geometria,Lineas Notables,51,True
3973,Geometria,Clasificacion de Triangulos,Geometria,Clasificacion de Triangulos,46,True
3974,Geometria,Triangulos,Geometria,Triangulos,64,True
3975,Geometria,Triangulos,Geometria,Triangulos,64,True
3976,Geometria,Clasificacion de Triangulos,Geometria,Clasificacion de Triangulos,46,True
3977,Geometria,Clasificacion de Triangulos,Geometria,Clasificacion de Triangulos,46,True
3978,Geometria,Triangulos,Geometria,Triangulos,64,True
3979,Geometria,Lineas Notables,Geometria,Lineas Notables,51,True
3980,Geometria,Triangulos,Geometria,Triangulos,64,True
3981,Geometria,Clasificacion de Triangulos,Geometria,Clasificacion de Triangulos,46,True
3982,Geometria,Desigualdades Geometricas,Geometria,Desigualdades Geometricas,50,True
3983,Geometria,Desigualdades Geometricas,Geometria,Desigualdades Geometricas,50,True
3984,Geometria,Clasificacion de Triangulos,Geometria,Clasificacion de Triangulos,46,True
3985,Geometria,Desigualdades Geometricas,Geometria,Desigualdades Geometricas,50,True
3986,Geometria,Triangulos,Geometria,Triangulos,64,True
3987,Geometria,Desigualdades Geometricas,Geometria,Desigualdades Geometricas,50,True
3988,Geometria,Desigualdades Geometricas,Geometria,Desigualdades Geometricas,50,True
3989,Geometria,Clasificacion de Triangulos,Geometria,Clasificacion de Triangulos,46,True
3990,Geometria,Triangulos,Geometria,Triangulos,64,True
3991,Geometria,Triangulos,Geometria,Triangulos,64,True
3992,Geometria,Clasificacion de Triangulos,Geometria,Clasificacion de Triangulos,46,True
3993,Geometria,Clasificacion de Triangulos,Geometria,Clasificacion de Triangulos,46,True
3994,Geometria,Clasificacion de Triangulos,Geometria,Clasificacion de Triangulos,46,True
3995,Geometria,Triangulos,Geometria,Triangulos,64,True
3996,Geometria,Clasificacion de Triangulos,Geometria,Clasificacion de Triangulos,46,True
3997,Geometria,Triangulos,Geometria,Triangulos,64,True
3998,Geometria,Triangulos,Geometria,Triangulos,64,True
4002,Algebra,Radicacion,Algebra,Radicacion,30,True
4003,Algebra,Radicacion,Algebra,Radicacion,30,True
4004,Algebra,Radicacion,Algebra,Radicacion,30,True
4006,Algebra,Radicacion,Algebra,Radicacion,30,True
4007,Algebra,Radicacion,Algebra,Radicacion,30,True
4009,Algebra,Radicacion,Algebra,Radicacion,30,True
4010,Algebra,Radicacion,Algebra,Radicacion,30,True
4011,Algebra,Radicacion,Algebra,Radicacion,30,True
4012,Algebra,Radicacion,Algebra,Radicacion,30,True
4019,Algebra,Polinomios,Algebra,Polinomios,27,True
4020,Algebra,Polinomios,Algebra,Polinomios,27,True
4021,Algebra,Polinomios,Algebra,Polinomios,27,True
4023,Algebra,Polinomios,Algebra,Polinomios,27,True
4024,Algebra,Polinomios,Algebra,Polinomios,27,True
4025,Algebra,Polinomios Especiales,Algebra,Polinomios Especiales,28,True
4026,Algebra,Polinomios Especiales,Algebra,Polinomios Especiales,28,True
4027,Algebra,Polinomios Especiales,Algebra,Polinomios Especiales,28,True
4028,Algebra,Polinomios Especiales,Algebra,Polinomios Especiales,28,True
4029,Algebra,Polinomios Especiales,Algebra,Polinomios Especiales,28,True
4030,Algebra,Polinomios Especiales,Algebra,Polinomios Especiales,28,True
4031,Algebra,Polinomios Especiales,Algebra,Polinomios Especiales,28,True
4032,Algebra,Polinomios Especiales,Algebra,Polinomios Especiales,28,True
4033,Algebra,Polinomios Especiales,Algebra,Polinomios Especiales,28,True
4034,Algebra,Polinomios,Algebra,Polinomios,27,True
4035,Algebra,Polinomios,Algebra,Polinomios,27,True
4036,Algebra,Polinomios,Algebra,Polinomios,27,True
4037,Algebra,Polinomios,Algebra,Polinomios,27,True
4038,Algebra,Polinomios,Algebra,Polinomios,27,True
4039,Algebra,Expresiones Algebraicas,Algebra,Expresiones Algebraicas,11,True
4040,Algebra,Expresiones Algebraicas,Algebra,Expresiones Algebraicas,11,True
4041,Algebra,Radicacion,Algebra,Radicacion,30,True
4045,Algebra,Radicacion,Algebra,Radicacion,30,True
4047,Algebra,Expresiones Algebraicas,Algebra,Expresiones Algebraicas,11,True
4048,Algebra,Expresiones Algebraicas,Algebra,Expresiones Algebraicas,11,True
4051,Algebra,Radicacion,Algebra,Radicacion,30,True
4055,Algebra,Expresiones Algebraicas,Algebra,Expresiones Algebraicas,11,True
4060,Algebra,Expresiones Algebraicas,Algebra,Expresiones Algebraicas,11,True
4061,Algebra,Radicacion,Algebra,Radicacion,30,True
4063,Algebra,Expresiones Algebraicas,Algebra,Expresiones Algebraicas,11,True
4064,Algebra,Expresiones Algebraicas,Algebra,Expresiones Algebraicas,11,True
4066,Algebra,Radicacion,Algebra,Radicacion,30,True
4067,Algebra,Radicacion,Algebra,Radicacion,30,True
4071,Algebra,Expresiones Algebraicas,Algebra,Expresiones Algebraicas,11,True
4073,Algebra,Expresiones Algebraicas,Algebra,Expresiones Algebraicas,11,True
4076,Algebra,Radicacion,Algebra,Radicacion,30,True
4079,Algebra,Expresiones Algebraicas,Algebra,Expresiones Algebraicas,11,True
4080,Algebra,Radicacion,Algebra,Radicacion,30,True
4085,Algebra,Radicacion,Algebra,Radicacion,30,True
4087,Algebra,Expresiones Algebraicas,Algebra,Expresiones Algebraicas,11,True
4090,Algebra,Radicacion,Algebra,Radicacion,30,True
4092,Algebra,Radicacion,Algebra,Radicacion,30,True
4093,Algebra,Expresiones Algebraicas,Algebra,Expresiones Algebraicas,11,True
4095,Algebra,Expresiones Algebraicas,Algebra,Expresiones Algebraicas,11,True
4098,Algebra,Radicacion,Algebra,Radicacion,30,True
4099,Algebra,Radicacion,Algebra,Radicacion,30,True
4101,Algebra,Radicacion,Algebra,Radicacion,30,True
4103,Algebra,Sistemas de Ecuaciones Lineales,Algebra,Sistemas de Ecuaciones Lineales,31,True
4104,Algebra,Sistemas de Ecuaciones Lineales,Algebra,Sistemas de Ecuaciones Lineales,31,True
4105,Algebra,Sistemas de Ecuaciones Lineales,Algebra,Sistemas de Ecuaciones Lineales,31,True
4106,Algebra,Sistemas de Ecuaciones Lineales,Algebra,Sistemas de Ecuaciones Lineales,31,True
4107,Algebra,Sistemas de Ecuaciones Lineales,Algebra,Sistemas de Ecuaciones Lineales,31,True
4108,Algebra,Sistemas de Ecuaciones Lineales,Algebra,Sistemas de Ecuaciones Lineales,31,True
4109,Algebra,Sistemas de Ecuaciones Lineales,Algebra,Sistemas de Ecuaciones Lineales,31,True
4110,Algebra,Sistemas de Ecuaciones Lineales,Algebra,Sistemas de Ecuaciones Lineales,31,True
4111,Algebra,Sistemas de Ecuaciones Lineales,Algebra,Sistemas de Ecuaciones Lineales,31,True
4112,Algebra,Sistemas de Ecuaciones Lineales,Algebra,Sistemas de Ecuaciones Lineales,31,True
4113,Algebra,Sistemas de Ecuaciones Lineales,Algebra,Sistemas de Ecuaciones Lineales,31,True
4114,Algebra,Sistemas de Ecuaciones Lineales,Algebra,Sistemas de Ecuaciones Lineales,31,True
4115,Algebra,Sistemas de Ecuaciones Lineales,Algebra,Sistemas de Ecuaciones Lineales,31,True
4116,Algebra,Sistemas de Ecuaciones Lineales,Algebra,Sistemas de Ecuaciones Lineales,31,True
4117,Algebra,Sistemas de Ecuaciones Lineales,Algebra,Sistemas de Ecuaciones Lineales,31,True
4118,Algebra,Sistemas de Ecuaciones Lineales,Algebra,Sistemas de Ecuaciones Lineales,31,True
4119,Algebra,Sistemas de Ecuaciones Lineales,Algebra,Sistemas de Ecuaciones Lineales,31,True
4120,Algebra,Sistemas de Ecuaciones Lineales,Algebra,Sistemas de Ecuaciones Lineales,31,True
4121,Algebra,Sistemas de Ecuaciones Lineales,Algebra,Sistemas de Ecuaciones Lineales,31,True
4122,Algebra,Sistemas de Ecuaciones Lineales,Algebra,Sistemas de Ecuaciones Lineales,31,True
4123,Algebra,Binomio de Newton,Algebra,Binomio de Newton,1,True
4124,Algebra,Binomio de Newton,Algebra,Binomio de Newton,1,True
4125,Algebra,Binomio de Newton,Algebra,Binomio de Newton,1,True
4126,Algebra,Binomio de Newton,Algebra,Binomio de Newton,1,True
4127,Algebra,Binomio de Newton,Algebra,Binomio de Newton,1,True
4128,Algebra,Binomio de Newton,Algebra,Binomio de Newton,1,True
4129,Algebra,Binomio de Newton,Algebra,Binomio de Newton,1,True
4130,Algebra,Binomio de Newton,Algebra,Binomio de Newton,1,True
4131,Algebra,Binomio de Newton,Algebra,Binomio de Newton,1,True
4132,Algebra,Binomio de Newton,Algebra,Binomio de Newton,1,True
4133,Algebra,Binomio de Newton,Algebra,Binomio de Newton,1,True
4134,Algebra,Binomio de Newton,Algebra,Binomio de Newton,1,True
4135,Algebra,Binomio de Newton,Algebra,Binomio de Newton,1,True
4136,Algebra,Binomio de Newton,Algebra,Binomio de Newton,1,True
4137,Algebra,Binomio de Newton,Algebra,Binomio de Newton,1,True
4138,Algebra,Binomio de Newton,Algebra,Binomio de Newton,1,True
4139,Algebra,Binomio de Newton,Algebra,Binomio de Newton,1,True
4140,Algebra,Binomio de Newton,Algebra,Binomio de Newton,1,True
4141,Algebra,Binomio de Newton,Algebra,Binomio de Newton,1,True
4142,Algebra,Binomio de Newton,Algebra,Binomio de Newton,1,True
4143,Algebra,Binomio de Newton,Algebra,Binomio de Newton,1,True
4144,Algebra,Binomio de Newton,Algebra,Binomio de Newton,1,True
4145,Algebra,Binomio de Newton,Algebra,Binomio de Newton,1,True
4146,Algebra,Binomio de Newton,Algebra,Binomio de Newton,1,True
4147,Algebra,Binomio de Newton,Algebra,Binomio de Newton,1,True
4148,Algebra,Binomio de Newton,Algebra,Binomio de Newton,1,True
4149,Algebra,Binomio de Newton,Algebra,Binomio de Newton,1,True
4150,Algebra,Binomio de Newton,Algebra,Binomio de Newton,1,True
4151,Algebra,Binomio de Newton,Algebra,Binomio de Newton,1,True
4152,Algebra,Binomio de Newton,Algebra,Binomio de Newton,1,True
4153,Algebra,Binomio de Newton,Algebra,Binomio de Newton,1,True
4154,Algebra,Binomio de Newton,Algebra,Binomio de Newton,1,True
4155,Algebra,Binomio de Newton,Algebra,Binomio de Newton,1,True
4156,Algebra,Binomio de Newton,Algebra,Binomio de Newton,1,True
4157,Algebra,Binomio de Newton,Algebra,Binomio de Newton,1,True
4158,Algebra,Binomio de Newton,Algebra,Binomio de Newton,1,True
4159,Algebra,Binomio de Newton,Algebra,Binomio de Newton,1,True
4160,Algebra,Binomio de Newton,Algebra,Binomio de Newton,1,True
4161,Algebra,Binomio de Newton,Algebra,Binomio de Newton,1,True
4162,Algebra,Binomio de Newton,Algebra,Binomio de Newton,1,True
4163,Algebra,Binomio de Newton,Algebra,Binomio de Newton,1,True
4164,Algebra,Teoria de grados,Algebra,Teoria de Grados,36,True
4165,Algebra,Teoria de grados,Algebra,Teoria de Grados,36,True
4166,Algebra,Teoria de grados,Algebra,Teoria de Grados,36,True
4167,Algebra,Teoria de grados,Algebra,Teoria de Grados,36,True
4168,Algebra,Teoria de grados,Algebra,Teoria de Grados,36,True
4169,Algebra,Teoria de grados,Algebra,Teoria de Grados,36,True
4170,Algebra,Teoria de grados,Algebra,Teoria de Grados,36,True
4171,Algebra,Teoria de grados,Algebra,Teoria de Grados,36,True
4172,Algebra,Teoria de grados,Algebra,Teoria de Grados,36,True
4173,Algebra,Teoria de grados,Algebra,Teoria de Grados,36,True
4174,Algebra,Teoria de grados,Algebra,Teoria de Grados,36,True
4175,Algebra,Teoria de grados,Algebra,Teoria de Grados,36,True
4176,Algebra,Teoria de grados,Algebra,Teoria de Grados,36,True
4177,Algebra,Teoria de grados,Algebra,Teoria de Grados,36,True
4178,Algebra,Teoria de grados,Algebra,Teoria de Grados,36,True
4179,Algebra,Teoria de grados,Algebra,Teoria de Grados,36,True
4180,Algebra,Teoria de grados,Algebra,Teoria de Grados,36,True
4181,Algebra,Teoria de grados,Algebra,Teoria de Grados,36,True
4182,Algebra,Teoria de grados,Algebra,Teoria de Grados,36,True
4183,Algebra,Teoria de grados,Algebra,Teoria de Grados,36,True
4184,Algebra,Teoria de grados,Algebra,Teoria de Grados,36,True
4185,Algebra,Teoria de grados,Algebra,Teoria de Grados,36,True
4186,Algebra,Teoria de grados,Algebra,Teoria de Grados,36,True
4187,Algebra,Polinomios especiales,Algebra,Polinomios Especiales,28,True
4188,Algebra,Teoria de grados,Algebra,Teoria de Grados,36,True
4189,Algebra,Polinomios especiales,Algebra,Polinomios Especiales,28,True
4190,Algebra,Teoria de grados,Algebra,Teoria de Grados,36,True
4191,Algebra,Teoria de grados,Algebra,Teoria de Grados,36,True
4192,Algebra,Teoria de grados,Algebra,Teoria de Grados,36,True
4193,Algebra,Teoria de grados,Algebra,Teoria de Grados,36,True
4194,Algebra,Teoria de grados,Algebra,Teoria de Grados,36,True
4195,Algebra,Teoria de grados,Algebra,Teoria de Grados,36,True
4196,Algebra,Teoria de grados,Algebra,Teoria de Grados,36,True
4197,Algebra,Polinomios especiales,Algebra,Polinomios Especiales,28,True
4198,Algebra,Polinomios especiales,Algebra,Polinomios Especiales,28,True
4199,Algebra,Polinomios especiales,Algebra,Polinomios Especiales,28,True
4200,Algebra,Teoria de grados,Algebra,Teoria de Grados,36,True
4201,Algebra,Teoria de grados,Algebra,Teoria de Grados,36,True
4202,Algebra,Teoria de grados,Algebra,Teoria de Grados,36,True
4203,Algebra,Teoria de grados,Algebra,Teoria de Grados,36,True
4204,Algebra,Teoria de grados,Algebra,Teoria de Grados,36,True
4205,Algebra,Teoria de grados,Algebra,Teoria de Grados,36,True
4206,Algebra,Teoria de grados,Algebra,Teoria de Grados,36,True
4207,Algebra,Polinomios especiales,Algebra,Polinomios Especiales,28,True
4208,Algebra,Teoria de grados,Algebra,Teoria de Grados,36,True
4209,Algebra,Teoria de grados,Algebra,Teoria de Grados,36,True
4210,Algebra,Teoria de grados,Algebra,Teoria de Grados,36,True
4211,Algebra,Teoria de grados,Algebra,Teoria de Grados,36,True
4212,Algebra,Teoria de grados,Algebra,Teoria de Grados,36,True
4213,Algebra,Teoria de grados,Algebra,Teoria de Grados,36,True
4214,Algebra,Teoria de grados,Algebra,Teoria de Grados,36,True
4215,Algebra,Division Algebraica,Algebra,Division Algebraica,6,True
4216,Algebra,Division Algebraica,Algebra,Division Algebraica,6,True
4217,Algebra,Division Algebraica,Algebra,Division Algebraica,6,True
4218,Algebra,Division Algebraica,Algebra,Division Algebraica,6,True
4219,Algebra,Division Algebraica,Algebra,Division Algebraica,6,True
4220,Algebra,Division Algebraica,Algebra,Division Algebraica,6,True
4221,Algebra,Division Algebraica,Algebra,Division Algebraica,6,True
4222,Algebra,Division Algebraica,Algebra,Division Algebraica,6,True
4223,Algebra,Division Algebraica,Algebra,Division Algebraica,6,True
4224,Algebra,Division Algebraica,Algebra,Division Algebraica,6,True
4225,Algebra,Division Algebraica,Algebra,Division Algebraica,6,True
4226,Algebra,Division Algebraica,Algebra,Division Algebraica,6,True
4227,Algebra,Division Algebraica,Algebra,Division Algebraica,6,True
4228,Algebra,Division Algebraica,Algebra,Division Algebraica,6,True
4229,Algebra,Division Algebraica,Algebra,Division Algebraica,6,True
4230,Algebra,Division Algebraica,Algebra,Division Algebraica,6,True
4231,Algebra,Division Algebraica,Algebra,Division Algebraica,6,True
4232,Algebra,Division Algebraica,Algebra,Division Algebraica,6,True
4233,Algebra,Division Algebraica,Algebra,Division Algebraica,6,True
4234,Algebra,Division Algebraica,Algebra,Division Algebraica,6,True
4235,Algebra,Division Algebraica,Algebra,Division Algebraica,6,True
4236,Algebra,Division Algebraica,Algebra,Division Algebraica,6,True
4237,Algebra,Division Algebraica,Algebra,Division Algebraica,6,True
4238,Algebra,Division Algebraica,Algebra,Division Algebraica,6,True
4239,Algebra,Division Algebraica,Algebra,Division Algebraica,6,True
4240,Algebra,Division Algebraica,Algebra,Division Algebraica,6,True
4241,Algebra,Division Algebraica,Algebra,Division Algebraica,6,True
4242,Algebra,Division Algebraica,Algebra,Division Algebraica,6,True
4243,Algebra,Division Algebraica,Algebra,Division Algebraica,6,True
4244,Algebra,Division Algebraica,Algebra,Division Algebraica,6,True
4245,Algebra,Division Algebraica,Algebra,Division Algebraica,6,True
4246,Algebra,Division Algebraica,Algebra,Division Algebraica,6,True
4247,Algebra,Division Algebraica,Algebra,Division Algebraica,6,True
4248,Algebra,Division Algebraica,Algebra,Division Algebraica,6,True
4249,Algebra,Division Algebraica,Algebra,Division Algebraica,6,True
4250,Algebra,Division Algebraica,Algebra,Division Algebraica,6,True
4251,Algebra,Division Algebraica,Algebra,Division Algebraica,6,True
4252,Algebra,Division Algebraica,Algebra,Division Algebraica,6,True
4253,Algebra,Division Algebraica,Algebra,Division Algebraica,6,True
4254,Algebra,Division Algebraica,Algebra,Division Algebraica,6,True
4255,Algebra,Division Algebraica,Algebra,Division Algebraica,6,True
4256,Algebra,Division Algebraica,Algebra,Division Algebraica,6,True
4257,Algebra,Division Algebraica,Algebra,Division Algebraica,6,True
4258,Algebra,Division Algebraica,Algebra,Division Algebraica,6,True
4259,Algebra,Division Algebraica,Algebra,Division Algebraica,6,True
4260,Algebra,Division Algebraica,Algebra,Division Algebraica,6,True
4261,Algebra,Division Algebraica,Algebra,Division Algebraica,6,True
4262,Algebra,Division Algebraica,Algebra,Division Algebraica,6,True
4263,Algebra,Division Algebraica,Algebra,Division Algebraica,6,True
4264,Algebra,Division Algebraica,Algebra,Division Algebraica,6,True
4265,Algebra,Division Algebraica,Algebra,Division Algebraica,6,True
4266,Algebra,Division Algebraica,Algebra,Division Algebraica,6,True
4267,Algebra,Division Algebraica,Algebra,Division Algebraica,6,True
4268,Algebra,Division Algebraica,Algebra,Division Algebraica,6,True
4269,Algebra,Division Algebraica,Algebra,Division Algebraica,6,True
4270,Algebra,Division Algebraica,Algebra,Division Algebraica,6,True
4271,Algebra,Division Algebraica,Algebra,Division Algebraica,6,True
4272,Algebra,Division Algebraica,Algebra,Division Algebraica,6,True
4273,Algebra,Division Algebraica,Algebra,Division Algebraica,6,True
4274,Algebra,Division Algebraica,Algebra,Division Algebraica,6,True
4275,Algebra,Division Algebraica,Algebra,Division Algebraica,6,True
4276,Algebra,Division Algebraica,Algebra,Division Algebraica,6,True
4277,Algebra,Division Algebraica,Algebra,Division Algebraica,6,True
4278,Algebra,Division Algebraica,Algebra,Division Algebraica,6,True
4279,Algebra,Division Algebraica,Algebra,Division Algebraica,6,True
4280,Algebra,Division Algebraica,Algebra,Division Algebraica,6,True
4281,Algebra,Division Algebraica,Algebra,Division Algebraica,6,True
4282,Algebra,Division Algebraica,Algebra,Division Algebraica,6,True
4283,Algebra,Division Algebraica,Algebra,Division Algebraica,6,True
4284,Algebra,Division Algebraica,Algebra,Division Algebraica,6,True
4285,Algebra,Division Algebraica,Algebra,Division Algebraica,6,True
4286,Algebra,Division Algebraica,Algebra,Division Algebraica,6,True
4287,Algebra,Division Algebraica,Algebra,Division Algebraica,6,True
4288,Algebra,Division Algebraica,Algebra,Division Algebraica,6,True
4289,Algebra,Division Algebraica,Algebra,Division Algebraica,6,True
4290,Algebra,Division Algebraica,Algebra,Division Algebraica,6,True
4291,Algebra,Division Algebraica,Algebra,Division Algebraica,6,True
4292,Algebra,Division Algebraica,Algebra,Division Algebraica,6,True
4293,Algebra,Division Algebraica,Algebra,Division Algebraica,6,True
4294,Algebra,Division Algebraica,Algebra,Division Algebraica,6,True
4295,Algebra,Grados,Algebra,Teoria de Grados,36,True
4296,Algebra,Grados,Algebra,Teoria de Grados,36,True
4297,Algebra,Polinomios Especiales,Algebra,Polinomios Especiales,28,True
4298,Algebra,Grados,Algebra,Teoria de Grados,36,True
4299,Algebra,Grados,Algebra,Teoria de Grados,36,True
4300,Algebra,Grados,Algebra,Teoria de Grados,36,True
4301,Algebra,Polinomios Especiales,Algebra,Polinomios Especiales,28,True
4302,Algebra,Polinomios,Algebra,Polinomios,27,True
4303,Algebra,Grados,Algebra,Teoria de Grados,36,True
4304,Algebra,Polinomios Especiales,Algebra,Polinomios Especiales,28,True
4305,Algebra,Polinomios Especiales,Algebra,Polinomios Especiales,28,True
4306,Algebra,Polinomios Especiales,Algebra,Polinomios Especiales,28,True
4307,Algebra,Polinomios Especiales,Algebra,Polinomios Especiales,28,True
4308,Algebra,Polinomios Especiales,Algebra,Polinomios Especiales,28,True
4309,Algebra,Polinomios,Algebra,Polinomios,27,True
4310,Algebra,Grados,Algebra,Teoria de Grados,36,True
4311,Algebra,Polinomios Especiales,Algebra,Polinomios Especiales,28,True
4312,Algebra,Valor Numerico,Algebra,Valor Numerico,37,True
4313,Algebra,Polinomios Especiales,Algebra,Polinomios Especiales,28,True
4314,Algebra,Grados,Algebra,Teoria de Grados,36,True
4315,Algebra,Polinomios Especiales,Algebra,Polinomios Especiales,28,True
4316,Algebra,Valor Numerico,Algebra,Valor Numerico,37,True
4317,Algebra,Valor Numerico,Algebra,Valor Numerico,37,True
4318,Algebra,Valor Numerico,Algebra,Valor Numerico,37,True
4319,Algebra,Valor Numerico,Algebra,Valor Numerico,37,True
4320,Algebra,Polinomios Especiales,Algebra,Polinomios Especiales,28,True
4321,Algebra,Polinomios Especiales,Algebra,Polinomios Especiales,28,True
4322,Algebra,Polinomios Especiales,Algebra,Polinomios Especiales,28,True
4323,Algebra,Polinomios Especiales,Algebra,Polinomios Especiales,28,True
4324,Algebra,Polinomios,Algebra,Polinomios,27,True
4325,Algebra,Valor Numerico,Algebra,Valor Numerico,37,True
4326,Algebra,Valor Numerico,Algebra,Valor Numerico,37,True
4327,Algebra,Polinomios Especiales,Algebra,Polinomios Especiales,28,True
4328,Algebra,Grados,Algebra,Teoria de Grados,36,True
4329,Algebra,Valor Numerico,Algebra,Valor Numerico,37,True
4330,Algebra,Polinomios Especiales,Algebra,Polinomios Especiales,28,True
4331,Algebra,Polinomios Especiales,Algebra,Polinomios Especiales,28,True
4332,Algebra,Polinomios Especiales,Algebra,Polinomios Especiales,28,True
4333,Algebra,Polinomios Especiales,Algebra,Polinomios Especiales,28,True
4334,Algebra,Expresiones Algebraicas,Algebra,Expresiones Algebraicas,11,True
4335,Algebra,Grados,Algebra,Teoria de Grados,36,True
4336,Algebra,Polinomios Especiales,Algebra,Polinomios Especiales,28,True
4337,Algebra,Polinomios Especiales,Algebra,Polinomios Especiales,28,True
4338,Algebra,Polinomios Especiales,Algebra,Polinomios Especiales,28,True
4339,Algebra,Grados,Algebra,Teoria de Grados,36,True
4340,Algebra,Grados,Algebra,Teoria de Grados,36,True
4341,Algebra,Polinomios Especiales,Algebra,Polinomios Especiales,28,True
4342,Algebra,Valor Numerico,Algebra,Valor Numerico,37,True
4343,Algebra,Valor Numerico,Algebra,Valor Numerico,37,True
4344,Algebra,Polinomios Especiales,Algebra,Polinomios Especiales,28,True
4345,Algebra,Valor Numerico,Algebra,Valor Numerico,37,True
4346,Algebra,Grados,Algebra,Teoria de Grados,36,True
4347,Algebra,Valor Numerico,Algebra,Valor Numerico,37,True
4348,Algebra,Polinomios Especiales,Algebra,Polinomios Especiales,28,True
4349,Algebra,Polinomios Especiales,Algebra,Polinomios Especiales,28,True
4350,Algebra,Polinomios Especiales,Algebra,Polinomios Especiales,28,True
4351,Algebra,Polinomios Especiales,Algebra,Polinomios Especiales,28,True
4352,Algebra,Polinomios Especiales,Algebra,Polinomios Especiales,28,True
4365,Algebra,Valor Numerico,Algebra,Valor Numerico,37,True
4366,Algebra,Valor Numerico,Algebra,Valor Numerico,37,True
4367,Algebra,Valor Numerico,Algebra,Valor Numerico,37,True
4368,Algebra,Grados,Algebra,Teoria de Grados,36,True
4369,Algebra,Valor Numerico,Algebra,Valor Numerico,37,True
4370,Algebra,Valor Numerico,Algebra,Valor Numerico,37,True
4371,Algebra,Grados,Algebra,Teoria de Grados,36,True
4372,Algebra,Valor Numerico,Algebra,Valor Numerico,37,True
4373,Algebra,Polinomios Especiales,Algebra,Polinomios Especiales,28,True
4374,Algebra,Polinomios Especiales,Algebra,Polinomios Especiales,28,True
4375,Algebra,Expresiones Algebraicas,Algebra,Expresiones Algebraicas,11,True
4376,Algebra,Grados,Algebra,Teoria de Grados,36,True
4377,Algebra,Teoria de Grados,Algebra,Teoria de Grados,36,True
4378,Algebra,Teoria de Grados,Algebra,Teoria de Grados,36,True
4379,Algebra,Teoria de Grados,Algebra,Teoria de Grados,36,True
4380,Algebra,Teoria de Grados,Algebra,Teoria de Grados,36,True
4381,Algebra,Teoria de Grados,Algebra,Teoria de Grados,36,True
4382,Algebra,Teoria de Grados,Algebra,Teoria de Grados,36,True
4383,Algebra,Teoria de Grados,Algebra,Teoria de Grados,36,True
4384,Algebra,Teoria de Grados,Algebra,Teoria de Grados,36,True
4385,Algebra,Teoria de Grados,Algebra,Teoria de Grados,36,True
4386,Algebra,Teoria de Grados,Algebra,Teoria de Grados,36,True
4387,Algebra,Teoria de Grados,Algebra,Teoria de Grados,36,True
4388,Algebra,Teoria de Grados,Algebra,Teoria de Grados,36,True
4389,Algebra,Teoria de Grados,Algebra,Teoria de Grados,36,True
4390,Algebra,Teoria de Grados,Algebra,Teoria de Grados,36,True
4391,Algebra,Teoria de Grados,Algebra,Teoria de Grados,36,True
4392,Algebra,Teoria de Grados,Algebra,Teoria de Grados,36,True
4393,Algebra,Teoria de Grados,Algebra,Teoria de Grados,36,True
4394,Algebra,Teoria de Grados,Algebra,Teoria de Grados,36,True
4395,Algebra,Teoria de Grados,Algebra,Teoria de Grados,36,True
4396,Algebra,Teoria de Grados,Algebra,Teoria de Grados,36,True
4397,Algebra,Teoria de Grados,Algebra,Teoria de Grados,36,True
4398,Algebra,Teoria de Grados,Algebra,Teoria de Grados,36,True
4399,Algebra,Teoria de Grados,Algebra,Teoria de Grados,36,True
4400,Algebra,Teoria de Grados,Algebra,Teoria de Grados,36,True
4401,Algebra,Teoria de Grados,Algebra,Teoria de Grados,36,True
4402,Algebra,Teoria de Grados,Algebra,Teoria de Grados,36,True
4403,Algebra,Teoria de Grados,Algebra,Teoria de Grados,36,True
4404,Algebra,Teoria de Grados,Algebra,Teoria de Grados,36,True
4405,Algebra,Teoria de Grados,Algebra,Teoria de Grados,36,True
4406,Algebra,Teoria de Grados,Algebra,Teoria de Grados,36,True
4407,Algebra,Teoria de Grados,Algebra,Teoria de Grados,36,True
4408,Algebra,Polinomios Especiales,Algebra,Polinomios Especiales,28,True
4409,Algebra,Teoria de Grados,Algebra,Teoria de Grados,36,True
4410,Algebra,Polinomios Especiales,Algebra,Polinomios Especiales,28,True
4411,Algebra,Polinomios Especiales,Algebra,Polinomios Especiales,28,True
4412,Algebra,Valor Numerico,Algebra,Valor Numerico,37,True
4413,Algebra,Teoria de Grados,Algebra,Teoria de Grados,36,True
4414,Algebra,Polinomios Especiales,Algebra,Polinomios Especiales,28,True
4415,Algebra,Teoria de Grados,Algebra,Teoria de Grados,36,True
4416,Algebra,Polinomios Especiales,Algebra,Polinomios Especiales,28,True
4417,Algebra,Polinomios Especiales,Algebra,Polinomios Especiales,28,True
4418,Algebra,Polinomios Especiales,Algebra,Polinomios Especiales,28,True
4419,Algebra,Polinomios Especiales,Algebra,Polinomios Especiales,28,True
4420,Algebra,Valor Numerico,Algebra,Valor Numerico,37,True
4421,Algebra,Polinomios Especiales,Algebra,Polinomios Especiales,28,True
4422,Algebra,Teoria de Grados,Algebra,Teoria de Grados,36,True
4423,Algebra,Teoria de Grados,Algebra,Teoria de Grados,36,True
4424,Algebra,Polinomios Especiales,Algebra,Polinomios Especiales,28,True
4425,Algebra,Teoria de Grados,Algebra,Teoria de Grados,36,True
4426,Algebra,Polinomios Especiales,Algebra,Polinomios Especiales,28,True
4427,Algebra,Teoria de Grados,Algebra,Teoria de Grados,36,True
4428,Algebra,Polinomios Especiales,Algebra,Polinomios Especiales,28,True
4429,Algebra,Polinomios Especiales,Algebra,Polinomios Especiales,28,True
4430,Algebra,Polinomios Especiales,Algebra,Polinomios Especiales,28,True
4431,Algebra,Polinomios Especiales,Algebra,Polinomios Especiales,28,True
4432,Algebra,Teoria de Grados,Algebra,Teoria de Grados,36,True
4433,Algebra,Polinomios Especiales,Algebra,Polinomios Especiales,28,True
4434,Algebra,Polinomios Especiales,Algebra,Polinomios Especiales,28,True
4435,Algebra,Teoria de Grados,Algebra,Teoria de Grados,36,True
4436,Algebra,Polinomios Especiales,Algebra,Polinomios Especiales,28,True
4437,Algebra,Polinomios Especiales,Algebra,Polinomios Especiales,28,True
4438,Algebra,Polinomios Especiales,Algebra,Polinomios Especiales,28,True
4439,Algebra,Teoria de Grados,Algebra,Teoria de Grados,36,True
4440,Algebra,Polinomios Especiales,Algebra,Polinomios Especiales,28,True
4441,Algebra,Teoria de Grados,Algebra,Teoria de Grados,36,True
4442,Algebra,Teoria de Grados,Algebra,Teoria de Grados,36,True
4443,Algebra,Polinomios Especiales,Algebra,Polinomios Especiales,28,True
4444,Algebra,Polinomios,Algebra,Polinomios,27,True
4445,Algebra,Polinomios Especiales,Algebra,Polinomios Especiales,28,True
4446,Algebra,Polinomios Especiales,Algebra,Polinomios Especiales,28,True
4447,Algebra,Polinomios Especiales,Algebra,Polinomios Especiales,28,True
4448,Algebra,Polinomios Especiales,Algebra,Polinomios Especiales,28,True
4449,Algebra,Teoria de Grados,Algebra,Teoria de Grados,36,True
4450,Algebra,Polinomios Especiales,Algebra,Polinomios Especiales,28,True
4451,Algebra,Polinomios Especiales,Algebra,Polinomios Especiales,28,True
4452,Algebra,Teoria de Grados,Algebra,Teoria de Grados,36,True
4453,Algebra,Polinomios Especiales,Algebra,Polinomios Especiales,28,True
4454,Algebra,Polinomios Especiales,Algebra,Polinomios Especiales,28,True
4455,Algebra,Polinomios Especiales,Algebra,Polinomios Especiales,28,True
4456,Algebra,Polinomios Especiales,Algebra,Polinomios Especiales,28,True
4457,Algebra,Polinomios Especiales,Algebra,Polinomios Especiales,28,True
4458,Algebra,Valor Numerico,Algebra,Valor Numerico,37,True
4459,Algebra,Valor Numerico,Algebra,Valor Numerico,37,True
4460,Algebra,Polinomios,Algebra,Polinomios,27,True
4461,Algebra,Valor Numerico,Algebra,Valor Numerico,37,True
4462,Algebra,Polinomios Especiales,Algebra,Polinomios Especiales,28,True
4463,Algebra,Valor Numerico,Algebra,Valor Numerico,37,True
4464,Algebra,Polinomios Especiales,Algebra,Polinomios Especiales,28,True
4465,Algebra,Teoria de Grados,Algebra,Teoria de Grados,36,True
4466,Algebra,Valor Numerico,Algebra,Valor Numerico,37,True
4467,Algebra,Polinomios,Algebra,Polinomios,27,True
4468,Algebra,Valor Numerico,Algebra,Valor Numerico,37,True
4469,Algebra,Valor Numerico,Algebra,Valor Numerico,37,True
4470,Algebra,Valor Numerico,Algebra,Valor Numerico,37,True
4471,Algebra,Valor Numerico,Algebra,Valor Numerico,37,True
4472,Algebra,Teoria de Grados,Algebra,Teoria de Grados,36,True
4473,Algebra,Polinomios Especiales,Algebra,Polinomios Especiales,28,True
4474,Algebra,Valor Numerico,Algebra,Valor Numerico,37,True
4475,Algebra,Valor Numerico,Algebra,Valor Numerico,37,True
4476,Algebra,Polinomios Especiales,Algebra,Polinomios Especiales,28,True
4477,Algebra,Valor Numerico,Algebra,Valor Numerico,37,True
4478,Algebra,Valor Numerico,Algebra,Valor Numerico,37,True
4479,Algebra,Grados,Algebra,Teoria de Grados,36,True
4480,Algebra,Valor Numerico,Algebra,Valor Numerico,37,True
4481,Algebra,Valor Numerico,Algebra,Valor Numerico,37,True
4482,Algebra,Valor Numerico,Algebra,Valor Numerico,37,True
4483,Algebra,Grados,Algebra,Teoria de Grados,36,True
4484,Algebra,Polinomios Especiales,Algebra,Polinomios Especiales,28,True
4485,Algebra,Polinomios Especiales,Algebra,Polinomios Especiales,28,True
4486,Algebra,Polinomios Especiales,Algebra,Polinomios Especiales,28,True
4487,Algebra,Valor Numerico,Algebra,Valor Numerico,37,True
4488,Algebra,Valor Numerico,Algebra,Valor Numerico,37,True
4489,Algebra,Valor Numerico,Algebra,Valor Numerico,37,True
4490,Algebra,Valor Numerico,Algebra,Valor Numerico,37,True
4491,Algebra,Polinomios Especiales,Algebra,Polinomios Especiales,28,True
4492,Algebra,Grados,Algebra,Teoria de Grados,36,True
4493,Algebra,Polinomios Especiales,Algebra,Polinomios Especiales,28,True
4494,Algebra,Valor Numerico,Algebra,Valor Numerico,37,True
4495,Algebra,Valor Numerico,Algebra,Valor Numerico,37,True
4496,Algebra,Valor Numerico,Algebra,Valor Numerico,37,True
4497,Algebra,Grados,Algebra,Teoria de Grados,36,True
4498,Algebra,Polinomios Especiales,Algebra,Polinomios Especiales,28,True
4499,Algebra,Polinomios Especiales,Algebra,Polinomios Especiales,28,True
4500,Algebra,Polinomios Especiales,Algebra,Polinomios Especiales,28,True
4501,Algebra,Polinomios Especiales,Algebra,Polinomios Especiales,28,True
4502,Algebra,Valor Numerico,Algebra,Valor Numerico,37,True
4503,Algebra,Valor Numerico,Algebra,Valor Numerico,37,True
4504,Algebra,Valor Numerico,Algebra,Valor Numerico,37,True
4505,Algebra,Valor Numerico,Algebra,Valor Numerico,37,True
4506,Algebra,Polinomios Especiales,Algebra,Polinomios Especiales,28,True
4507,Algebra,Grados,Algebra,Teoria de Grados,36,True
4508,Algebra,Grados,Algebra,Teoria de Grados,36,True
4509,Algebra,Valor Numerico,Algebra,Valor Numerico,37,True
4510,Algebra,Expresiones Algebraicas,Algebra,Expresiones Algebraicas,11,True
4511,Algebra,Grados,Algebra,Teoria de Grados,36,True
4512,Algebra,Polinomios Especiales,Algebra,Polinomios Especiales,28,True
4513,Algebra,Valor Numerico,Algebra,Valor Numerico,37,True
4514,Algebra,Grados,Algebra,Teoria de Grados,36,True
4515,Algebra,Grados,Algebra,Teoria de Grados,36,True
4516,Algebra,Grados,Algebra,Teoria de Grados,36,True
4517,Algebra,Valor Numerico,Algebra,Valor Numerico,37,True
4518,Algebra,Grados,Algebra,Teoria de Grados,36,True
4519,Algebra,Polinomios Especiales,Algebra,Polinomios Especiales,28,True
4520,Algebra,Polinomios Especiales,Algebra,Polinomios Especiales,28,True
4521,Algebra,Valor Numerico,Algebra,Valor Numerico,37,True
4522,Algebra,Grados,Algebra,Teoria de Grados,36,True
4523,Algebra,Grados,Algebra,Teoria de Grados,36,True
4524,Algebra,Valor Numerico,Algebra,Valor Numerico,37,True
4525,Algebra,Valor Numerico,Algebra,Valor Numerico,37,True
4526,Algebra,Grados,Algebra,Teoria de Grados,36,True
4527,Algebra,Valor Numerico,Algebra,Valor Numerico,37,True
4528,Algebra,Polinomios Especiales,Algebra,Polinomios Especiales,28,True
4529,Algebra,Polinomios Especiales,Algebra,Polinomios Especiales,28,True
4530,Algebra,Valor Numerico,Algebra,Valor Numerico,37,True
4531,Algebra,Grados,Algebra,Teoria de Grados,36,True
4532,Algebra,Grados,Algebra,Teoria de Grados,36,True
4533,Algebra,Valor Numerico,Algebra,Valor Numerico,37,True
4534,Algebra,Grados,Algebra,Teoria de Grados,36,True
4535,Algebra,Valor Numerico,Algebra,Valor Numerico,37,True
4536,Algebra,Valor Numerico,Algebra,Valor Numerico,37,True
4537,Algebra,Polinomios Especiales,Algebra,Polinomios Especiales,28,True
4538,Algebra,Valor Numerico,Algebra,Valor Numerico,37,True
4539,Algebra,Expresiones Algebraicas,Algebra,Expresiones Algebraicas,11,True
4540,Algebra,Valor Numerico,Algebra,Valor Numerico,37,True
4541,Geometria,Triangulos,Geometria,Triangulos,64,True
4542,Geometria,Triangulos,Geometria,Triangulos,64,True
4543,Geometria,Lineas Notables,Geometria,Lineas Notables,51,True
4544,Geometria,Lineas Notables,Geometria,Lineas Notables,51,True
4545,Geometria,Lineas Notables,Geometria,Lineas Notables,51,True
4546,Geometria,Clasificacion de Triangulos,Geometria,Clasificacion de Triangulos,46,True
4547,Geometria,Lineas Notables,Geometria,Lineas Notables,51,True
4548,Geometria,Clasificacion de Triangulos,Geometria,Clasificacion de Triangulos,46,True
4549,Geometria,Clasificacion de Triangulos,Geometria,Clasificacion de Triangulos,46,True
4550,Geometria,Desigualdades Geometricas,Geometria,Desigualdades Geometricas,50,True
4551,Geometria,Lineas Notables,Geometria,Lineas Notables,51,True
4552,Geometria,Lineas Notables,Geometria,Lineas Notables,51,True
4553,Geometria,Triangulos,Geometria,Triangulos,64,True
4554,Geometria,Clasificacion de Triangulos,Geometria,Clasificacion de Triangulos,46,True
4555,Geometria,Triangulos,Geometria,Triangulos,64,True
4556,Geometria,Triangulos,Geometria,Triangulos,64,True
4557,Geometria,Lineas Notables,Geometria,Lineas Notables,51,True
4558,Geometria,Triangulos,Geometria,Triangulos,64,True
4559,Geometria,Clasificacion de Triangulos,Geometria,Clasificacion de Triangulos,46,True
4560,Geometria,Desigualdades Geometricas,Geometria,Desigualdades Geometricas,50,True
4561,Geometria,Desigualdades Geometricas,Geometria,Desigualdades Geometricas,50,True
4562,Geometria,Desigualdades Geometricas,Geometria,Desigualdades Geometricas,50,True
4563,Geometria,Lineas Notables,Geometria,Lineas Notables,51,True
4564,Geometria,Lineas Notables,Geometria,Lineas Notables,51,True
4565,Geometria,Triangulos,Geometria,Triangulos,64,True
4566,Geometria,Lineas Notables,Geometria,Lineas Notables,51,True
4567,Geometria,Triangulos,Geometria,Triangulos,64,True
4568,Geometria,Desigualdades Geometricas,Geometria,Desigualdades Geometricas,50,True
4569,Geometria,Desigualdades Geometricas,Geometria,Desigualdades Geometricas,50,True
4570,Geometria,Triangulos,Geometria,Triangulos,64,True
4571,Geometria,Lineas Notables,Geometria,Lineas Notables,51,True
4572,Geometria,Desigualdades Geometricas,Geometria,Desigualdades Geometricas,50,True
4573,Geometria,Desigualdades Geometricas,Geometria,Desigualdades Geometricas,50,True
4574,Geometria,Desigualdades Geometricas,Geometria,Desigualdades Geometricas,50,True
4575,Geometria,Desigualdades Geometricas,Geometria,Desigualdades Geometricas,50,True
4576,Geometria,Lineas Notables,Geometria,Lineas Notables,51,True
4577,Geometria,Desigualdades Geometricas,Geometria,Desigualdades Geometricas,50,True
4578,Geometria,Triangulos,Geometria,Triangulos,64,True
4579,Geometria,Lineas Notables,Geometria,Lineas Notables,51,True
4580,Geometria,Desigualdades Geometricas,Geometria,Desigualdades Geometricas,50,True
4581,Geometria,Clasificacion de Triangulos,Geometria,Clasificacion de Triangulos,46,True
4582,Geometria,Lineas Notables,Geometria,Lineas Notables,51,True
4583,Geometria,Lineas Notables,Geometria,Lineas Notables,51,True
4584,Geometria,Clasificacion de Triangulos,Geometria,Clasificacion de Triangulos,46,True
4585,Geometria,Triangulos,Geometria,Triangulos,64,True
4586,Geometria,Desigualdades Geometricas,Geometria,Desigualdades Geometricas,50,True
4587,Geometria,Triangulos,Geometria,Triangulos,64,True
4588,Geometria,Desigualdades Geometricas,Geometria,Desigualdades Geometricas,50,True
4589,Geometria,Clasificacion de Triangulos,Geometria,Clasificacion de Triangulos,46,True
4590,Geometria,Clasificacion de Triangulos,Geometria,Clasificacion de Triangulos,46,True
4591,Geometria,Lineas Notables,Geometria,Lineas Notables,51,True
4592,Geometria,Clasificacion de Triangulos,Geometria,Clasificacion de Triangulos,46,True
4593,Geometria,Lineas Notables,Geometria,Lineas Notables,51,True
4594,Geometria,Lineas Notables,Geometria,Lineas Notables,51,True
4595,Geometria,Desigualdades Geometricas,Geometria,Desigualdades Geometricas,50,True
4596,Geometria,Lineas Notables,Geometria,Lineas Notables,51,True
4597,Geometria,Desigualdades Geometricas,Geometria,Desigualdades Geometricas,50,True
4598,Geometria,Desigualdades Geometricas,Geometria,Desigualdades Geometricas,50,True
4599,Geometria,Desigualdades Geometricas,Geometria,Desigualdades Geometricas,50,True
4600,Geometria,Lineas Notables,Geometria,Lineas Notables,51,True
4601,Geometria,Desigualdades Geometricas,Geometria,Desigualdades Geometricas,50,True
4602,Geometria,Desigualdades Geometricas,Geometria,Desigualdades Geometricas,50,True
4603,Geometria,Lineas Notables,Geometria,Lineas Notables,51,True
4604,Geometria,Lineas Notables,Geometria,Lineas Notables,51,True
4605,Geometria,Lineas Notables,Geometria,Lineas Notables,51,True
4606,Geometria,Lineas Notables,Geometria,Lineas Notables,51,True
4607,Geometria,Triangulos,Geometria,Triangulos,64,True
4608,Geometria,Lineas Notables,Geometria,Lineas Notables,51,True
4609,Geometria,Lineas Notables,Geometria,Lineas Notables,51,True
4610,Geometria,Desigualdades Geometricas,Geometria,Desigualdades Geometricas,50,True
4611,Geometria,Clasificacion de Triangulos,Geometria,Clasificacion de Triangulos,46,True
4612,Geometria,Triangulos,Geometria,Triangulos,64,True
4613,Geometria,Lineas Notables,Geometria,Lineas Notables,51,True
4614,Geometria,Lineas Notables,Geometria,Lineas Notables,51,True
4615,Geometria,Lineas Notables,Geometria,Lineas Notables,51,True
4616,Geometria,Lineas Notables,Geometria,Lineas Notables,51,True
4617,Geometria,Lineas Notables,Geometria,Lineas Notables,51,True
4618,Geometria,Clasificacion de Triangulos,Geometria,Clasificacion de Triangulos,46,True
4619,Geometria,Desigualdades Geometricas,Geometria,Desigualdades Geometricas,50,True
4620,Geometria,Triangulos,Geometria,Triangulos,64,True
4621,Geometria,Clasificacion de Triangulos,Geometria,Clasificacion de Triangulos,46,True
4622,Geometria,Desigualdades Geometricas,Geometria,Desigualdades Geometricas,50,True
4623,Geometria,Clasificacion de Triangulos,Geometria,Clasificacion de Triangulos,46,True
4624,Geometria,Lineas Notables,Geometria,Lineas Notables,51,True
4625,Geometria,Desigualdades Geometricas,Geometria,Desigualdades Geometricas,50,True
4626,Geometria,Lineas Notables,Geometria,Lineas Notables,51,True
4627,Geometria,Lineas Notables,Geometria,Lineas Notables,51,True
4628,Geometria,Desigualdades Geometricas,Geometria,Desigualdades Geometricas,50,True
4629,Geometria,Triangulos,Geometria,Triangulos,64,True
4630,Geometria,Lineas Notables,Geometria,Lineas Notables,51,True
4631,Geometria,Lineas Notables,Geometria,Lineas Notables,51,True
4632,Geometria,Triangulos,Geometria,Triangulos,64,True
4633,Geometria,Desigualdades Geometricas,Geometria,Desigualdades Geometricas,50,True
4634,Geometria,Lineas Notables,Geometria,Lineas Notables,51,True
4635,Geometria,Desigualdades Geometricas,Geometria,Desigualdades Geometricas,50,True
4636,Geometria,Triangulos,Geometria,Triangulos,64,True
4637,Geometria,Clasificacion de Triangulos,Geometria,Clasificacion de Triangulos,46,True
4638,Geometria,Lineas Notables,Geometria,Lineas Notables,51,True
4639,Geometria,Lineas Notables,Geometria,Lineas Notables,51,True
4640,Geometria,Lineas Notables,Geometria,Lineas Notables,51,True
4641,Geometria,Clasificacion de Triangulos,Geometria,Clasificacion de Triangulos,46,True
4642,Geometria,Desigualdades Geometricas,Geometria,Desigualdades Geometricas,50,True
4643,Geometria,Desigualdades Geometricas,Geometria,Desigualdades Geometricas,50,True
4644,Geometria,Lineas Notables,Geometria,Lineas Notables,51,True
4645,Geometria,Clasificacion de Triangulos,Geometria,Clasificacion de Triangulos,46,True
4646,Geometria,Desigualdades Geometricas,Geometria,Desigualdades Geometricas,50,True
4647,Geometria,Lineas Notables,Geometria,Lineas Notables,51,True
4648,Geometria,Desigualdades Geometricas,Geometria,Desigualdades Geometricas,50,True
4649,Geometria,Triangulos,Geometria,Triangulos,64,True
4650,Geometria,Triangulos,Geometria,Triangulos,64,True
4651,Geometria,Clasificacion de Triangulos,Geometria,Clasificacion de Triangulos,46,True
4652,Geometria,Desigualdades Geometricas,Geometria,Desigualdades Geometricas,50,True
4653,Geometria,Lineas Notables,Geometria,Lineas Notables,51,True
4654,Geometria,Triangulos,Geometria,Triangulos,64,True
4655,Geometria,Desigualdades Geometricas,Geometria,Desigualdades Geometricas,50,True
4656,Geometria,Desigualdades Geometricas,Geometria,Desigualdades Geometricas,50,True
4657,Geometria,Triangulos,Geometria,Triangulos,64,True
4658,Geometria,Clasificacion de Triangulos,Geometria,Clasificacion de Triangulos,46,True
4659,Geometria,Desigualdades Geometricas,Geometria,Desigualdades Geometricas,50,True
4660,Geometria,Desigualdades Geometricas,Geometria,Desigualdades Geometricas,50,True
4661,Geometria,Desigualdades Geometricas,Geometria,Desigualdades Geometricas,50,True
4662,Geometria,Triangulos,Geometria,Triangulos,64,True
4663,Geometria,Lineas Notables,Geometria,Lineas Notables,51,True
4664,Geometria,Triangulos,Geometria,Triangulos,64,True
4665,Geometria,Triangulos,Geometria,Triangulos,64,True
4666,Geometria,Triangulos,Geometria,Triangulos,64,True
4667,Geometria,Triangulos,Geometria,Triangulos,64,True
4668,Geometria,Triangulos,Geometria,Triangulos,64,True
4669,Geometria,Lineas Notables,Geometria,Lineas Notables,51,True
4670,Geometria,Desigualdades Geometricas,Geometria,Desigualdades Geometricas,50,True
4671,Geometria,Lineas Notables,Geometria,Lineas Notables,51,True
4672,Geometria,Triangulos,Geometria,Triangulos,64,True
4673,Geometria,Desigualdades Geometricas,Geometria,Desigualdades Geometricas,50,True
4674,Geometria,Clasificacion de Triangulos,Geometria,Clasificacion de Triangulos,46,True
4675,Geometria,Triangulos,Geometria,Triangulos,64,True
4676,Geometria,Lineas Notables,Geometria,Lineas Notables,51,True
4677,Geometria,Clasificacion de Triangulos,Geometria,Clasificacion de Triangulos,46,True
4678,Geometria,Triangulos,Geometria,Triangulos,64,True
4679,Geometria,Lineas Notables,Geometria,Lineas Notables,51,True
4680,Geometria,Triangulos,Geometria,Triangulos,64,True
4681,Geometria,Desigualdades Geometricas,Geometria,Desigualdades Geometricas,50,True
4682,Geometria,Clasificacion de Triangulos,Geometria,Clasificacion de Triangulos,46,True
4683,Geometria,Triangulos,Geometria,Triangulos,64,True
4684,Geometria,Triangulos,Geometria,Triangulos,64,True
4685,Geometria,Lineas Notables,Geometria,Lineas Notables,51,True
4686,Geometria,Lineas Notables,Geometria,Lineas Notables,51,True
4687,Geometria,Triangulos,Geometria,Triangulos,64,True
4688,Geometria,Triangulos,Geometria,Triangulos,64,True
4689,Geometria,Lineas Notables,Geometria,Lineas Notables,51,True
4690,Geometria,Triangulos,Geometria,Triangulos,64,True
4691,Geometria,Triangulos,Geometria,Triangulos,64,True
4692,Geometria,Triangulos,Geometria,Triangulos,64,True
4693,Geometria,Desigualdades Geometricas,Geometria,Desigualdades Geometricas,50,True
4694,Geometria,Triangulos,Geometria,Triangulos,64,True
4695,Geometria,Triangulos,Geometria,Triangulos,64,True
4696,Geometria,Clasificacion de Triangulos,Geometria,Clasificacion de Triangulos,46,True
4697,Geometria,Clasificacion de Triangulos,Geometria,Clasificacion de Triangulos,46,True
4698,Geometria,Desigualdades Geometricas,Geometria,Desigualdades Geometricas,50,True
4699,Geometria,Desigualdades Geometricas,Geometria,Desigualdades Geometricas,50,True
4700,Geometria,Desigualdades Geometricas,Geometria,Desigualdades Geometricas,50,True
4701,Geometria,Clasificacion de Triangulos,Geometria,Clasificacion de Triangulos,46,True
4702,Geometria,Desigualdades Geometricas,Geometria,Desigualdades Geometricas,50,True
4703,Geometria,Desigualdades Geometricas,Geometria,Desigualdades Geometricas,50,True
4704,Geometria,Clasificacion de Triangulos,Geometria,Clasificacion de Triangulos,46,True
4705,Geometria,Desigualdades Geometricas,Geometria,Desigualdades Geometricas,50,True
4706,Geometria,Lineas Notables,Geometria,Lineas Notables,51,True
4707,Geometria,Lineas Notables,Geometria,Lineas Notables,51,True
4708,Geometria,Triangulos,Geometria,Triangulos,64,True
4709,Geometria,Clasificacion de Triangulos,Geometria,Clasificacion de Triangulos,46,True
4710,Geometria,Triangulos,Geometria,Triangulos,64,True
4711,Geometria,Clasificacion de Triangulos,Geometria,Clasificacion de Triangulos,46,True
4712,Geometria,Desigualdades Geometricas,Geometria,Desigualdades Geometricas,50,True
4713,Geometria,Lineas Notables,Geometria,Lineas Notables,51,True
4714,Geometria,Triangulos,Geometria,Triangulos,64,True
4715,Geometria,Triangulos,Geometria,Triangulos,64,True
4716,Geometria,Clasificacion de Triangulos,Geometria,Clasificacion de Triangulos,46,True
4717,Geometria,Lineas Notables,Geometria,Lineas Notables,51,True
4718,Geometria,Lineas Notables,Geometria,Lineas Notables,51,True
4719,Geometria,Desigualdades Geometricas,Geometria,Desigualdades Geometricas,50,True
4720,Geometria,Desigualdades Geometricas,Geometria,Desigualdades Geometricas,50,True
4721,Geometria,Lineas Notables,Geometria,Lineas Notables,51,True
4722,Geometria,Clasificacion de Triangulos,Geometria,Clasificacion de Triangulos,46,True
4723,Geometria,Triangulos,Geometria,Triangulos,64,True
4724,Geometria,Triangulos,Geometria,Triangulos,64,True
4725,Geometria,Triangulos,Geometria,Triangulos,64,True
4726,Geometria,Desigualdades Geometricas,Geometria,Desigualdades Geometricas,50,True
4727,Geometria,Triangulos,Geometria,Triangulos,64,True
4728,Geometria,Clasificacion de Triangulos,Geometria,Clasificacion de Triangulos,46,True
4729,Geometria,Desigualdades Geometricas,Geometria,Desigualdades Geometricas,50,True
4730,Geometria,Clasificacion de Triangulos,Geometria,Clasificacion de Triangulos,46,True
4731,Geometria,Desigualdades Geometricas,Geometria,Desigualdades Geometricas,50,True
4732,Geometria,Clasificacion de Triangulos,Geometria,Clasificacion de Triangulos,46,True
4733,Geometria,Clasificacion de Triangulos,Geometria,Clasificacion de Triangulos,46,True
4734,Geometria,Desigualdades Geometricas,Geometria,Desigualdades Geometricas,50,True
4735,Geometria,Clasificacion de Triangulos,Geometria,Clasificacion de Triangulos,46,True
4736,Geometria,Triangulos,Geometria,Triangulos,64,True
4737,Geometria,Triangulos,Geometria,Triangulos,64,True
4738,Geometria,Lineas Notables,Geometria,Lineas Notables,51,True
4739,Geometria,Lineas Notables,Geometria,Lineas Notables,51,True
4740,Geometria,Triangulos,Geometria,Triangulos,64,True
4741,Geometria,Desigualdades Geometricas,Geometria,Desigualdades Geometricas,50,True
4742,Geometria,Desigualdades Geometricas,Geometria,Desigualdades Geometricas,50,True
4743,Geometria,Desigualdades Geometricas,Geometria,Desigualdades Geometricas,50,True
4744,Geometria,Lineas Notables,Geometria,Lineas Notables,51,True
4745,Geometria,Triangulos,Geometria,Triangulos,64,True
4746,Geometria,Desigualdades Geometricas,Geometria,Desigualdades Geometricas,50,True
4747,Geometria,Triangulos,Geometria,Triangulos,64,True
4748,Geometria,Clasificacion de Triangulos,Geometria,Clasificacion de Triangulos,46,True
4749,Geometria,Desigualdades Geometricas,Geometria,Desigualdades Geometricas,50,True
4750,Geometria,Lineas Notables,Geometria,Lineas Notables,51,True
4751,Geometria,Desigualdades Geometricas,Geometria,Desigualdades Geometricas,50,True
4752,Geometria,Triangulos,Geometria,Triangulos,64,True
4753,Geometria,Triangulos,Geometria,Triangulos,64,True
4754,Geometria,Desigualdades Geometricas,Geometria,Desigualdades Geometricas,50,True
4755,Geometria,Desigualdades Geometricas,Geometria,Desigualdades Geometricas,50,True
4756,Geometria,Desigualdades Geometricas,Geometria,Desigualdades Geometricas,50,True
4757,Geometria,Desigualdades Geometricas,Geometria,Desigualdades Geometricas,50,True
4758,Geometria,Triangulos,Geometria,Triangulos,64,True
4759,Geometria,Clasificacion de Triangulos,Geometria,Clasificacion de Triangulos,46,True
4760,Geometria,Triangulos,Geometria,Triangulos,64,True
4761,Geometria,Desigualdades Geometricas,Geometria,Desigualdades Geometricas,50,True
4762,Geometria,Lineas Notables,Geometria,Lineas Notables,51,True
4763,Geometria,Lineas Notables,Geometria,Lineas Notables,51,True
4764,Geometria,Triangulos,Geometria,Triangulos,64,True
4765,Geometria,Triangulos,Geometria,Triangulos,64,True
4766,Geometria,Triangulos,Geometria,Triangulos,64,True
4767,Geometria,Clasificacion de Triangulos,Geometria,Clasificacion de Triangulos,46,True
4768,Geometria,Lineas Notables,Geometria,Lineas Notables,51,True
4769,Geometria,Clasificacion de Triangulos,Geometria,Clasificacion de Triangulos,46,True
4770,Geometria,Lineas Notables,Geometria,Lineas Notables,51,True
4771,Geometria,Desigualdades Geometricas,Geometria,Desigualdades Geometricas,50,True
4772,Geometria,Lineas Notables,Geometria,Lineas Notables,51,True
4773,Geometria,Lineas Notables,Geometria,Lineas Notables,51,True
4774,Geometria,Desigualdades Geometricas,Geometria,Desigualdades Geometricas,50,True
4775,Geometria,Lineas Notables,Geometria,Lineas Notables,51,True
4776,Geometria,Clasificacion de Triangulos,Geometria,Clasificacion de Triangulos,46,True
4777,Geometria,Triangulos,Geometria,Triangulos,64,True
4778,Geometria,Clasificacion de Triangulos,Geometria,Clasificacion de Triangulos,46,True
4779,Geometria,Clasificacion de Triangulos,Geometria,Clasificacion de Triangulos,46,True
4780,Geometria,Lineas Notables,Geometria,Lineas Notables,51,True
4781,Geometria,Clasificacion de Triangulos,Geometria,Clasificacion de Triangulos,46,True
4782,Geometria,Lineas Notables,Geometria,Lineas Notables,51,True
4783,Geometria,Lineas Notables,Geometria,Lineas Notables,51,True
4784,Geometria,Clasificacion de Triangulos,Geometria,Clasificacion de Triangulos,46,True
4793,Algebra,Productos notables,Algebra,Productos Notables,29,True
4798,Algebra,Productos notables,Algebra,Productos Notables,29,True
4800,Algebra,Productos notables,Algebra,Productos Notables,29,True
4809,Algebra,Productos notables,Algebra,Productos Notables,29,True
4811,Algebra,Productos notables,Algebra,Productos Notables,29,True
4813,Algebra,Productos notables,Algebra,Productos Notables,29,True
4816,Algebra,Productos notables,Algebra,Productos Notables,29,True
4817,Algebra,Productos notables,Algebra,Productos Notables,29,True
4818,Algebra,Productos notables,Algebra,Productos Notables,29,True
4819,Algebra,Productos notables,Algebra,Productos Notables,29,True
4820,Algebra,Productos notables,Algebra,Productos Notables,29,True
4821,Algebra,Productos notables,Algebra,Productos Notables,29,True
4822,Algebra,Productos notables,Algebra,Productos Notables,29,True
4823,Algebra,Productos notables,Algebra,Productos Notables,29,True
4824,Algebra,Productos notables,Algebra,Productos Notables,29,True
4825,Algebra,Productos notables,Algebra,Productos Notables,29,True
4826,Algebra,Productos notables,Algebra,Productos Notables,29,True
4827,Algebra,Productos notables,Algebra,Productos Notables,29,True
4828,Algebra,Productos notables,Algebra,Productos Notables,29,True
4829,Algebra,Productos notables,Algebra,Productos Notables,29,True
4830,Algebra,Productos notables,Algebra,Productos Notables,29,True
4831,Algebra,Productos notables,Algebra,Productos Notables,29,True
4832,Algebra,Productos notables,Algebra,Productos Notables,29,True
4833,Algebra,Productos notables,Algebra,Productos Notables,29,True
4834,Algebra,Productos notables,Algebra,Productos Notables,29,True
4835,Algebra,Productos notables,Algebra,Productos Notables,29,True
4836,Algebra,Productos notables,Algebra,Productos Notables,29,True
4837,Algebra,Productos notables,Algebra,Productos Notables,29,True
4838,Algebra,Productos notables,Algebra,Productos Notables,29,True
4839,Algebra,Productos notables,Algebra,Productos Notables,29,True
4840,Algebra,Productos notables,Algebra,Productos Notables,29,True
4841,Algebra,Division Algebraica,Algebra,Division Algebraica,6,True
4842,Algebra,Division Algebraica,Algebra,Division Algebraica,6,True
4843,Algebra,Division Algebraica,Algebra,Division Algebraica,6,True
4844,Algebra,Division Algebraica,Algebra,Division Algebraica,6,True
4845,Algebra,Division Algebraica,Algebra,Division Algebraica,6,True
4846,Algebra,Division Algebraica,Algebra,Division Algebraica,6,True
4847,Algebra,Division Algebraica,Algebra,Division Algebraica,6,True
4848,Algebra,Division Algebraica,Algebra,Division Algebraica,6,True
4849,Algebra,Division Algebraica,Algebra,Division Algebraica,6,True
4850,Algebra,Division Algebraica,Algebra,Division Algebraica,6,True
4851,Algebra,Division Algebraica,Algebra,Division Algebraica,6,True
4852,Algebra,Division Algebraica,Algebra,Division Algebraica,6,True
4853,Algebra,Division Algebraica,Algebra,Division Algebraica,6,True
4854,Algebra,Division Algebraica,Algebra,Division Algebraica,6,True
4855,Algebra,Division Algebraica,Algebra,Division Algebraica,6,True
4856,Algebra,Division Algebraica,Algebra,Division Algebraica,6,True
4857,Algebra,Division Algebraica,Algebra,Division Algebraica,6,True
4858,Algebra,Division Algebraica,Algebra,Division Algebraica,6,True
4859,Algebra,Division Algebraica,Algebra,Division Algebraica,6,True
4860,Algebra,Division Algebraica,Algebra,Division Algebraica,6,True
4861,Algebra,Division Algebraica,Algebra,Division Algebraica,6,True
4862,Algebra,Division Algebraica,Algebra,Division Algebraica,6,True
4863,Algebra,Division Algebraica,Algebra,Division Algebraica,6,True
4864,Algebra,Division Algebraica,Algebra,Division Algebraica,6,True
4865,Algebra,Division Algebraica,Algebra,Division Algebraica,6,True
4866,Algebra,Division Algebraica,Algebra,Division Algebraica,6,True
4867,Algebra,Division Algebraica,Algebra,Division Algebraica,6,True
4868,Algebra,Division Algebraica,Algebra,Division Algebraica,6,True
4869,Algebra,Division Algebraica,Algebra,Division Algebraica,6,True
4870,Algebra,Division Algebraica,Algebra,Division Algebraica,6,True
4871,Algebra,Division Algebraica,Algebra,Division Algebraica,6,True
4872,Algebra,Division Algebraica,Algebra,Division Algebraica,6,True
4873,Algebra,Division Algebraica,Algebra,Division Algebraica,6,True
4874,Algebra,Division Algebraica,Algebra,Division Algebraica,6,True
4875,Algebra,Division Algebraica,Algebra,Division Algebraica,6,True
4876,Algebra,Division Algebraica,Algebra,Division Algebraica,6,True
4877,Algebra,Division Algebraica,Algebra,Division Algebraica,6,True
4878,Algebra,Division Algebraica,Algebra,Division Algebraica,6,True
4879,Algebra,Division Algebraica,Algebra,Division Algebraica,6,True
4880,Algebra,Factorizacion,Algebra,Factorizacion,13,True
4881,Algebra,Factorizacion,Algebra,Factorizacion,13,True
4882,Algebra,Factorizacion,Algebra,Factorizacion,13,True
4883,Algebra,Factorizacion,Algebra,Factorizacion,13,True
4884,Algebra,Factorizacion,Algebra,Factorizacion,13,True
4885,Algebra,Factorizacion,Algebra,Factorizacion,13,True
4886,Algebra,Factorizacion,Algebra,Factorizacion,13,True
4887,Algebra,Factorizacion,Algebra,Factorizacion,13,True
4888,Algebra,Factorizacion,Algebra,Factorizacion,13,True
4889,Algebra,Factorizacion,Algebra,Factorizacion,13,True
4890,Algebra,Factorizacion,Algebra,Factorizacion,13,True
4891,Algebra,Factorizacion,Algebra,Factorizacion,13,True
4892,Algebra,Factorizacion,Algebra,Factorizacion,13,True
4893,Algebra,Factorizacion,Algebra,Factorizacion,13,True
4894,Algebra,Factorizacion,Algebra,Factorizacion,13,True
4895,Algebra,Factorizacion,Algebra,Factorizacion,13,True
4896,Algebra,Factorizacion,Algebra,Factorizacion,13,True
4897,Algebra,Factorizacion,Algebra,Factorizacion,13,True
4898,Algebra,Factorizacion,Algebra,Factorizacion,13,True
4899,Algebra,Factorizacion,Algebra,Factorizacion,13,True
4900,Algebra,Factorizacion,Algebra,Factorizacion,13,True
4901,Algebra,Factorizacion,Algebra,Factorizacion,13,True
4902,Algebra,Factorizacion,Algebra,Factorizacion,13,True
4903,Algebra,Factorizacion,Algebra,Factorizacion,13,True
4904,Algebra,Factorizacion,Algebra,Factorizacion,13,True
4905,Algebra,Factorizacion,Algebra,Factorizacion,13,True
4906,Algebra,Factorizacion,Algebra,Factorizacion,13,True
4907,Algebra,Factorizacion,Algebra,Factorizacion,13,True
4908,Algebra,Factorizacion,Algebra,Factorizacion,13,True
4909,Algebra,Factorizacion,Algebra,Factorizacion,13,True
4910,Algebra,Factorizacion,Algebra,Factorizacion,13,True
4911,Algebra,Factorizacion,Algebra,Factorizacion,13,True
4912,Algebra,Factorizacion,Algebra,Factorizacion,13,True
4913,Algebra,Factorizacion,Algebra,Factorizacion,13,True
4914,Algebra,Factorizacion,Algebra,Factorizacion,13,True
4915,Algebra,Factorizacion,Algebra,Factorizacion,13,True
4916,Algebra,Factorizacion,Algebra,Factorizacion,13,True
4917,Algebra,Factorizacion,Algebra,Factorizacion,13,True
4918,Algebra,Factorizacion,Algebra,Factorizacion,13,True
4919,Algebra,Factorizacion,Algebra,Factorizacion,13,True
4920,Algebra,Factorizacion,Algebra,Factorizacion,13,True
4921,Algebra,Factorizacion,Algebra,Factorizacion,13,True
4922,Algebra,Factorizacion,Algebra,Factorizacion,13,True
4923,Algebra,Factorizacion,Algebra,Factorizacion,13,True
4924,Algebra,Factorizacion,Algebra,Factorizacion,13,True
4925,Algebra,Factorizacion,Algebra,Factorizacion,13,True
4926,Algebra,Factorizacion,Algebra,Factorizacion,13,True
4927,Algebra,Factorizacion,Algebra,Factorizacion,13,True
4928,Algebra,Factorizacion,Algebra,Factorizacion,13,True
4929,Algebra,Factorizacion,Algebra,Factorizacion,13,True
4930,Algebra,Factorizacion,Algebra,Factorizacion,13,True
4931,Algebra,Factorizacion,Algebra,Factorizacion,13,True
4932,Algebra,Factorizacion,Algebra,Factorizacion,13,True
4933,Algebra,Factorizacion,Algebra,Factorizacion,13,True
4934,Algebra,Factorizacion,Algebra,Factorizacion,13,True
4935,Algebra,Factorizacion,Algebra,Factorizacion,13,True
4936,Algebra,Factorizacion,Algebra,Factorizacion,13,True
4937,Algebra,Factorizacion,Algebra,Factorizacion,13,True
4938,Algebra,Factorizacion,Algebra,Factorizacion,13,True
4939,Algebra,Factorizacion,Algebra,Factorizacion,13,True
4940,Algebra,Factorizacion,Algebra,Factorizacion,13,True
4941,Algebra,Factorizacion,Algebra,Factorizacion,13,True
4942,Algebra,Factorizacion,Algebra,Factorizacion,13,True
4943,Algebra,Factorizacion,Algebra,Factorizacion,13,True
4944,Algebra,Factorizacion,Algebra,Factorizacion,13,True
4945,Algebra,Factorizacion,Algebra,Factorizacion,13,True
4946,Algebra,Factorizacion,Algebra,Factorizacion,13,True
4947,Algebra,Factorizacion,Algebra,Factorizacion,13,True
4948,Algebra,Factorizacion,Algebra,Factorizacion,13,True
4949,Algebra,Factorizacion,Algebra,Factorizacion,13,True
4950,Algebra,Factorizacion,Algebra,Factorizacion,13,True
4951,Algebra,Factorizacion,Algebra,Factorizacion,13,True
4952,Algebra,Factorizacion,Algebra,Factorizacion,13,True
4953,Algebra,Factorizacion,Algebra,Factorizacion,13,True
4954,Algebra,Factorizacion,Algebra,Factorizacion,13,True
4955,Algebra,Factorizacion,Algebra,Factorizacion,13,True
4956,Algebra,Factorizacion,Algebra,Factorizacion,13,True
4957,Algebra,Factorizacion,Algebra,Factorizacion,13,True
4958,Algebra,Factorizacion,Algebra,Factorizacion,13,True
4959,Algebra,Factorizacion,Algebra,Factorizacion,13,True
4960,Algebra,Factorizacion,Algebra,Factorizacion,13,True
4961,Algebra,Factorizacion,Algebra,Factorizacion,13,True
4962,Algebra,Factorizacion,Algebra,Factorizacion,13,True
4963,Algebra,Factorizacion,Algebra,Factorizacion,13,True
4964,Algebra,Factorizacion,Algebra,Factorizacion,13,True
4965,Algebra,Factorizacion,Algebra,Factorizacion,13,True
4966,Algebra,Factorizacion,Algebra,Factorizacion,13,True
4967,Algebra,Factorizacion,Algebra,Factorizacion,13,True
4968,Algebra,Factorizacion,Algebra,Factorizacion,13,True
4969,Algebra,Factorizacion,Algebra,Factorizacion,13,True
4970,Algebra,Factorizacion,Algebra,Factorizacion,13,True
4971,Algebra,Factorizacion,Algebra,Factorizacion,13,True
4972,Algebra,Factorizacion,Algebra,Factorizacion,13,True
4973,Algebra,Factorizacion,Algebra,Factorizacion,13,True
4974,Algebra,Factorizacion,Algebra,Factorizacion,13,True
4975,Algebra,Factorizacion,Algebra,Factorizacion,13,True
4976,Algebra,Factorizacion,Algebra,Factorizacion,13,True
4977,Algebra,Factorizacion,Algebra,Factorizacion,13,True
4978,Algebra,Factorización,Algebra,Factorizacion,13,True
4979,Algebra,Factorizacion,Algebra,Factorizacion,13,True
4980,Algebra,Factorizacion,Algebra,Factorizacion,13,True
4981,Algebra,Factorizacion,Algebra,Factorizacion,13,True
4982,Algebra,Factorizacion,Algebra,Factorizacion,13,True
4983,Algebra,Factorizacion,Algebra,Factorizacion,13,True
4984,Algebra,Factorizacion,Algebra,Factorizacion,13,True
4985,Algebra,Factorizacion,Algebra,Factorizacion,13,True
4986,Algebra,Factorizacion,Algebra,Factorizacion,13,True
4987,Algebra,Factorizacion,Algebra,Factorizacion,13,True
4988,Algebra,Factorizacion,Algebra,Factorizacion,13,True
4989,Algebra,Factorizacion,Algebra,Factorizacion,13,True
4990,Algebra,Factorización,Algebra,Factorizacion,13,True
4991,Algebra,Factorizacion,Algebra,Factorizacion,13,True
4992,Algebra,Factorizacion,Algebra,Factorizacion,13,True
4993,Algebra,Factorizacion,Algebra,Factorizacion,13,True
4994,Algebra,Factorizacion,Algebra,Factorizacion,13,True
4995,Algebra,Factorizacion,Algebra,Factorizacion,13,True
4996,Algebra,Factorizacion,Algebra,Factorizacion,13,True
4997,Algebra,Factorizacion,Algebra,Factorizacion,13,True
4998,Algebra,Factorizacion,Algebra,Factorizacion,13,True
4999,Algebra,Factorizacion,Algebra,Factorizacion,13,True
5000,Algebra,Factorizacion,Algebra,Factorizacion,13,True
5001,Algebra,Factorización,Algebra,Factorizacion,13,True
5002,Algebra,Factorizacion,Algebra,Factorizacion,13,True
5003,Algebra,Factorizacion,Algebra,Factorizacion,13,True
5004,Algebra,Factorización,Algebra,Factorizacion,13,True
5005,Algebra,Factorizacion,Algebra,Factorizacion,13,True
5006,Algebra,Factorizacion,Algebra,Factorizacion,13,True
5007,Algebra,Factorización,Algebra,Factorizacion,13,True
5008,Algebra,Factorización,Algebra,Factorizacion,13,True
5009,Algebra,Factorizacion,Algebra,Factorizacion,13,True
5010,Algebra,Factorizacion,Algebra,Factorizacion,13,True
5011,Algebra,Factorización,Algebra,Factorizacion,13,True
5012,Algebra,Factorizacion,Algebra,Factorizacion,13,True
5013,Algebra,Factorizacion,Algebra,Factorizacion,13,True
5014,Algebra,Factorizacion,Algebra,Factorizacion,13,True
5015,Algebra,Factorizacion,Algebra,Factorizacion,13,True
5016,Algebra,Factorización,Algebra,Factorizacion,13,True
5017,Algebra,Factorizacion,Algebra,Factorizacion,13,True
5018,Algebra,Factorizacion,Algebra,Factorizacion,13,True
5019,Algebra,Factorizacion,Algebra,Factorizacion,13,True
5020,Algebra,Factorizacion,Algebra,Factorizacion,13,True
5021,Algebra,Factorizacion,Algebra,Factorizacion,13,True
5022,Algebra,Factorizacion,Algebra,Factorizacion,13,True
5023,Algebra,Factorizacion,Algebra,Factorizacion,13,True
5024,Algebra,Factorizacion,Algebra,Factorizacion,13,True
5025,Algebra,Factorizacion,Algebra,Factorizacion,13,True
5026,Algebra,Factorizacion,Algebra,Factorizacion,13,True
5027,Algebra,Factorizacion,Algebra,Factorizacion,13,True
5028,Algebra,Factorizacion,Algebra,Factorizacion,13,True
5029,Algebra,Factorizacion,Algebra,Factorizacion,13,True
5030,Algebra,Factorizacion,Algebra,Factorizacion,13,True
5031,Algebra,Factorizacion,Algebra,Factorizacion,13,True
5032,Algebra,Factorizacion,Algebra,Factorizacion,13,True
5033,Algebra,Factorizacion,Algebra,Factorizacion,13,True
5034,Algebra,Factorizacion,Algebra,Factorizacion,13,True
5035,Algebra,Factorizacion,Algebra,Factorizacion,13,True
5036,Algebra,Factorizacion,Algebra,Factorizacion,13,True
5037,Algebra,Factorizacion,Algebra,Factorizacion,13,True
5038,Algebra,Factorizacion,Algebra,Factorizacion,13,True
5039,Algebra,Factorizacion,Algebra,Factorizacion,13,True
5040,Algebra,Factorizacion,Algebra,Factorizacion,13,True
5041,Algebra,Factorizacion,Algebra,Factorizacion,13,True
5042,Algebra,Factorizacion,Algebra,Factorizacion,13,True
5043,Algebra,Factorizacion,Algebra,Factorizacion,13,True
5044,Algebra,Factorizacion,Algebra,Factorizacion,13,True
5045,Algebra,Factorizacion,Algebra,Factorizacion,13,True
5046,Algebra,Factorización,Algebra,Factorizacion,13,True
5047,Algebra,Factorizacion,Algebra,Factorizacion,13,True
5048,Algebra,Factorizacion,Algebra,Factorizacion,13,True
5049,Algebra,Factorizacion,Algebra,Factorizacion,13,True
5050,Algebra,Factorizacion,Algebra,Factorizacion,13,True
5051,Algebra,Factorización,Algebra,Factorizacion,13,True
5052,Algebra,Factorizacion,Algebra,Factorizacion,13,True
5053,Algebra,Factorizacion,Algebra,Factorizacion,13,True
5054,Algebra,Factorizacion,Algebra,Factorizacion,13,True
5055,Algebra,Factorización,Algebra,Factorizacion,13,True
5056,Algebra,Factorizacion,Algebra,Factorizacion,13,True
5057,Algebra,Factorizacion,Algebra,Factorizacion,13,True
5058,Algebra,Factorizacion,Algebra,Factorizacion,13,True
5059,Algebra,Factorizacion,Algebra,Factorizacion,13,True
5060,Algebra,Factorizacion,Algebra,Factorizacion,13,True
5061,Algebra,Factorizacion,Algebra,Factorizacion,13,True
5062,Algebra,Factorizacion,Algebra,Factorizacion,13,True
5063,Algebra,Factorizacion,Algebra,Factorizacion,13,True
5064,Algebra,Factorizacion,Algebra,Factorizacion,13,True
5065,Algebra,Factorizacion,Algebra,Factorizacion,13,True
5066,Algebra,Factorizacion,Algebra,Factorizacion,13,True
5067,Algebra,Factorización,Algebra,Factorizacion,13,True
5068,Algebra,Factorizacion,Algebra,Factorizacion,13,True
5069,Algebra,Factorizacion,Algebra,Factorizacion,13,True
5070,Algebra,Factorizacion,Algebra,Factorizacion,13,True
5071,Algebra,Factorizacion,Algebra,Factorizacion,13,True
5085,Geometria,Triangulos,Geometria,Triangulos,64,True
5086,Geometria,Clasificacion de Triangulos,Geometria,Clasificacion de Triangulos,46,True
5087,Geometria,Clasificacion de Triangulos,Geometria,Clasificacion de Triangulos,46,True
5088,Geometria,Desigualdades Geometricas,Geometria,Desigualdades Geometricas,50,True
5089,Geometria,Clasificacion de Triangulos,Geometria,Clasificacion de Triangulos,46,True
5090,Geometria,Desigualdades Geometricas,Geometria,Desigualdades Geometricas,50,True
5091,Geometria,Lineas Notables,Geometria,Lineas Notables,51,True
5092,Geometria,Desigualdades Geometricas,Geometria,Desigualdades Geometricas,50,True
5093,Geometria,Triangulos,Geometria,Triangulos,64,True
5094,Geometria,Triangulos,Geometria,Triangulos,64,True
5095,Geometria,Lineas Notables,Geometria,Lineas Notables,51,True
5096,Geometria,Clasificacion de Triangulos,Geometria,Clasificacion de Triangulos,46,True
5097,Geometria,Triangulos,Geometria,Triangulos,64,True
5098,Geometria,Triangulos,Geometria,Triangulos,64,True
5099,Algebra,Factorizacion,Algebra,Factorizacion,13,True
5100,Algebra,Factorizacion,Algebra,Factorizacion,13,True
5101,Algebra,Factorizacion,Algebra,Factorizacion,13,True
5102,Algebra,Factorizacion,Algebra,Factorizacion,13,True
5103,Algebra,Factorizacion,Algebra,Factorizacion,13,True
5104,Algebra,Factorizacion,Algebra,Factorizacion,13,True
5105,Algebra,Factorizacion,Algebra,Factorizacion,13,True
5106,Algebra,Factorizacion,Algebra,Factorizacion,13,True
5107,Algebra,Factorizacion,Algebra,Factorizacion,13,True
5108,Algebra,Factorizacion,Algebra,Factorizacion,13,True
5109,Algebra,Factorizacion,Algebra,Factorizacion,13,True
5110,Algebra,Factorizacion,Algebra,Factorizacion,13,True
5111,Algebra,Factorizacion,Algebra,Factorizacion,13,True
5112,Algebra,Factorizacion,Algebra,Factorizacion,13,True
5113,Algebra,Factorizacion,Algebra,Factorizacion,13,True
5114,Algebra,Factorizacion,Algebra,Factorizacion,13,True
5115,Algebra,Factorizacion,Algebra,Factorizacion,13,True
5116,Algebra,Factorizacion,Algebra,Factorizacion,13,True
5117,Algebra,Factorizacion,Algebra,Factorizacion,13,True
5118,Algebra,Factorizacion,Algebra,Factorizacion,13,True
5119,Algebra,Factorizacion,Algebra,Factorizacion,13,True
5120,Algebra,Factorizacion,Algebra,Factorizacion,13,True
5121,Algebra,Factorizacion,Algebra,Factorizacion,13,True
5122,Algebra,Factorizacion,Algebra,Factorizacion,13,True
5123,Algebra,Factorizacion,Algebra,Factorizacion,13,True
5124,Algebra,Factorizacion,Algebra,Factorizacion,13,True
5125,Algebra,Factorizacion,Algebra,Factorizacion,13,True
5126,Algebra,Factorizacion,Algebra,Factorizacion,13,True
5127,Algebra,Factorizacion,Algebra,Factorizacion,13,True
5128,Algebra,Factorizacion,Algebra,Factorizacion,13,True
5129,Algebra,Factorizacion,Algebra,Factorizacion,13,True
5130,Algebra,Factorizacion,Algebra,Factorizacion,13,True
5131,Algebra,Factorizacion,Algebra,Factorizacion,13,True
5132,Algebra,Factorizacion,Algebra,Factorizacion,13,True
5133,Algebra,Factorizacion,Algebra,Factorizacion,13,True
5134,Algebra,Factorizacion,Algebra,Factorizacion,13,True
5135,Algebra,Factorizacion,Algebra,Factorizacion,13,True
5136,Algebra,Factorizacion,Algebra,Factorizacion,13,True
5137,Algebra,Factorizacion,Algebra,Factorizacion,13,True
5138,Algebra,Factorizacion,Algebra,Factorizacion,13,True
5139,Algebra,Factorizacion,Algebra,Factorizacion,13,True
5140,Algebra,Factorizacion,Algebra,Factorizacion,13,True
5141,Algebra,Factorizacion,Algebra,Factorizacion,13,True
5142,Algebra,Factorizacion,Algebra,Factorizacion,13,True
5143,Algebra,Factorizacion,Algebra,Factorizacion,13,True
5144,Algebra,Factorizacion,Algebra,Factorizacion,13,True
5145,Algebra,Factorizacion,Algebra,Factorizacion,13,True
5146,Algebra,Factorizacion,Algebra,Factorizacion,13,True
5147,Algebra,Factorizacion,Algebra,Factorizacion,13,True
5148,Algebra,Factorizacion,Algebra,Factorizacion,13,True
5149,Algebra,Factorizacion,Algebra,Factorizacion,13,True
5150,Algebra,Factorizacion,Algebra,Factorizacion,13,True
5151,Algebra,Factorizacion,Algebra,Factorizacion,13,True
5152,Algebra,Factorizacion,Algebra,Factorizacion,13,True
5153,Algebra,Factorizacion,Algebra,Factorizacion,13,True
5154,Algebra,Factorizacion,Algebra,Factorizacion,13,True
5155,Algebra,Factorizacion,Algebra,Factorizacion,13,True
5156,Algebra,Factorizacion,Algebra,Factorizacion,13,True
5157,Algebra,Factorizacion,Algebra,Factorizacion,13,True
5158,Algebra,Factorizacion,Algebra,Factorizacion,13,True
5159,Algebra,Factorizacion,Algebra,Factorizacion,13,True
5160,Algebra,Factorizacion,Algebra,Factorizacion,13,True
5161,Algebra,Factorizacion,Algebra,Factorizacion,13,True
5162,Algebra,Factorizacion,Algebra,Factorizacion,13,True
5163,Algebra,Factorizacion,Algebra,Factorizacion,13,True
5164,Algebra,Factorizacion,Algebra,Factorizacion,13,True
5165,Algebra,Factorizacion,Algebra,Factorizacion,13,True
5166,Algebra,Factorizacion,Algebra,Factorizacion,13,True
5167,Algebra,Factorizacion,Algebra,Factorizacion,13,True
5168,Algebra,Factorizacion,Algebra,Factorizacion,13,True
5169,Algebra,Factorizacion,Algebra,Factorizacion,13,True
5170,Algebra,Factorizacion,Algebra,Factorizacion,13,True
5171,Algebra,Factorizacion,Algebra,Factorizacion,13,True
5172,Algebra,Factorizacion,Algebra,Factorizacion,13,True
5173,Algebra,Factorizacion,Algebra,Factorizacion,13,True
5174,Algebra,Factorizacion,Algebra,Factorizacion,13,True
5175,Algebra,Factorizacion,Algebra,Factorizacion,13,True
5176,Algebra,Factorizacion,Algebra,Factorizacion,13,True
5177,Algebra,Factorizacion,Algebra,Factorizacion,13,True
5178,Algebra,Factorizacion,Algebra,Factorizacion,13,True
5179,Algebra,Factorizacion,Algebra,Factorizacion,13,True
5180,Algebra,Factorizacion,Algebra,Factorizacion,13,True
5181,Algebra,Factorizacion,Algebra,Factorizacion,13,True
5182,Algebra,Factorizacion,Algebra,Factorizacion,13,True
5183,Algebra,Factorizacion,Algebra,Factorizacion,13,True
5184,Algebra,Factorizacion,Algebra,Factorizacion,13,True
5185,Algebra,Factorizacion,Algebra,Factorizacion,13,True
5186,Algebra,Factorizacion,Algebra,Factorizacion,13,True
5187,Algebra,Factorizacion,Algebra,Factorizacion,13,True
5188,Algebra,Factorizacion,Algebra,Factorizacion,13,True
5189,Algebra,Factorizacion,Algebra,Factorizacion,13,True
5190,Algebra,Factorizacion,Algebra,Factorizacion,13,True
5191,Algebra,Factorizacion,Algebra,Factorizacion,13,True
5192,Algebra,Factorizacion,Algebra,Factorizacion,13,True
5193,Algebra,Factorizacion,Algebra,Factorizacion,13,True
5194,Algebra,Factorizacion,Algebra,Factorizacion,13,True
5195,Algebra,Factorizacion,Algebra,Factorizacion,13,True
5196,Algebra,Factorizacion,Algebra,Factorizacion,13,True
5197,Algebra,Factorizacion,Algebra,Factorizacion,13,True
5198,Algebra,Factorizacion,Algebra,Factorizacion,13,True
5199,Algebra,Factorizacion,Algebra,Factorizacion,13,True
5200,Algebra,Factorizacion,Algebra,Factorizacion,13,True
5201,Algebra,Factorizacion,Algebra,Factorizacion,13,True
5202,Algebra,Factorizacion,Algebra,Factorizacion,13,True
5203,Algebra,Factorizacion,Algebra,Factorizacion,13,True
5204,Algebra,Factorizacion,Algebra,Factorizacion,13,True
5205,Algebra,Factorizacion,Algebra,Factorizacion,13,True
5206,Algebra,Factorizacion,Algebra,Factorizacion,13,True
5207,Algebra,Factorizacion,Algebra,Factorizacion,13,True
5208,Algebra,Factorizacion,Algebra,Factorizacion,13,True
5209,Algebra,Factorizacion,Algebra,Factorizacion,13,True
5210,Algebra,Factorizacion,Algebra,Factorizacion,13,True
5211,Algebra,Factorizacion,Algebra,Factorizacion,13,True
5212,Algebra,Factorizacion,Algebra,Factorizacion,13,True
5213,Algebra,Factorizacion,Algebra,Factorizacion,13,True
5214,Geometria,Congruencia de triangulos,Geometria,Congruencia de Triangulos,47,True
5215,Geometria,Congruencia de triangulos,Geometria,Congruencia de Triangulos,47,True
5216,Geometria,Congruencia de triangulos,Geometria,Congruencia de Triangulos,47,True
5217,Geometria,Congruencia de triangulos,Geometria,Congruencia de Triangulos,47,True
5218,Geometria,Congruencia de triangulos,Geometria,Congruencia de Triangulos,47,True
5219,Geometria,Congruencia de triangulos,Geometria,Congruencia de Triangulos,47,True
5220,Geometria,Congruencia de triangulos,Geometria,Congruencia de Triangulos,47,True
5221,Geometria,Congruencia de triangulos,Geometria,Congruencia de Triangulos,47,True
5222,Geometria,Congruencia de triangulos,Geometria,Congruencia de Triangulos,47,True
5223,Geometria,Congruencia de triangulos,Geometria,Congruencia de Triangulos,47,True
5224,Geometria,Congruencia de triangulos,Geometria,Congruencia de Triangulos,47,True
5225,Geometria,Congruencia de triangulos,Geometria,Congruencia de Triangulos,47,True
5226,Geometria,Congruencia de triangulos,Geometria,Congruencia de Triangulos,47,True
5227,Geometria,Congruencia de triangulos,Geometria,Congruencia de Triangulos,47,True
5228,Geometria,Congruencia de triangulos,Geometria,Congruencia de Triangulos,47,True
5229,Geometria,Congruencia de triangulos,Geometria,Congruencia de Triangulos,47,True
5230,Geometria,Congruencia de triangulos,Geometria,Congruencia de Triangulos,47,True
5231,Geometria,Congruencia de triangulos,Geometria,Congruencia de Triangulos,47,True
5232,Geometria,Congruencia de triangulos,Geometria,Congruencia de Triangulos,47,True
5233,Geometria,Congruencia de triangulos,Geometria,Congruencia de Triangulos,47,True
5234,Geometria,Congruencia de triangulos,Geometria,Congruencia de Triangulos,47,True
5235,Geometria,Congruencia de triangulos,Geometria,Congruencia de Triangulos,47,True
5236,Geometria,Congruencia de triangulos,Geometria,Congruencia de Triangulos,47,True
5237,Geometria,Congruencia de triangulos,Geometria,Congruencia de Triangulos,47,True
5238,Geometria,Congruencia de triangulos,Geometria,Congruencia de Triangulos,47,True
5239,Geometria,Congruencia de triangulos,Geometria,Congruencia de Triangulos,47,True
5240,Geometria,Congruencia de triangulos,Geometria,Congruencia de Triangulos,47,True
5241,Geometria,Congruencia de triangulos,Geometria,Congruencia de Triangulos,47,True
5242,Geometria,Congruencia de triangulos,Geometria,Congruencia de Triangulos,47,True
5243,Geometria,Congruencia de triangulos,Geometria,Congruencia de Triangulos,47,True
5244,Geometria,Congruencia de triangulos,Geometria,Congruencia de Triangulos,47,True
5245,Geometria,Congruencia de triangulos,Geometria,Congruencia de Triangulos,47,True
5246,Geometria,Congruencia de triangulos,Geometria,Congruencia de Triangulos,47,True
5247,Geometria,Congruencia de triangulos,Geometria,Congruencia de Triangulos,47,True
5248,Geometria,Congruencia de triangulos,Geometria,Congruencia de Triangulos,47,True
5249,Geometria,Congruencia de triangulos,Geometria,Congruencia de Triangulos,47,True
5250,Geometria,Congruencia de triangulos,Geometria,Congruencia de Triangulos,47,True
5251,Geometria,Congruencia de triangulos,Geometria,Congruencia de Triangulos,47,True
5252,Geometria,Congruencia de triangulos,Geometria,Congruencia de Triangulos,47,True
5253,Geometria,Congruencia de triangulos,Geometria,Congruencia de Triangulos,47,True
5254,Geometria,Congruencia de triangulos,Geometria,Congruencia de Triangulos,47,True
5255,Geometria,Congruencia de triangulos,Geometria,Congruencia de Triangulos,47,True
5256,Geometria,Congruencia de triangulos,Geometria,Congruencia de Triangulos,47,True
5257,Geometria,Congruencia de triangulos,Geometria,Congruencia de Triangulos,47,True
5258,Geometria,Congruencia de triangulos,Geometria,Congruencia de Triangulos,47,True
5259,Geometria,Congruencia de triangulos,Geometria,Congruencia de Triangulos,47,True
5260,Geometria,Congruencia de triangulos,Geometria,Congruencia de Triangulos,47,True
5261,Geometria,Congruencia de triangulos,Geometria,Congruencia de Triangulos,47,True
5262,Geometria,Congruencia de triangulos,Geometria,Congruencia de Triangulos,47,True
5263,Geometria,Congruencia de triangulos,Geometria,Congruencia de Triangulos,47,True
5264,Geometria,Congruencia de triangulos,Geometria,Congruencia de Triangulos,47,True
5265,Geometria,Congruencia de triangulos,Geometria,Congruencia de Triangulos,47,True
5266,Geometria,Congruencia de triangulos,Geometria,Congruencia de Triangulos,47,True
5267,Geometria,Congruencia de triangulos,Geometria,Congruencia de Triangulos,47,True
5268,Geometria,Congruencia de triangulos,Geometria,Congruencia de Triangulos,47,True
5269,Geometria,Congruencia de triangulos,Geometria,Congruencia de Triangulos,47,True
5270,Geometria,Congruencia de triangulos,Geometria,Congruencia de Triangulos,47,True
5271,Geometria,Congruencia de triangulos,Geometria,Congruencia de Triangulos,47,True
5272,Geometria,Congruencia de triangulos,Geometria,Congruencia de Triangulos,47,True
5273,Geometria,Congruencia de triangulos,Geometria,Congruencia de Triangulos,47,True
5274,Geometria,Congruencia de triangulos,Geometria,Congruencia de Triangulos,47,True
5275,Geometria,Congruencia de triangulos,Geometria,Congruencia de Triangulos,47,True
5276,Geometria,Congruencia de triangulos,Geometria,Congruencia de Triangulos,47,True
5277,Geometria,Congruencia de triangulos,Geometria,Congruencia de Triangulos,47,True
5278,Geometria,Congruencia de triangulos,Geometria,Congruencia de Triangulos,47,True
5279,Geometria,Congruencia de triangulos,Geometria,Congruencia de Triangulos,47,True
5280,Geometria,Congruencia de triangulos,Geometria,Congruencia de Triangulos,47,True
5281,Geometria,Congruencia de triangulos,Geometria,Congruencia de Triangulos,47,True
5282,Geometria,Congruencia de triangulos,Geometria,Congruencia de Triangulos,47,True
5283,Geometria,Congruencia de triangulos,Geometria,Congruencia de Triangulos,47,True
5284,Geometria,Congruencia de triangulos,Geometria,Congruencia de Triangulos,47,True
5285,Geometria,Congruencia de triangulos,Geometria,Congruencia de Triangulos,47,True
5286,Geometria,Congruencia de triangulos,Geometria,Congruencia de Triangulos,47,True
5287,Geometria,Congruencia de triangulos,Geometria,Congruencia de Triangulos,47,True
5288,Geometria,Congruencia de triangulos,Geometria,Congruencia de Triangulos,47,True
5289,Geometria,Congruencia de triangulos,Geometria,Congruencia de Triangulos,47,True
5290,Geometria,Congruencia de triangulos,Geometria,Congruencia de Triangulos,47,True
5291,Geometria,Congruencia de triangulos,Geometria,Congruencia de Triangulos,47,True
5292,Geometria,Congruencia de triangulos,Geometria,Congruencia de Triangulos,47,True
5293,Geometria,Congruencia de triangulos,Geometria,Congruencia de Triangulos,47,True
5294,Geometria,Congruencia de triangulos,Geometria,Congruencia de Triangulos,47,True
5295,Geometria,Congruencia de triangulos,Geometria,Congruencia de Triangulos,47,True
5296,Geometria,Congruencia de triangulos,Geometria,Congruencia de Triangulos,47,True
5297,Geometria,Congruencia de triangulos,Geometria,Congruencia de Triangulos,47,True
5298,Geometria,Congruencia de triangulos,Geometria,Congruencia de Triangulos,47,True
5299,Geometria,Congruencia de triangulos,Geometria,Congruencia de Triangulos,47,True
5300,Geometria,Congruencia de triangulos,Geometria,Congruencia de Triangulos,47,True
5301,Geometria,Congruencia de triangulos,Geometria,Congruencia de Triangulos,47,True
5302,Geometria,Congruencia de triangulos,Geometria,Congruencia de Triangulos,47,True
5303,Geometria,Congruencia de triangulos,Geometria,Congruencia de Triangulos,47,True
5304,Geometria,Congruencia de triangulos,Geometria,Congruencia de Triangulos,47,True
5305,Geometria,Congruencia de triangulos,Geometria,Congruencia de Triangulos,47,True
5306,Geometria,Congruencia de triangulos,Geometria,Congruencia de Triangulos,47,True
5307,Geometria,Congruencia de triangulos,Geometria,Congruencia de Triangulos,47,True
5308,Geometria,Congruencia de triangulos,Geometria,Congruencia de Triangulos,47,True
5309,Geometria,Congruencia de triangulos,Geometria,Congruencia de Triangulos,47,True
5310,Geometria,Congruencia de triangulos,Geometria,Congruencia de Triangulos,47,True
5311,Geometria,Congruencia de triangulos,Geometria,Congruencia de Triangulos,47,True
5312,Geometria,Congruencia de triangulos,Geometria,Congruencia de Triangulos,47,True
5313,Geometria,Congruencia de triangulos,Geometria,Congruencia de Triangulos,47,True
5314,Geometria,Congruencia de triangulos,Geometria,Congruencia de Triangulos,47,True
5315,Geometria,Congruencia de triangulos,Geometria,Congruencia de Triangulos,47,True
5316,Geometria,Congruencia de triangulos,Geometria,Congruencia de Triangulos,47,True
5317,Geometria,Congruencia de triangulos,Geometria,Congruencia de Triangulos,47,True
5318,Geometria,Congruencia de triangulos,Geometria,Congruencia de Triangulos,47,True
5319,Geometria,Congruencia de triangulos,Geometria,Congruencia de Triangulos,47,True
5320,Geometria,Congruencia de triangulos,Geometria,Congruencia de Triangulos,47,True
5321,Geometria,Congruencia de triangulos,Geometria,Congruencia de Triangulos,47,True
5322,Geometria,Congruencia de triangulos,Geometria,Congruencia de Triangulos,47,True
5323,Geometria,Congruencia de triangulos,Geometria,Congruencia de Triangulos,47,True
5324,Geometria,Congruencia de triangulos,Geometria,Congruencia de Triangulos,47,True
5325,Geometria,Congruencia de triangulos,Geometria,Congruencia de Triangulos,47,True
5326,Geometria,Congruencia de triangulos,Geometria,Congruencia de Triangulos,47,True
5327,Geometria,Congruencia de triangulos,Geometria,Congruencia de Triangulos,47,True
5328,Geometria,Congruencia de triangulos,Geometria,Congruencia de Triangulos,47,True
5329,Geometria,Congruencia de triangulos,Geometria,Congruencia de Triangulos,47,True
5330,Geometria,Congruencia de triangulos,Geometria,Congruencia de Triangulos,47,True
5331,Geometria,Congruencia de triangulos,Geometria,Congruencia de Triangulos,47,True
5332,Geometria,Congruencia de triangulos,Geometria,Congruencia de Triangulos,47,True
5333,Geometria,Congruencia de triangulos,Geometria,Congruencia de Triangulos,47,True
5334,Geometria,Congruencia de triangulos,Geometria,Congruencia de Triangulos,47,True
5335,Geometria,Congruencia de triangulos,Geometria,Congruencia de Triangulos,47,True
5336,Geometria,Congruencia de triangulos,Geometria,Congruencia de Triangulos,47,True
5337,Geometria,Congruencia de triangulos,Geometria,Congruencia de Triangulos,47,True
5338,Geometria,Congruencia de triangulos,Geometria,Congruencia de Triangulos,47,True
5339,Geometria,Congruencia de triangulos,Geometria,Congruencia de Triangulos,47,True
5340,Geometria,Congruencia de triangulos,Geometria,Congruencia de Triangulos,47,True
5341,Geometria,Congruencia de triangulos,Geometria,Congruencia de Triangulos,47,True
5342,Geometria,Congruencia de triangulos,Geometria,Congruencia de Triangulos,47,True
5343,Geometria,Congruencia de triangulos,Geometria,Congruencia de Triangulos,47,True
5344,Geometria,Congruencia de triangulos,Geometria,Congruencia de Triangulos,47,True
5345,Geometria,Congruencia de triangulos,Geometria,Congruencia de Triangulos,47,True
5346,Geometria,Congruencia de triangulos,Geometria,Congruencia de Triangulos,47,True
5347,Geometria,Congruencia de triangulos,Geometria,Congruencia de Triangulos,47,True
5348,Geometria,Congruencia de triangulos,Geometria,Congruencia de Triangulos,47,True
5349,Geometria,Congruencia de triangulos,Geometria,Congruencia de Triangulos,47,True
5350,Geometria,Congruencia de triangulos,Geometria,Congruencia de Triangulos,47,True
5351,Geometria,Congruencia de triangulos,Geometria,Congruencia de Triangulos,47,True
5352,Geometria,Congruencia de triangulos,Geometria,Congruencia de Triangulos,47,True
5353,Geometria,Congruencia de triangulos,Geometria,Congruencia de Triangulos,47,True
5354,Geometria,Congruencia de triangulos,Geometria,Congruencia de Triangulos,47,True
5355,Geometria,Congruencia de triangulos,Geometria,Congruencia de Triangulos,47,True
5356,Geometria,Congruencia de triangulos,Geometria,Congruencia de Triangulos,47,True
5357,Geometria,Congruencia de triangulos,Geometria,Congruencia de Triangulos,47,True
5358,Geometria,Congruencia de triangulos,Geometria,Congruencia de Triangulos,47,True
5359,Geometria,Congruencia de triangulos,Geometria,Congruencia de Triangulos,47,True
5360,Geometria,Congruencia de triangulos,Geometria,Congruencia de Triangulos,47,True
5361,Geometria,Congruencia de triangulos,Geometria,Congruencia de Triangulos,47,True
5362,Geometria,Congruencia de triangulos,Geometria,Congruencia de Triangulos,47,True
5363,Geometria,Congruencia de triangulos,Geometria,Congruencia de Triangulos,47,True
5364,Geometria,Congruencia de triangulos,Geometria,Congruencia de Triangulos,47,True
5365,Geometria,Congruencia de triangulos,Geometria,Congruencia de Triangulos,47,True
5366,Geometria,Congruencia de triangulos,Geometria,Congruencia de Triangulos,47,True
5367,Geometria,Congruencia de triangulos,Geometria,Congruencia de Triangulos,47,True
5368,Geometria,Congruencia de triangulos,Geometria,Congruencia de Triangulos,47,True
5369,Geometria,Congruencia de triangulos,Geometria,Congruencia de Triangulos,47,True
5370,Geometria,Congruencia de triangulos,Geometria,Congruencia de Triangulos,47,True
5371,Geometria,Congruencia de triangulos,Geometria,Congruencia de Triangulos,47,True
5372,Geometria,Congruencia de triangulos,Geometria,Congruencia de Triangulos,47,True
5373,Geometria,Congruencia de triangulos,Geometria,Congruencia de Triangulos,47,True
5374,Geometria,Congruencia de triangulos,Geometria,Congruencia de Triangulos,47,True
5375,Geometria,Congruencia de triangulos,Geometria,Congruencia de Triangulos,47,True
5376,Geometria,Congruencia de triangulos,Geometria,Congruencia de Triangulos,47,True
5377,Geometria,Congruencia de triangulos,Geometria,Congruencia de Triangulos,47,True
5378,Geometria,Congruencia de triangulos,Geometria,Congruencia de Triangulos,47,True
5379,Geometria,Congruencia de triangulos,Geometria,Congruencia de Triangulos,47,True
5380,Geometria,Congruencia de triangulos,Geometria,Congruencia de Triangulos,47,True
5381,Geometria,Congruencia de triangulos,Geometria,Congruencia de Triangulos,47,True
5382,Geometria,Congruencia de triangulos,Geometria,Congruencia de Triangulos,47,True
5383,Geometria,Congruencia de triangulos,Geometria,Congruencia de Triangulos,47,True
5384,Geometria,Congruencia de triangulos,Geometria,Congruencia de Triangulos,47,True
5385,Geometria,Congruencia de triangulos,Geometria,Congruencia de Triangulos,47,True
5386,Geometria,Congruencia de triangulos,Geometria,Congruencia de Triangulos,47,True
5387,Geometria,Congruencia de triangulos,Geometria,Congruencia de Triangulos,47,True
5388,Geometria,Congruencia de triangulos,Geometria,Congruencia de Triangulos,47,True
5389,Geometria,Congruencia de triangulos,Geometria,Congruencia de Triangulos,47,True
5390,Geometria,Congruencia de triangulos,Geometria,Congruencia de Triangulos,47,True
5391,Geometria,Congruencia de triangulos,Geometria,Congruencia de Triangulos,47,True
5392,Geometria,Congruencia de triangulos,Geometria,Congruencia de Triangulos,47,True
5393,Geometria,Congruencia de triangulos,Geometria,Congruencia de Triangulos,47,True
5394,Geometria,Congruencia de triangulos,Geometria,Congruencia de Triangulos,47,True
5395,Geometria,Congruencia de triangulos,Geometria,Congruencia de Triangulos,47,True
5396,Geometria,Congruencia de triangulos,Geometria,Congruencia de Triangulos,47,True
5397,Geometria,Congruencia de triangulos,Geometria,Congruencia de Triangulos,47,True
5398,Geometria,Congruencia de triangulos,Geometria,Congruencia de Triangulos,47,True
5399,Geometria,Congruencia de triangulos,Geometria,Congruencia de Triangulos,47,True
5400,Geometria,Congruencia de triangulos,Geometria,Congruencia de Triangulos,47,True
5401,Geometria,Congruencia de triangulos,Geometria,Congruencia de Triangulos,47,True
5402,Geometria,Congruencia de triangulos,Geometria,Congruencia de Triangulos,47,True
5403,Geometria,Congruencia de triangulos,Geometria,Congruencia de Triangulos,47,True
5404,Geometria,Congruencia de triangulos,Geometria,Congruencia de Triangulos,47,True
5405,Geometria,Congruencia de triangulos,Geometria,Congruencia de Triangulos,47,True
5406,Geometria,Congruencia de triangulos,Geometria,Congruencia de Triangulos,47,True
5407,Geometria,Congruencia de triangulos,Geometria,Congruencia de Triangulos,47,True
5408,Geometria,Congruencia de triangulos,Geometria,Congruencia de Triangulos,47,True
5409,Geometria,Congruencia de triangulos,Geometria,Congruencia de Triangulos,47,True
5410,Geometria,Congruencia de triangulos,Geometria,Congruencia de Triangulos,47,True
5411,Geometria,Congruencia de triangulos,Geometria,Congruencia de Triangulos,47,True
5412,Geometria,Congruencia de triangulos,Geometria,Congruencia de Triangulos,47,True
5413,Geometria,Congruencia de triangulos,Geometria,Congruencia de Triangulos,47,True
5414,Geometria,Congruencia de triangulos,Geometria,Congruencia de Triangulos,47,True
5415,Geometria,Congruencia de triangulos,Geometria,Congruencia de Triangulos,47,True
5416,Geometria,Congruencia de triangulos,Geometria,Congruencia de Triangulos,47,True
5417,Geometria,Congruencia de triangulos,Geometria,Congruencia de Triangulos,47,True
5418,Geometria,Congruencia de triangulos,Geometria,Congruencia de Triangulos,47,True
5419,Geometria,Congruencia de triangulos,Geometria,Congruencia de Triangulos,47,True
5420,Geometria,Congruencia de triangulos,Geometria,Congruencia de Triangulos,47,True
5421,Geometria,Congruencia de triangulos,Geometria,Congruencia de Triangulos,47,True
5422,Geometria,Congruencia de triangulos,Geometria,Congruencia de Triangulos,47,True
5423,Geometria,Congruencia de triangulos,Geometria,Congruencia de Triangulos,47,True
5424,Geometria,Congruencia de triangulos,Geometria,Congruencia de Triangulos,47,True
5425,Geometria,Congruencia de triangulos,Geometria,Congruencia de Triangulos,47,True
5426,Geometria,Congruencia de triangulos,Geometria,Congruencia de Triangulos,47,True
5427,Geometria,Congruencia de triangulos,Geometria,Congruencia de Triangulos,47,True
5428,Geometria,Congruencia de triangulos,Geometria,Congruencia de Triangulos,47,True
5429,Geometria,Congruencia de triangulos,Geometria,Congruencia de Triangulos,47,True
5430,Geometria,Congruencia de triangulos,Geometria,Congruencia de Triangulos,47,True
5431,Geometria,Congruencia de triangulos,Geometria,Congruencia de Triangulos,47,True
5432,Geometria,Congruencia de triangulos,Geometria,Congruencia de Triangulos,47,True
5433,Geometria,Congruencia de triangulos,Geometria,Congruencia de Triangulos,47,True
5434,Geometria,Congruencia de triangulos,Geometria,Congruencia de Triangulos,47,True
5435,Geometria,Congruencia de triangulos,Geometria,Congruencia de Triangulos,47,True
5436,Geometria,Congruencia de triangulos,Geometria,Congruencia de Triangulos,47,True
5437,Geometria,Congruencia de triangulos,Geometria,Congruencia de Triangulos,47,True
5438,Geometria,Congruencia de triangulos,Geometria,Congruencia de Triangulos,47,True
5439,Geometria,Congruencia de triangulos,Geometria,Congruencia de Triangulos,47,True
5440,Geometria,Congruencia de triangulos,Geometria,Congruencia de Triangulos,47,True
5441,Geometria,Congruencia de triangulos,Geometria,Congruencia de Triangulos,47,True
5442,Geometria,Congruencia de triangulos,Geometria,Congruencia de Triangulos,47,True
5443,Geometria,Congruencia de triangulos,Geometria,Congruencia de Triangulos,47,True
5444,Geometria,Congruencia de triangulos,Geometria,Congruencia de Triangulos,47,True
5445,Geometria,Congruencia de triangulos,Geometria,Congruencia de Triangulos,47,True
5446,Geometria,Congruencia de triangulos,Geometria,Congruencia de Triangulos,47,True
5447,Geometria,Congruencia de triangulos,Geometria,Congruencia de Triangulos,47,True
5448,Geometria,Congruencia de triangulos,Geometria,Congruencia de Triangulos,47,True
5449,Geometria,Congruencia de triangulos,Geometria,Congruencia de Triangulos,47,True
5450,Geometria,Congruencia de triangulos,Geometria,Congruencia de Triangulos,47,True
5451,Geometria,Congruencia de triangulos,Geometria,Congruencia de Triangulos,47,True
5452,Geometria,Congruencia de triangulos,Geometria,Congruencia de Triangulos,47,True
5453,Geometria,Congruencia de triangulos,Geometria,Congruencia de Triangulos,47,True
5454,Geometria,Congruencia de triangulos,Geometria,Congruencia de Triangulos,47,True
5455,Geometria,Congruencia de triangulos,Geometria,Congruencia de Triangulos,47,True
5456,Geometria,Congruencia de triangulos,Geometria,Congruencia de Triangulos,47,True
5457,Geometria,Congruencia de triangulos,Geometria,Congruencia de Triangulos,47,True
5458,Geometria,Congruencia de triangulos,Geometria,Congruencia de Triangulos,47,True
5459,Geometria,Congruencia de triangulos,Geometria,Congruencia de Triangulos,47,True
5460,Geometria,Congruencia de triangulos,Geometria,Congruencia de Triangulos,47,True
5461,Geometria,Congruencia de triangulos,Geometria,Congruencia de Triangulos,47,True
5462,Geometria,Congruencia de triangulos,Geometria,Congruencia de Triangulos,47,True
5463,Geometria,Congruencia de triangulos,Geometria,Congruencia de Triangulos,47,True
5464,Geometria,Congruencia de triangulos,Geometria,Congruencia de Triangulos,47,True
5465,Geometria,Congruencia de triangulos,Geometria,Congruencia de Triangulos,47,True
5466,Geometria,Congruencia de triangulos,Geometria,Congruencia de Triangulos,47,True
5467,Geometria,Congruencia de triangulos,Geometria,Congruencia de Triangulos,47,True
5468,Geometria,Congruencia de triangulos,Geometria,Congruencia de Triangulos,47,True
5469,Geometria,Congruencia de triangulos,Geometria,Congruencia de Triangulos,47,True
5470,Geometria,Congruencia de triangulos,Geometria,Congruencia de Triangulos,47,True
5471,Geometria,Congruencia de triangulos,Geometria,Congruencia de Triangulos,47,True
5472,Geometria,Congruencia de triangulos,Geometria,Congruencia de Triangulos,47,True
5473,Geometria,Congruencia de triangulos,Geometria,Congruencia de Triangulos,47,True
5474,Geometria,Congruencia de triangulos,Geometria,Congruencia de Triangulos,47,True
5475,Geometria,Congruencia de triangulos,Geometria,Congruencia de Triangulos,47,True
5476,Geometria,Congruencia de triangulos,Geometria,Congruencia de Triangulos,47,True
5477,Geometria,Congruencia de triangulos,Geometria,Congruencia de Triangulos,47,True
5478,Geometria,Congruencia de triangulos,Geometria,Congruencia de Triangulos,47,True
5479,Geometria,Congruencia de triangulos,Geometria,Congruencia de Triangulos,47,True
5480,Geometria,Congruencia de triangulos,Geometria,Congruencia de Triangulos,47,True
5481,Geometria,Congruencia de triangulos,Geometria,Congruencia de Triangulos,47,True
5482,Geometria,Congruencia de triangulos,Geometria,Congruencia de Triangulos,47,True
5483,Geometria,Congruencia de triangulos,Geometria,Congruencia de Triangulos,47,True
5484,Geometria,Congruencia de triangulos,Geometria,Congruencia de Triangulos,47,True
5485,Geometria,Congruencia de triangulos,Geometria,Congruencia de Triangulos,47,True
5486,Geometria,Congruencia de triangulos,Geometria,Congruencia de Triangulos,47,True
5487,Geometria,Congruencia de triangulos,Geometria,Congruencia de Triangulos,47,True
5488,Geometria,Congruencia de triangulos,Geometria,Congruencia de Triangulos,47,True
5489,Geometria,Congruencia de triangulos,Geometria,Congruencia de Triangulos,47,True
5490,Geometria,Congruencia de triangulos,Geometria,Congruencia de Triangulos,47,True
5491,Geometria,Congruencia de triangulos,Geometria,Congruencia de Triangulos,47,True
5492,Geometria,Congruencia de triangulos,Geometria,Congruencia de Triangulos,47,True
5493,Geometria,Congruencia de triangulos,Geometria,Congruencia de Triangulos,47,True
5494,Geometria,Congruencia de triangulos,Geometria,Congruencia de Triangulos,47,True
5495,Geometria,Congruencia de triangulos,Geometria,Congruencia de Triangulos,47,True
5496,Geometria,Congruencia de triangulos,Geometria,Congruencia de Triangulos,47,True
5497,Geometria,Congruencia de triangulos,Geometria,Congruencia de Triangulos,47,True
5498,Geometria,Congruencia de triangulos,Geometria,Congruencia de Triangulos,47,True
5499,Geometria,Congruencia de triangulos,Geometria,Congruencia de Triangulos,47,True
5500,Geometria,Congruencia de triangulos,Geometria,Congruencia de Triangulos,47,True
5501,Geometria,Congruencia de triangulos,Geometria,Congruencia de Triangulos,47,True
5502,Geometria,Congruencia de triangulos,Geometria,Congruencia de Triangulos,47,True
5503,Geometria,Congruencia de triangulos,Geometria,Congruencia de Triangulos,47,True
5504,Geometria,Congruencia de triangulos,Geometria,Congruencia de Triangulos,47,True
5505,Geometria,Congruencia de triangulos,Geometria,Congruencia de Triangulos,47,True
5506,Geometria,Congruencia de triangulos,Geometria,Congruencia de Triangulos,47,True
5507,Geometria,Congruencia de triangulos,Geometria,Congruencia de Triangulos,47,True
5508,Geometria,Congruencia de triangulos,Geometria,Congruencia de Triangulos,47,True
5509,Geometria,Congruencia de triangulos,Geometria,Congruencia de Triangulos,47,True
5510,Geometria,Congruencia de triangulos,Geometria,Congruencia de Triangulos,47,True
5511,Geometria,Congruencia de triangulos,Geometria,Congruencia de Triangulos,47,True
5512,Geometria,Congruencia de triangulos,Geometria,Congruencia de Triangulos,47,True
5513,Geometria,Congruencia de triangulos,Geometria,Congruencia de Triangulos,47,True
5514,Geometria,Cuadrilateros,Geometria,Cuadrilateros,49,True
5515,Geometria,Cuadrilateros,Geometria,Cuadrilateros,49,True
5516,Geometria,Cuadrilateros,Geometria,Cuadrilateros,49,True
5517,Geometria,Cuadrilateros,Geometria,Cuadrilateros,49,True
5518,Geometria,Cuadrilateros,Geometria,Cuadrilateros,49,True
5519,Geometria,Cuadrilateros,Geometria,Cuadrilateros,49,True
5520,Geometria,Cuadrilateros,Geometria,Cuadrilateros,49,True
5521,Geometria,Cuadrilateros,Geometria,Cuadrilateros,49,True
5522,Geometria,Cuadrilateros,Geometria,Cuadrilateros,49,True
5523,Geometria,Cuadrilateros,Geometria,Cuadrilateros,49,True
5524,Geometria,Cuadrilateros,Geometria,Cuadrilateros,49,True
5525,Geometria,Cuadrilateros,Geometria,Cuadrilateros,49,True
5526,Geometria,Cuadrilateros,Geometria,Cuadrilateros,49,True
5527,Geometria,Cuadrilateros,Geometria,Cuadrilateros,49,True
5528,Geometria,Cuadrilateros,Geometria,Cuadrilateros,49,True
5529,Geometria,Cuadrilateros,Geometria,Cuadrilateros,49,True
5530,Geometria,Cuadrilateros,Geometria,Cuadrilateros,49,True
5531,Geometria,Cuadrilateros,Geometria,Cuadrilateros,49,True
5532,Geometria,Cuadrilateros,Geometria,Cuadrilateros,49,True
5533,Geometria,Cuadrilateros,Geometria,Cuadrilateros,49,True
5534,Geometria,Cuadrilateros,Geometria,Cuadrilateros,49,True
5535,Geometria,Cuadrilateros,Geometria,Cuadrilateros,49,True
5536,Geometria,Cuadrilateros,Geometria,Cuadrilateros,49,True
5537,Geometria,Cuadrilateros,Geometria,Cuadrilateros,49,True
5538,Geometria,Cuadrilateros,Geometria,Cuadrilateros,49,True
5539,Geometria,Cuadrilateros,Geometria,Cuadrilateros,49,True
5540,Geometria,Cuadrilateros,Geometria,Cuadrilateros,49,True
5541,Geometria,Cuadrilateros,Geometria,Cuadrilateros,49,True
5542,Geometria,Cuadrilateros,Geometria,Cuadrilateros,49,True
5543,Geometria,Cuadrilateros,Geometria,Cuadrilateros,49,True
5544,Geometria,Cuadrilateros,Geometria,Cuadrilateros,49,True
5545,Geometria,Cuadrilateros,Geometria,Cuadrilateros,49,True
5546,Geometria,Cuadrilateros,Geometria,Cuadrilateros,49,True
5547,Geometria,Cuadrilateros,Geometria,Cuadrilateros,49,True
5548,Geometria,Cuadrilateros,Geometria,Cuadrilateros,49,True
5549,Geometria,Cuadrilateros,Geometria,Cuadrilateros,49,True
5550,Geometria,Cuadrilateros,Geometria,Cuadrilateros,49,True
5551,Geometria,Cuadrilateros,Geometria,Cuadrilateros,49,True
5552,Geometria,Cuadrilateros,Geometria,Cuadrilateros,49,True
5553,Geometria,Cuadrilateros,Geometria,Cuadrilateros,49,True
5554,Geometria,Cuadrilateros,Geometria,Cuadrilateros,49,True
5555,Geometria,Cuadrilateros,Geometria,Cuadrilateros,49,True
5556,Geometria,Cuadrilateros,Geometria,Cuadrilateros,49,True
5557,Geometria,Cuadrilateros,Geometria,Cuadrilateros,49,True
5558,Geometria,Cuadrilateros,Geometria,Cuadrilateros,49,True
5559,Geometria,Cuadrilateros,Geometria,Cuadrilateros,49,True
5560,Geometria,Cuadrilateros,Geometria,Cuadrilateros,49,True
5561,Geometria,Cuadrilateros,Geometria,Cuadrilateros,49,True
5562,Geometria,Cuadrilateros,Geometria,Cuadrilateros,49,True
5563,Geometria,Cuadrilateros,Geometria,Cuadrilateros,49,True
5564,Geometria,Cuadrilateros,Geometria,Cuadrilateros,49,True
5565,Geometria,Cuadrilateros,Geometria,Cuadrilateros,49,True
5566,Geometria,Cuadrilateros,Geometria,Cuadrilateros,49,True
5567,Geometria,Cuadrilateros,Geometria,Cuadrilateros,49,True
5568,Geometria,Cuadrilateros,Geometria,Cuadrilateros,49,True
5569,Geometria,Cuadrilateros,Geometria,Cuadrilateros,49,True
5570,Geometria,Cuadrilateros,Geometria,Cuadrilateros,49,True
5571,Geometria,Cuadrilateros,Geometria,Cuadrilateros,49,True
5572,Geometria,Cuadrilateros,Geometria,Cuadrilateros,49,True
5573,Geometria,Cuadrilateros,Geometria,Cuadrilateros,49,True
5574,Geometria,Cuadrilateros,Geometria,Cuadrilateros,49,True
5575,Geometria,Cuadrilateros,Geometria,Cuadrilateros,49,True
5576,Geometria,Cuadrilateros,Geometria,Cuadrilateros,49,True
5577,Geometria,Cuadrilateros,Geometria,Cuadrilateros,49,True
5578,Geometria,Cuadrilateros,Geometria,Cuadrilateros,49,True
5579,Geometria,Cuadrilateros,Geometria,Cuadrilateros,49,True
5580,Geometria,Cuadrilateros,Geometria,Cuadrilateros,49,True
5581,Geometria,Cuadrilateros,Geometria,Cuadrilateros,49,True
5582,Geometria,Cuadrilateros,Geometria,Cuadrilateros,49,True
5583,Geometria,Cuadrilateros,Geometria,Cuadrilateros,49,True
5584,Geometria,Cuadrilateros,Geometria,Cuadrilateros,49,True
5585,Geometria,Cuadrilateros,Geometria,Cuadrilateros,49,True
5586,Geometria,Cuadrilateros,Geometria,Cuadrilateros,49,True
5587,Geometria,Cuadrilateros,Geometria,Cuadrilateros,49,True
5588,Geometria,Cuadrilateros,Geometria,Cuadrilateros,49,True
5589,Geometria,Cuadrilateros,Geometria,Cuadrilateros,49,True
5590,Geometria,Cuadrilateros,Geometria,Cuadrilateros,49,True
5591,Geometria,Cuadrilateros,Geometria,Cuadrilateros,49,True
5592,Geometria,Cuadrilateros,Geometria,Cuadrilateros,49,True
5593,Geometria,Cuadrilateros,Geometria,Cuadrilateros,49,True
5594,Geometria,Cuadrilateros,Geometria,Cuadrilateros,49,True
5595,Geometria,Cuadrilateros,Geometria,Cuadrilateros,49,True
5596,Geometria,Congruencia de triangulos,Geometria,Congruencia de Triangulos,47,True
5597,Geometria,Cuadrilateros,Geometria,Cuadrilateros,49,True
5598,Geometria,Cuadrilateros,Geometria,Cuadrilateros,49,True
5599,Geometria,Cuadrilateros,Geometria,Cuadrilateros,49,True
5600,Geometria,Cuadrilateros,Geometria,Cuadrilateros,49,True
5601,Geometria,Cuadrilateros,Geometria,Cuadrilateros,49,True
5602,Geometria,Cuadrilateros,Geometria,Cuadrilateros,49,True
5603,Geometria,Cuadrilateros,Geometria,Cuadrilateros,49,True
5604,Geometria,Cuadrilateros,Geometria,Cuadrilateros,49,True
5605,Geometria,Cuadrilateros,Geometria,Cuadrilateros,49,True
5606,Geometria,Cuadrilateros,Geometria,Cuadrilateros,49,True
5607,Geometria,Cuadrilateros,Geometria,Cuadrilateros,49,True
5608,Geometria,Cuadrilateros,Geometria,Cuadrilateros,49,True
5609,Geometria,Cuadrilateros,Geometria,Cuadrilateros,49,True
5610,Geometria,Cuadrilateros,Geometria,Cuadrilateros,49,True
5611,Geometria,Cuadrilateros,Geometria,Cuadrilateros,49,True
5612,Geometria,Cuadrilateros,Geometria,Cuadrilateros,49,True
5613,Geometria,Cuadrilateros,Geometria,Cuadrilateros,49,True
5614,Geometria,Cuadrilateros,Geometria,Cuadrilateros,49,True
5615,Geometria,Cuadrilateros,Geometria,Cuadrilateros,49,True
5616,Geometria,Cuadrilateros,Geometria,Cuadrilateros,49,True
5617,Geometria,Cuadrilateros,Geometria,Cuadrilateros,49,True
5618,Geometria,Cuadrilateros,Geometria,Cuadrilateros,49,True
5619,Geometria,Cuadrilateros,Geometria,Cuadrilateros,49,True
5620,Geometria,Cuadrilateros,Geometria,Cuadrilateros,49,True
5621,Geometria,Cuadrilateros,Geometria,Cuadrilateros,49,True
5622,Geometria,Cuadrilateros,Geometria,Cuadrilateros,49,True
5623,Geometria,Cuadrilateros,Geometria,Cuadrilateros,49,True
5624,Geometria,Cuadrilateros,Geometria,Cuadrilateros,49,True
5625,Geometria,Cuadrilateros,Geometria,Cuadrilateros,49,True
5626,Geometria,Cuadrilateros,Geometria,Cuadrilateros,49,True
5627,Geometria,Cuadrilateros,Geometria,Cuadrilateros,49,True
5628,Geometria,Cuadrilateros,Geometria,Cuadrilateros,49,True
5629,Geometria,Congruencia de triangulos,Geometria,Congruencia de Triangulos,47,True
5630,Geometria,Cuadrilateros,Geometria,Cuadrilateros,49,True
5631,Geometria,Cuadrilateros,Geometria,Cuadrilateros,49,True
5632,Geometria,Cuadrilateros,Geometria,Cuadrilateros,49,True
5633,Geometria,Cuadrilateros,Geometria,Cuadrilateros,49,True
5634,Geometria,Cuadrilateros,Geometria,Cuadrilateros,49,True
5635,Geometria,Cuadrilateros,Geometria,Cuadrilateros,49,True
5636,Geometria,Cuadrilateros,Geometria,Cuadrilateros,49,True
5637,Geometria,Cuadrilateros,Geometria,Cuadrilateros,49,True
5638,Geometria,Cuadrilateros,Geometria,Cuadrilateros,49,True
5639,Geometria,Cuadrilateros,Geometria,Cuadrilateros,49,True
5640,Geometria,Cuadrilateros,Geometria,Cuadrilateros,49,True
5641,Geometria,Cuadrilateros,Geometria,Cuadrilateros,49,True
5642,Geometria,Cuadrilateros,Geometria,Cuadrilateros,49,True
5643,Geometria,Cuadrilateros,Geometria,Cuadrilateros,49,True
5644,Geometria,Cuadrilateros,Geometria,Cuadrilateros,49,True
5645,Geometria,Cuadrilateros,Geometria,Cuadrilateros,49,True
5646,Geometria,Cuadrilateros,Geometria,Cuadrilateros,49,True
5647,Geometria,Cuadrilateros,Geometria,Cuadrilateros,49,True
5648,Geometria,Cuadrilateros,Geometria,Cuadrilateros,49,True
5649,Geometria,Cuadrilateros,Geometria,Cuadrilateros,49,True
5650,Geometria,Cuadrilateros,Geometria,Cuadrilateros,49,True
5651,Geometria,Cuadrilateros,Geometria,Cuadrilateros,49,True
5652,Geometria,Cuadrilateros,Geometria,Cuadrilateros,49,True
5653,Geometria,Cuadrilateros,Geometria,Cuadrilateros,49,True
5654,Geometria,Cuadrilateros,Geometria,Cuadrilateros,49,True
5655,Geometria,Congruencia de triangulos,Geometria,Congruencia de Triangulos,47,True
5656,Geometria,Cuadrilateros,Geometria,Cuadrilateros,49,True
5657,Geometria,Cuadrilateros,Geometria,Cuadrilateros,49,True
5658,Geometria,Cuadrilateros,Geometria,Cuadrilateros,49,True
5659,Geometria,Cuadrilateros,Geometria,Cuadrilateros,49,True
5660,Geometria,Cuadrilateros,Geometria,Cuadrilateros,49,True
5661,Geometria,Cuadrilateros,Geometria,Cuadrilateros,49,True
5662,Geometria,Cuadrilateros,Geometria,Cuadrilateros,49,True
5663,Geometria,Cuadrilateros,Geometria,Cuadrilateros,49,True
5664,Geometria,Cuadrilateros,Geometria,Cuadrilateros,49,True
5665,Geometria,Cuadrilateros,Geometria,Cuadrilateros,49,True
5666,Geometria,Cuadrilateros,Geometria,Cuadrilateros,49,True
5667,Geometria,Cuadrilateros,Geometria,Cuadrilateros,49,True
5668,Geometria,Cuadrilateros,Geometria,Cuadrilateros,49,True
5669,Geometria,Cuadrilateros,Geometria,Cuadrilateros,49,True
5670,Geometria,Cuadrilateros,Geometria,Cuadrilateros,49,True
5671,Geometria,Cuadrilateros,Geometria,Cuadrilateros,49,True
5672,Geometria,Cuadrilateros,Geometria,Cuadrilateros,49,True
5673,Geometria,Cuadrilateros,Geometria,Cuadrilateros,49,True
5674,Geometria,Cuadrilateros,Geometria,Cuadrilateros,49,True
5675,Geometria,Cuadrilateros,Geometria,Cuadrilateros,49,True
5676,Geometria,Cuadrilateros,Geometria,Cuadrilateros,49,True
5677,Geometria,Cuadrilateros,Geometria,Cuadrilateros,49,True
5678,Geometria,Cuadrilateros,Geometria,Cuadrilateros,49,True
5679,Geometria,Cuadrilateros,Geometria,Cuadrilateros,49,True
5680,Geometria,Cuadrilateros,Geometria,Cuadrilateros,49,True
5681,Geometria,Cuadrilateros,Geometria,Cuadrilateros,49,True
5682,Geometria,Cuadrilateros,Geometria,Cuadrilateros,49,True
5683,Geometria,Cuadrilateros,Geometria,Cuadrilateros,49,True
5684,Geometria,Cuadrilateros,Geometria,Cuadrilateros,49,True
5685,Geometria,Cuadrilateros,Geometria,Cuadrilateros,49,True
5686,Geometria,Cuadrilateros,Geometria,Cuadrilateros,49,True
5687,Geometria,Congruencia de triangulos,Geometria,Congruencia de Triangulos,47,True
5688,Geometria,Cuadrilateros,Geometria,Cuadrilateros,49,True
5689,Geometria,Cuadrilateros,Geometria,Cuadrilateros,49,True
5690,Geometria,Cuadrilateros,Geometria,Cuadrilateros,49,True
5691,Geometria,Cuadrilateros,Geometria,Cuadrilateros,49,True
5692,Geometria,Cuadrilateros,Geometria,Cuadrilateros,49,True
5693,Geometria,Cuadrilateros,Geometria,Cuadrilateros,49,True
5694,Geometria,Cuadrilateros,Geometria,Cuadrilateros,49,True
5695,Geometria,Cuadrilateros,Geometria,Cuadrilateros,49,True
5696,Geometria,Cuadrilateros,Geometria,Cuadrilateros,49,True
5697,Geometria,Cuadrilateros,Geometria,Cuadrilateros,49,True
5698,Geometria,Cuadrilateros,Geometria,Cuadrilateros,49,True
5699,Geometria,Cuadrilateros,Geometria,Cuadrilateros,49,True
5700,Geometria,Cuadrilateros,Geometria,Cuadrilateros,49,True
5701,Geometria,Cuadrilateros,Geometria,Cuadrilateros,49,True
5702,Geometria,Cuadrilateros,Geometria,Cuadrilateros,49,True
5703,Geometria,Congruencia de triangulos,Geometria,Congruencia de Triangulos,47,True
5704,Geometria,Cuadrilateros,Geometria,Cuadrilateros,49,True
5705,Geometria,Congruencia de triangulos,Geometria,Congruencia de Triangulos,47,True
5706,Geometria,Congruencia de triangulos,Geometria,Congruencia de Triangulos,47,True
5707,Geometria,Cuadrilateros,Geometria,Cuadrilateros,49,True
5708,Geometria,Cuadrilateros,Geometria,Cuadrilateros,49,True
5709,Geometria,Cuadrilateros,Geometria,Cuadrilateros,49,True
5710,Geometria,Cuadrilateros,Geometria,Cuadrilateros,49,True
5711,Geometria,Cuadrilateros,Geometria,Cuadrilateros,49,True
5712,Geometria,Cuadrilateros,Geometria,Cuadrilateros,49,True
5713,Geometria,Cuadrilateros,Geometria,Cuadrilateros,49,True
5714,Geometria,Cuadrilateros,Geometria,Cuadrilateros,49,True
5715,Geometria,Cuadrilateros,Geometria,Cuadrilateros,49,True
5716,Geometria,Congruencia de triangulos,Geometria,Congruencia de Triangulos,47,True
5717,Geometria,Cuadrilateros,Geometria,Cuadrilateros,49,True
5718,Geometria,Cuadrilateros,Geometria,Cuadrilateros,49,True
5719,Geometria,Cuadrilateros,Geometria,Cuadrilateros,49,True
5720,Geometria,Cuadrilateros,Geometria,Cuadrilateros,49,True
5721,Geometria,Cuadrilateros,Geometria,Cuadrilateros,49,True
5722,Geometria,Congruencia de triangulos,Geometria,Congruencia de Triangulos,47,True
5723,Geometria,Cuadrilateros,Geometria,Cuadrilateros,49,True
5724,Geometria,Cuadrilateros,Geometria,Cuadrilateros,49,True
5725,Geometria,Cuadrilateros,Geometria,Cuadrilateros,49,True
5726,Geometria,Cuadrilateros,Geometria,Cuadrilateros,49,True
5727,Geometria,Cuadrilateros,Geometria,Cuadrilateros,49,True
5728,Geometria,Cuadrilateros,Geometria,Cuadrilateros,49,True
5729,Geometria,Cuadrilateros,Geometria,Cuadrilateros,49,True
5730,Geometria,Cuadrilateros,Geometria,Cuadrilateros,49,True
5731,Geometria,Congruencia de triangulos,Geometria,Congruencia de Triangulos,47,True
5732,Geometria,Cuadrilateros,Geometria,Cuadrilateros,49,True
5733,Geometria,Cuadrilateros,Geometria,Cuadrilateros,49,True
5734,Geometria,Cuadrilateros,Geometria,Cuadrilateros,49,True
5735,Geometria,Congruencia de triangulos,Geometria,Congruencia de Triangulos,47,True
5736,Geometria,Cuadrilateros,Geometria,Cuadrilateros,49,True
5737,Geometria,Cuadrilateros,Geometria,Cuadrilateros,49,True
5738,Geometria,Cuadrilateros,Geometria,Cuadrilateros,49,True
5739,Geometria,Cuadrilateros,Geometria,Cuadrilateros,49,True
5740,Geometria,Cuadrilateros,Geometria,Cuadrilateros,49,True
5741,Geometria,Cuadrilateros,Geometria,Cuadrilateros,49,True
5742,Geometria,Cuadrilateros,Geometria,Cuadrilateros,49,True
5743,Geometria,Cuadrilateros,Geometria,Cuadrilateros,49,True
5744,Geometria,Cuadrilateros,Geometria,Cuadrilateros,49,True
5745,Geometria,Cuadrilateros,Geometria,Cuadrilateros,49,True
5746,Geometria,Cuadrilateros,Geometria,Cuadrilateros,49,True
5747,Geometria,Cuadrilateros,Geometria,Cuadrilateros,49,True
5748,Geometria,Cuadrilateros,Geometria,Cuadrilateros,49,True
5749,Geometria,Cuadrilateros,Geometria,Cuadrilateros,49,True
5750,Geometria,Cuadrilateros,Geometria,Cuadrilateros,49,True
5751,Geometria,Cuadrilateros,Geometria,Cuadrilateros,49,True
5752,Geometria,Cuadrilateros,Geometria,Cuadrilateros,49,True
5753,Geometria,Cuadrilateros,Geometria,Cuadrilateros,49,True
5754,Geometria,Cuadrilateros,Geometria,Cuadrilateros,49,True
5755,Geometria,Cuadrilateros,Geometria,Cuadrilateros,49,True
5756,Geometria,Cuadrilateros,Geometria,Cuadrilateros,49,True
5757,Geometria,Cuadrilateros,Geometria,Cuadrilateros,49,True
5758,Geometria,Cuadrilateros,Geometria,Cuadrilateros,49,True
5759,Geometria,Cuadrilateros,Geometria,Cuadrilateros,49,True
5760,Geometria,Cuadrilateros,Geometria,Cuadrilateros,49,True
5761,Geometria,Cuadrilateros,Geometria,Cuadrilateros,49,True
5762,Geometria,Cuadrilateros,Geometria,Cuadrilateros,49,True
5763,Geometria,Cuadrilateros,Geometria,Cuadrilateros,49,True
5764,Geometria,Cuadrilateros,Geometria,Cuadrilateros,49,True
5765,Geometria,Cuadrilateros,Geometria,Cuadrilateros,49,True
5766,Geometria,Cuadrilateros,Geometria,Cuadrilateros,49,True
5767,Geometria,Cuadrilateros,Geometria,Cuadrilateros,49,True
5768,Geometria,Cuadrilateros,Geometria,Cuadrilateros,49,True
5769,Geometria,Cuadrilateros,Geometria,Cuadrilateros,49,True
5770,Geometria,Cuadrilateros,Geometria,Cuadrilateros,49,True
5771,Geometria,Cuadrilateros,Geometria,Cuadrilateros,49,True
5772,Geometria,Cuadrilateros,Geometria,Cuadrilateros,49,True
5773,Geometria,Cuadrilateros,Geometria,Cuadrilateros,49,True
5774,Geometria,Cuadrilateros,Geometria,Cuadrilateros,49,True
5775,Geometria,Cuadrilateros,Geometria,Cuadrilateros,49,True
5776,Geometria,Cuadrilateros,Geometria,Cuadrilateros,49,True
5777,Geometria,Cuadrilateros,Geometria,Cuadrilateros,49,True
5778,Geometria,Cuadrilateros,Geometria,Cuadrilateros,49,True
5779,Geometria,Cuadrilateros,Geometria,Cuadrilateros,49,True
5780,Geometria,Cuadrilateros,Geometria,Cuadrilateros,49,True
5781,Geometria,Cuadrilateros,Geometria,Cuadrilateros,49,True
5782,Geometria,Cuadrilateros,Geometria,Cuadrilateros,49,True
5783,Geometria,Cuadrilateros,Geometria,Cuadrilateros,49,True
5784,Geometria,Cuadrilateros,Geometria,Cuadrilateros,49,True
5785,Geometria,Cuadrilateros,Geometria,Cuadrilateros,49,True
5786,Geometria,Cuadrilateros,Geometria,Cuadrilateros,49,True
5787,Geometria,Cuadrilateros,Geometria,Cuadrilateros,49,True
5788,Geometria,Cuadrilateros,Geometria,Cuadrilateros,49,True
5789,Geometria,Cuadrilateros,Geometria,Cuadrilateros,49,True
5790,Geometria,Cuadrilateros,Geometria,Cuadrilateros,49,True
5791,Geometria,Cuadrilateros,Geometria,Cuadrilateros,49,True
5792,Geometria,Cuadrilateros,Geometria,Cuadrilateros,49,True
5793,Geometria,Cuadrilateros,Geometria,Cuadrilateros,49,True
5794,Geometria,Cuadrilateros,Geometria,Cuadrilateros,49,True
5795,Geometria,Cuadrilateros,Geometria,Cuadrilateros,49,True
5796,Geometria,Cuadrilateros,Geometria,Cuadrilateros,49,True
5797,Geometria,Congruencia de triangulos,Geometria,Congruencia de Triangulos,47,True
5798,Geometria,Cuadrilateros,Geometria,Cuadrilateros,49,True
5799,Geometria,Cuadrilateros,Geometria,Cuadrilateros,49,True
5800,Geometria,Cuadrilateros,Geometria,Cuadrilateros,49,True
5801,Geometria,Cuadrilateros,Geometria,Cuadrilateros,49,True
5802,Geometria,Congruencia de triangulos,Geometria,Congruencia de Triangulos,47,True
5803,Geometria,Cuadrilateros,Geometria,Cuadrilateros,49,True
5804,Geometria,Cuadrilateros,Geometria,Cuadrilateros,49,True
5805,Geometria,Cuadrilateros,Geometria,Cuadrilateros,49,True
5806,Geometria,Cuadrilateros,Geometria,Cuadrilateros,49,True
5807,Geometria,Cuadrilateros,Geometria,Cuadrilateros,49,True
5808,Geometria,Cuadrilateros,Geometria,Cuadrilateros,49,True
5809,Geometria,Cuadrilateros,Geometria,Cuadrilateros,49,True
5810,Geometria,Cuadrilateros,Geometria,Cuadrilateros,49,True
5811,Geometria,Cuadrilateros,Geometria,Cuadrilateros,49,True
5812,Geometria,Cuadrilateros,Geometria,Cuadrilateros,49,True
5813,Geometria,Cuadrilateros,Geometria,Cuadrilateros,49,True
5814,Geometria,Circunferencias,Geometria,Circunferencias,45,True
5815,Geometria,Circunferencias,Geometria,Circunferencias,45,True
5816,Geometria,Circunferencias,Geometria,Circunferencias,45,True
5817,Geometria,Circunferencias,Geometria,Circunferencias,45,True
5818,Geometria,Circunferencias,Geometria,Circunferencias,45,True
5819,Geometria,Circunferencias,Geometria,Circunferencias,45,True
5820,Geometria,Circunferencias,Geometria,Circunferencias,45,True
5821,Geometria,Circunferencias,Geometria,Circunferencias,45,True
5822,Geometria,Circunferencias,Geometria,Circunferencias,45,True
5823,Geometria,Circunferencias,Geometria,Circunferencias,45,True
5824,Geometria,Circunferencias,Geometria,Circunferencias,45,True
5825,Geometria,Circunferencias,Geometria,Circunferencias,45,True
5826,Geometria,Circunferencias,Geometria,Circunferencias,45,True
5827,Geometria,Circunferencias,Geometria,Circunferencias,45,True
5828,Geometria,Circunferencias,Geometria,Circunferencias,45,True
5829,Geometria,Circunferencias,Geometria,Circunferencias,45,True
5830,Geometria,Circunferencias,Geometria,Circunferencias,45,True
5831,Geometria,Circunferencias,Geometria,Circunferencias,45,True
5832,Geometria,Circunferencias,Geometria,Circunferencias,45,True
5833,Geometria,Circunferencias,Geometria,Circunferencias,45,True
5834,Geometria,Circunferencias,Geometria,Circunferencias,45,True
5835,Geometria,Circunferencias,Geometria,Circunferencias,45,True
5836,Geometria,Circunferencias,Geometria,Circunferencias,45,True
5837,Geometria,Circunferencias,Geometria,Circunferencias,45,True
5838,Geometria,Circunferencias,Geometria,Circunferencias,45,True
5839,Geometria,Circunferencias,Geometria,Circunferencias,45,True
5840,Geometria,Circunferencias,Geometria,Circunferencias,45,True
5841,Geometria,Circunferencias,Geometria,Circunferencias,45,True
5842,Geometria,Circunferencias,Geometria,Circunferencias,45,True
5843,Geometria,Circunferencias,Geometria,Circunferencias,45,True
5844,Geometria,Circunferencias,Geometria,Circunferencias,45,True
5845,Geometria,Circunferencias,Geometria,Circunferencias,45,True
5846,Geometria,Circunferencias,Geometria,Circunferencias,45,True
5847,Geometria,Circunferencias,Geometria,Circunferencias,45,True
5848,Geometria,Circunferencias,Geometria,Circunferencias,45,True
5849,Geometria,Circunferencias,Geometria,Circunferencias,45,True
5850,Geometria,Circunferencias,Geometria,Circunferencias,45,True
5851,Geometria,Circunferencias,Geometria,Circunferencias,45,True
5852,Geometria,Circunferencias,Geometria,Circunferencias,45,True
5853,Geometria,Circunferencias,Geometria,Circunferencias,45,True
5854,Geometria,Circunferencias,Geometria,Circunferencias,45,True
5855,Geometria,Circunferencias,Geometria,Circunferencias,45,True
5856,Geometria,Circunferencias,Geometria,Circunferencias,45,True
5857,Geometria,Circunferencias,Geometria,Circunferencias,45,True
5858,Geometria,Circunferencias,Geometria,Circunferencias,45,True
5859,Geometria,Circunferencias,Geometria,Circunferencias,45,True
5860,Geometria,Circunferencias,Geometria,Circunferencias,45,True
5861,Geometria,Circunferencias,Geometria,Circunferencias,45,True
5862,Geometria,Circunferencias,Geometria,Circunferencias,45,True
5863,Geometria,Circunferencias,Geometria,Circunferencias,45,True
5864,Geometria,Circunferencias,Geometria,Circunferencias,45,True
5865,Geometria,Circunferencias,Geometria,Circunferencias,45,True
5866,Geometria,Circunferencias,Geometria,Circunferencias,45,True
5867,Geometria,Circunferencias,Geometria,Circunferencias,45,True
5868,Geometria,Circunferencias,Geometria,Circunferencias,45,True
5869,Geometria,Circunferencias,Geometria,Circunferencias,45,True
5870,Geometria,Circunferencias,Geometria,Circunferencias,45,True
5871,Geometria,Circunferencias,Geometria,Circunferencias,45,True
5872,Geometria,Circunferencias,Geometria,Circunferencias,45,True
5873,Geometria,Circunferencias,Geometria,Circunferencias,45,True
5874,Geometria,Circunferencias,Geometria,Circunferencias,45,True
5875,Geometria,Circunferencias,Geometria,Circunferencias,45,True
5876,Geometria,Circunferencias,Geometria,Circunferencias,45,True
5877,Geometria,Circunferencias,Geometria,Circunferencias,45,True
5878,Geometria,Circunferencias,Geometria,Circunferencias,45,True
5879,Geometria,Circunferencias,Geometria,Circunferencias,45,True
5880,Geometria,Circunferencias,Geometria,Circunferencias,45,True
5881,Geometria,Circunferencias,Geometria,Circunferencias,45,True
5882,Geometria,Circunferencias,Geometria,Circunferencias,45,True
5883,Geometria,Circunferencias,Geometria,Circunferencias,45,True
5884,Geometria,Circunferencias,Geometria,Circunferencias,45,True
5885,Geometria,Circunferencias,Geometria,Circunferencias,45,True
5886,Geometria,Circunferencias,Geometria,Circunferencias,45,True
5887,Geometria,Circunferencias,Geometria,Circunferencias,45,True
5888,Geometria,Circunferencias,Geometria,Circunferencias,45,True
5889,Geometria,Circunferencias,Geometria,Circunferencias,45,True
5890,Geometria,Circunferencias,Geometria,Circunferencias,45,True
5891,Geometria,Circunferencias,Geometria,Circunferencias,45,True
5892,Geometria,Circunferencias,Geometria,Circunferencias,45,True
5893,Geometria,Circunferencias,Geometria,Circunferencias,45,True
5894,Geometria,Circunferencias,Geometria,Circunferencias,45,True
5895,Geometria,Circunferencias,Geometria,Circunferencias,45,True
5896,Geometria,Circunferencias,Geometria,Circunferencias,45,True
5897,Geometria,Circunferencias,Geometria,Circunferencias,45,True
5898,Geometria,Circunferencias,Geometria,Circunferencias,45,True
5899,Geometria,Circunferencias,Geometria,Circunferencias,45,True
5900,Geometria,Circunferencias,Geometria,Circunferencias,45,True
5901,Geometria,Circunferencias,Geometria,Circunferencias,45,True
5902,Geometria,Circunferencias,Geometria,Circunferencias,45,True
5903,Geometria,Circunferencias,Geometria,Circunferencias,45,True
5904,Geometria,Circunferencias,Geometria,Circunferencias,45,True
5905,Geometria,Circunferencias,Geometria,Circunferencias,45,True
5906,Geometria,Circunferencias,Geometria,Circunferencias,45,True
5907,Geometria,Circunferencias,Geometria,Circunferencias,45,True
5908,Geometria,Circunferencias,Geometria,Circunferencias,45,True
5909,Geometria,Circunferencias,Geometria,Circunferencias,45,True
5910,Geometria,Circunferencias,Geometria,Circunferencias,45,True
5911,Geometria,Circunferencias,Geometria,Circunferencias,45,True
5912,Geometria,Circunferencias,Geometria,Circunferencias,45,True
5913,Geometria,Circunferencias,Geometria,Circunferencias,45,True
5914,Geometria,Circunferencias,Geometria,Circunferencias,45,True
5915,Geometria,Circunferencias,Geometria,Circunferencias,45,True
5916,Geometria,Circunferencias,Geometria,Circunferencias,45,True
5917,Geometria,Circunferencias,Geometria,Circunferencias,45,True
5918,Geometria,Circunferencias,Geometria,Circunferencias,45,True
5919,Geometria,Circunferencias,Geometria,Circunferencias,45,True
5920,Geometria,Circunferencias,Geometria,Circunferencias,45,True
5921,Geometria,Circunferencias,Geometria,Circunferencias,45,True
5922,Geometria,Circunferencias,Geometria,Circunferencias,45,True
5923,Geometria,Circunferencias,Geometria,Circunferencias,45,True
5924,Geometria,Circunferencias,Geometria,Circunferencias,45,True
5925,Geometria,Circunferencias,Geometria,Circunferencias,45,True
5926,Geometria,Circunferencias,Geometria,Circunferencias,45,True
5927,Geometria,Circunferencias,Geometria,Circunferencias,45,True
5928,Geometria,Circunferencias,Geometria,Circunferencias,45,True
5929,Geometria,Circunferencias,Geometria,Circunferencias,45,True
5930,Geometria,Circunferencias,Geometria,Circunferencias,45,True
5931,Geometria,Circunferencias,Geometria,Circunferencias,45,True
5932,Geometria,Circunferencias,Geometria,Circunferencias,45,True
5933,Geometria,Circunferencias,Geometria,Circunferencias,45,True
5934,Geometria,Circunferencias,Geometria,Circunferencias,45,True
5935,Geometria,Circunferencias,Geometria,Circunferencias,45,True
5936,Geometria,Circunferencias,Geometria,Circunferencias,45,True
5937,Geometria,Circunferencias,Geometria,Circunferencias,45,True
5938,Geometria,Circunferencias,Geometria,Circunferencias,45,True
5939,Geometria,Circunferencias,Geometria,Circunferencias,45,True
5940,Geometria,Circunferencias,Geometria,Circunferencias,45,True
5941,Geometria,Circunferencias,Geometria,Circunferencias,45,True
5942,Geometria,Circunferencias,Geometria,Circunferencias,45,True
5943,Geometria,Circunferencias,Geometria,Circunferencias,45,True
5944,Geometria,Circunferencias,Geometria,Circunferencias,45,True
5945,Geometria,Circunferencias,Geometria,Circunferencias,45,True
5946,Geometria,Circunferencias,Geometria,Circunferencias,45,True
5947,Geometria,Circunferencias,Geometria,Circunferencias,45,True
5948,Geometria,Circunferencias,Geometria,Circunferencias,45,True
5949,Geometria,Circunferencias,Geometria,Circunferencias,45,True
5950,Geometria,Circunferencias,Geometria,Circunferencias,45,True
5951,Geometria,Circunferencias,Geometria,Circunferencias,45,True
5952,Geometria,Circunferencias,Geometria,Circunferencias,45,True
5953,Geometria,Circunferencias,Geometria,Circunferencias,45,True
5954,Geometria,Circunferencias,Geometria,Circunferencias,45,True
5955,Geometria,Circunferencias,Geometria,Circunferencias,45,True
5956,Geometria,Circunferencias,Geometria,Circunferencias,45,True
5957,Geometria,Circunferencias,Geometria,Circunferencias,45,True
5958,Geometria,Circunferencias,Geometria,Circunferencias,45,True
5959,Geometria,Circunferencias,Geometria,Circunferencias,45,True
5960,Geometria,Circunferencias,Geometria,Circunferencias,45,True
5961,Geometria,Circunferencias,Geometria,Circunferencias,45,True
5962,Geometria,Circunferencias,Geometria,Circunferencias,45,True
5963,Geometria,Circunferencias,Geometria,Circunferencias,45,True
5964,Geometria,Circunferencias,Geometria,Circunferencias,45,True
5965,Geometria,Circunferencias,Geometria,Circunferencias,45,True
5966,Geometria,Circunferencias,Geometria,Circunferencias,45,True
5967,Geometria,Circunferencias,Geometria,Circunferencias,45,True
5968,Geometria,Circunferencias,Geometria,Circunferencias,45,True
5969,Geometria,Circunferencias,Geometria,Circunferencias,45,True
5970,Geometria,Circunferencias,Geometria,Circunferencias,45,True
5971,Geometria,Circunferencias,Geometria,Circunferencias,45,True
5972,Geometria,Circunferencias,Geometria,Circunferencias,45,True
5973,Geometria,Circunferencias,Geometria,Circunferencias,45,True
5974,Geometria,Circunferencias,Geometria,Circunferencias,45,True
5975,Geometria,Circunferencias,Geometria,Circunferencias,45,True
5976,Geometria,Circunferencias,Geometria,Circunferencias,45,True
5977,Geometria,Circunferencias,Geometria,Circunferencias,45,True
5978,Geometria,Circunferencias,Geometria,Circunferencias,45,True
5979,Geometria,Circunferencias,Geometria,Circunferencias,45,True
5980,Geometria,Circunferencias,Geometria,Circunferencias,45,True
5981,Geometria,Circunferencias,Geometria,Circunferencias,45,True
5982,Geometria,Circunferencias,Geometria,Circunferencias,45,True
5983,Geometria,Circunferencias,Geometria,Circunferencias,45,True
5984,Geometria,Circunferencias,Geometria,Circunferencias,45,True
5985,Geometria,Circunferencias,Geometria,Circunferencias,45,True
5986,Geometria,Circunferencias,Geometria,Circunferencias,45,True
5987,Geometria,Circunferencias,Geometria,Circunferencias,45,True
5988,Geometria,Circunferencias,Geometria,Circunferencias,45,True
5989,Geometria,Circunferencias,Geometria,Circunferencias,45,True
5990,Geometria,Congruencia de triangulos,Geometria,Congruencia de Triangulos,47,True
5991,Geometria,Circunferencias,Geometria,Circunferencias,45,True
5992,Geometria,Circunferencias,Geometria,Circunferencias,45,True
5993,Geometria,Circunferencias,Geometria,Circunferencias,45,True
5994,Geometria,Circunferencias,Geometria,Circunferencias,45,True
5995,Geometria,Circunferencias,Geometria,Circunferencias,45,True
5996,Geometria,Circunferencias,Geometria,Circunferencias,45,True
5997,Geometria,Circunferencias,Geometria,Circunferencias,45,True
5998,Geometria,Circunferencias,Geometria,Circunferencias,45,True
5999,Geometria,Circunferencias,Geometria,Circunferencias,45,True
6000,Geometria,Circunferencias,Geometria,Circunferencias,45,True
6001,Geometria,Circunferencias,Geometria,Circunferencias,45,True
6002,Geometria,Circunferencias,Geometria,Circunferencias,45,True
6003,Geometria,Circunferencias,Geometria,Circunferencias,45,True
6004,Geometria,Circunferencias,Geometria,Circunferencias,45,True
6005,Geometria,Circunferencias,Geometria,Circunferencias,45,True
6006,Geometria,Congruencia de triangulos,Geometria,Congruencia de Triangulos,47,True
6007,Geometria,Circunferencias,Geometria,Circunferencias,45,True
6008,Geometria,Circunferencias,Geometria,Circunferencias,45,True
6009,Geometria,Circunferencias,Geometria,Circunferencias,45,True
6010,Geometria,Circunferencias,Geometria,Circunferencias,45,True
6011,Geometria,Circunferencias,Geometria,Circunferencias,45,True
6012,Geometria,Circunferencias,Geometria,Circunferencias,45,True
6013,Geometria,Circunferencias,Geometria,Circunferencias,45,True
6014,Geometria,Circunferencias,Geometria,Circunferencias,45,True
6015,Geometria,Circunferencias,Geometria,Circunferencias,45,True
6016,Geometria,Circunferencias,Geometria,Circunferencias,45,True
6017,Geometria,Circunferencias,Geometria,Circunferencias,45,True
6018,Geometria,Circunferencias,Geometria,Circunferencias,45,True
6019,Geometria,Circunferencias,Geometria,Circunferencias,45,True
6020,Geometria,Congruencia de triangulos,Geometria,Congruencia de Triangulos,47,True
6021,Geometria,Circunferencias,Geometria,Circunferencias,45,True
6022,Geometria,Circunferencias,Geometria,Circunferencias,45,True
6023,Geometria,Circunferencias,Geometria,Circunferencias,45,True
6024,Geometria,Circunferencias,Geometria,Circunferencias,45,True
6025,Geometria,Circunferencias,Geometria,Circunferencias,45,True
6026,Geometria,Circunferencias,Geometria,Circunferencias,45,True
6027,Geometria,Circunferencias,Geometria,Circunferencias,45,True
6028,Geometria,Circunferencias,Geometria,Circunferencias,45,True
6029,Geometria,Congruencia de triangulos,Geometria,Congruencia de Triangulos,47,True
6030,Geometria,Circunferencias,Geometria,Circunferencias,45,True
6031,Geometria,Circunferencias,Geometria,Circunferencias,45,True
6032,Geometria,Circunferencias,Geometria,Circunferencias,45,True
6033,Geometria,Circunferencias,Geometria,Circunferencias,45,True
6034,Geometria,Circunferencias,Geometria,Circunferencias,45,True
6035,Geometria,Circunferencias,Geometria,Circunferencias,45,True
6036,Geometria,Circunferencias,Geometria,Circunferencias,45,True
6037,Geometria,Congruencia de triangulos,Geometria,Congruencia de Triangulos,47,True
6038,Geometria,Circunferencias,Geometria,Circunferencias,45,True
6039,Geometria,Circunferencias,Geometria,Circunferencias,45,True
6040,Geometria,Circunferencias,Geometria,Circunferencias,45,True
6041,Geometria,Circunferencias,Geometria,Circunferencias,45,True
6042,Geometria,Congruencia de triangulos,Geometria,Congruencia de Triangulos,47,True
6043,Geometria,Circunferencias,Geometria,Circunferencias,45,True
6044,Geometria,Circunferencias,Geometria,Circunferencias,45,True
6045,Geometria,Circunferencias,Geometria,Circunferencias,45,True
6046,Geometria,Circunferencias,Geometria,Circunferencias,45,True
6047,Geometria,Circunferencias,Geometria,Circunferencias,45,True
6048,Geometria,Circunferencias,Geometria,Circunferencias,45,True
6049,Geometria,Circunferencias,Geometria,Circunferencias,45,True
6050,Geometria,Congruencia de triangulos,Geometria,Congruencia de Triangulos,47,True
6051,Geometria,Circunferencias,Geometria,Circunferencias,45,True
6052,Geometria,Circunferencias,Geometria,Circunferencias,45,True
6053,Geometria,Circunferencias,Geometria,Circunferencias,45,True
6054,Geometria,Circunferencias,Geometria,Circunferencias,45,True
6055,Geometria,Circunferencias,Geometria,Circunferencias,45,True
6056,Geometria,Circunferencias,Geometria,Circunferencias,45,True
6057,Geometria,Circunferencias,Geometria,Circunferencias,45,True
6058,Geometria,Circunferencias,Geometria,Circunferencias,45,True
6059,Geometria,Circunferencias,Geometria,Circunferencias,45,True
6060,Geometria,Circunferencias,Geometria,Circunferencias,45,True
6061,Geometria,Circunferencias,Geometria,Circunferencias,45,True
6062,Geometria,Circunferencias,Geometria,Circunferencias,45,True
6063,Geometria,Circunferencias,Geometria,Circunferencias,45,True
6064,Geometria,Circunferencias,Geometria,Circunferencias,45,True
6065,Geometria,Circunferencias,Geometria,Circunferencias,45,True
6066,Geometria,Circunferencias,Geometria,Circunferencias,45,True
6067,Geometria,Circunferencias,Geometria,Circunferencias,45,True
6068,Geometria,Circunferencias,Geometria,Circunferencias,45,True
6069,Geometria,Circunferencias,Geometria,Circunferencias,45,True
6070,Geometria,Circunferencias,Geometria,Circunferencias,45,True
6071,Geometria,Circunferencias,Geometria,Circunferencias,45,True
6072,Geometria,Circunferencias,Geometria,Circunferencias,45,True
6073,Geometria,Circunferencias,Geometria,Circunferencias,45,True
6074,Geometria,Circunferencias,Geometria,Circunferencias,45,True
6075,Geometria,Circunferencias,Geometria,Circunferencias,45,True
6076,Geometria,Circunferencias,Geometria,Circunferencias,45,True
6077,Geometria,Circunferencias,Geometria,Circunferencias,45,True
6078,Geometria,Circunferencias,Geometria,Circunferencias,45,True
6079,Geometria,Circunferencias,Geometria,Circunferencias,45,True
6080,Geometria,Circunferencias,Geometria,Circunferencias,45,True
6081,Geometria,Circunferencias,Geometria,Circunferencias,45,True
6082,Geometria,Circunferencias,Geometria,Circunferencias,45,True
6083,Geometria,Circunferencias,Geometria,Circunferencias,45,True
6084,Geometria,Circunferencias,Geometria,Circunferencias,45,True
6085,Geometria,Circunferencias,Geometria,Circunferencias,45,True
6086,Geometria,Circunferencias,Geometria,Circunferencias,45,True
6087,Geometria,Circunferencias,Geometria,Circunferencias,45,True
6088,Geometria,Circunferencias,Geometria,Circunferencias,45,True
6089,Geometria,Circunferencias,Geometria,Circunferencias,45,True
6090,Geometria,Circunferencias,Geometria,Circunferencias,45,True
6091,Geometria,Circunferencias,Geometria,Circunferencias,45,True
6092,Geometria,Circunferencias,Geometria,Circunferencias,45,True
6093,Geometria,Circunferencias,Geometria,Circunferencias,45,True
6094,Geometria,Circunferencias,Geometria,Circunferencias,45,True
6095,Geometria,Circunferencias,Geometria,Circunferencias,45,True
6096,Geometria,Circunferencias,Geometria,Circunferencias,45,True
6097,Geometria,Circunferencias,Geometria,Circunferencias,45,True
6098,Geometria,Circunferencias,Geometria,Circunferencias,45,True
6099,Geometria,Congruencia de triangulos,Geometria,Congruencia de Triangulos,47,True
6100,Geometria,Circunferencias,Geometria,Circunferencias,45,True
6101,Geometria,Circunferencias,Geometria,Circunferencias,45,True
6102,Geometria,Circunferencias,Geometria,Circunferencias,45,True
6103,Geometria,Circunferencias,Geometria,Circunferencias,45,True
6104,Geometria,Circunferencias,Geometria,Circunferencias,45,True
6105,Geometria,Circunferencias,Geometria,Circunferencias,45,True
6106,Geometria,Circunferencias,Geometria,Circunferencias,45,True
6107,Geometria,Circunferencias,Geometria,Circunferencias,45,True
6108,Geometria,Circunferencias,Geometria,Circunferencias,45,True
6109,Geometria,Circunferencias,Geometria,Circunferencias,45,True
6110,Geometria,Circunferencias,Geometria,Circunferencias,45,True
6111,Geometria,Congruencia de triangulos,Geometria,Congruencia de Triangulos,47,True
6112,Geometria,Congruencia de triangulos,Geometria,Congruencia de Triangulos,47,True
6113,Geometria,Congruencia de triangulos,Geometria,Congruencia de Triangulos,47,True
6114,Geometria,Regiones convexas,Geometria,Regiones Convexas,57,True
6115,Geometria,Regiones convexas,Geometria,Regiones Convexas,57,True
6116,Geometria,Regiones convexas,Geometria,Regiones Convexas,57,True
6117,Geometria,Regiones convexas,Geometria,Regiones Convexas,57,True
6118,Geometria,Regiones convexas,Geometria,Regiones Convexas,57,True
6119,Geometria,Regiones convexas,Geometria,Regiones Convexas,57,True
6120,Geometria,Poligonos,Geometria,Poligonos,53,True
6121,Geometria,Poligonos,Geometria,Poligonos,53,True
6122,Geometria,Poligonos,Geometria,Poligonos,53,True
6123,Geometria,Poligonos,Geometria,Poligonos,53,True
6124,Geometria,Poligonos,Geometria,Poligonos,53,True
6125,Geometria,Poligonos,Geometria,Poligonos,53,True
6126,Geometria,Poligonos,Geometria,Poligonos,53,True
6127,Geometria,Poligonos,Geometria,Poligonos,53,True
6128,Geometria,Poligonos,Geometria,Poligonos,53,True
6129,Geometria,Poligonos,Geometria,Poligonos,53,True
6130,Geometria,Poligonos,Geometria,Poligonos,53,True
6131,Geometria,Poligonos,Geometria,Poligonos,53,True
6132,Geometria,Poligonos,Geometria,Poligonos,53,True
6133,Geometria,Poligonos,Geometria,Poligonos,53,True
6134,Geometria,Poligonos,Geometria,Poligonos,53,True
6135,Geometria,Poligonos,Geometria,Poligonos,53,True
6136,Geometria,Poligonos,Geometria,Poligonos,53,True
6137,Geometria,Poligonos,Geometria,Poligonos,53,True
6138,Geometria,Poligonos,Geometria,Poligonos,53,True
6139,Geometria,Poligonos,Geometria,Poligonos,53,True
6140,Geometria,Poligonos,Geometria,Poligonos,53,True
6141,Geometria,Poligonos,Geometria,Poligonos,53,True
6142,Geometria,Poligonos,Geometria,Poligonos,53,True
6143,Geometria,Poligonos,Geometria,Poligonos,53,True
6144,Geometria,Poligonos,Geometria,Poligonos,53,True
6145,Geometria,Poligonos,Geometria,Poligonos,53,True
6146,Geometria,Poligonos,Geometria,Poligonos,53,True
6147,Geometria,Poligonos,Geometria,Poligonos,53,True
6148,Geometria,Poligonos,Geometria,Poligonos,53,True
6149,Geometria,Poligonos,Geometria,Poligonos,53,True
6150,Geometria,Poligonos,Geometria,Poligonos,53,True
6151,Geometria,Poligonos,Geometria,Poligonos,53,True
6152,Geometria,Poligonos,Geometria,Poligonos,53,True
6153,Geometria,Poligonos,Geometria,Poligonos,53,True
6154,Geometria,Poligonos,Geometria,Poligonos,53,True
6155,Geometria,Poligonos,Geometria,Poligonos,53,True
6156,Geometria,Poligonos,Geometria,Poligonos,53,True
6157,Geometria,Poligonos,Geometria,Poligonos,53,True
6158,Geometria,Segmentos,Geometria,Segmentos,61,True
6159,Geometria,Segmentos,Geometria,Segmentos,61,True
6160,Geometria,Segmentos,Geometria,Segmentos,61,True
6161,Geometria,Segmentos,Geometria,Segmentos,61,True
6162,Geometria,Segmentos,Geometria,Segmentos,61,True
6163,Geometria,Segmentos,Geometria,Segmentos,61,True
6164,Geometria,Segmentos,Geometria,Segmentos,61,True
6165,Geometria,Segmentos,Geometria,Segmentos,61,True
6166,Geometria,Segmentos,Geometria,Segmentos,61,True
6167,Geometria,Segmentos,Geometria,Segmentos,61,True
6168,Geometria,Segmentos,Geometria,Segmentos,61,True
6169,Geometria,Segmentos,Geometria,Segmentos,61,True
6170,Geometria,Segmentos,Geometria,Segmentos,61,True
6171,Geometria,Segmentos,Geometria,Segmentos,61,True
6172,Geometria,Segmentos,Geometria,Segmentos,61,True
6173,Geometria,Segmentos,Geometria,Segmentos,61,True
6174,Geometria,Segmentos,Geometria,Segmentos,61,True
6175,Geometria,Segmentos,Geometria,Segmentos,61,True
6176,Geometria,Segmentos,Geometria,Segmentos,61,True
6177,Geometria,Segmentos,Geometria,Segmentos,61,True
6178,Geometria,Segmentos,Geometria,Segmentos,61,True
6179,Geometria,Segmentos,Geometria,Segmentos,61,True
6180,Geometria,Segmentos,Geometria,Segmentos,61,True
6181,Geometria,Segmentos,Geometria,Segmentos,61,True
6182,Geometria,Segmentos,Geometria,Segmentos,61,True
6183,Geometria,Segmentos,Geometria,Segmentos,61,True
6184,Geometria,Segmentos,Geometria,Segmentos,61,True
6185,Geometria,Segmentos,Geometria,Segmentos,61,True
6186,Geometria,Segmentos,Geometria,Segmentos,61,True
6187,Geometria,Segmentos,Geometria,Segmentos,61,True
6188,Geometria,Segmentos,Geometria,Segmentos,61,True
6189,Geometria,Segmentos,Geometria,Segmentos,61,True
6190,Geometria,Segmentos,Geometria,Segmentos,61,True
6191,Geometria,Segmentos,Geometria,Segmentos,61,True
6192,Geometria,Segmentos,Geometria,Segmentos,61,True
6193,Geometria,Segmentos,Geometria,Segmentos,61,True
6194,Geometria,Segmentos,Geometria,Segmentos,61,True
6195,Geometria,Segmentos,Geometria,Segmentos,61,True
6196,Geometria,Segmentos,Geometria,Segmentos,61,True
6197,Geometria,Segmentos,Geometria,Segmentos,61,True
6198,Geometria,Angulos,Geometria,Angulos,38,True
6199,Geometria,Angulos,Geometria,Angulos,38,True
6200,Geometria,Angulos,Geometria,Angulos,38,True
6201,Geometria,Angulos,Geometria,Angulos,38,True
6202,Geometria,Angulos,Geometria,Angulos,38,True
6203,Geometria,Angulos,Geometria,Angulos,38,True
6204,Geometria,Angulos,Geometria,Angulos,38,True
6205,Geometria,Angulos,Geometria,Angulos,38,True
6206,Geometria,Angulos,Geometria,Angulos,38,True
6207,Geometria,Angulos,Geometria,Angulos,38,True
6208,Geometria,Angulos,Geometria,Angulos,38,True
6209,Geometria,Angulos,Geometria,Angulos,38,True
6210,Geometria,Angulos,Geometria,Angulos,38,True
6211,Geometria,Angulos,Geometria,Angulos,38,True
6212,Geometria,Angulos,Geometria,Angulos,38,True
6213,Geometria,Angulos,Geometria,Angulos,38,True
6214,Geometria,Angulos,Geometria,Angulos,38,True
6215,Geometria,Angulos,Geometria,Angulos,38,True
6216,Geometria,Angulos,Geometria,Angulos,38,True
6217,Geometria,Angulos,Geometria,Angulos,38,True
6218,Geometria,Angulos,Geometria,Angulos,38,True
6219,Geometria,Angulos,Geometria,Angulos,38,True
6220,Geometria,Angulos,Geometria,Angulos,38,True
6221,Geometria,Angulos,Geometria,Angulos,38,True
6222,Geometria,Angulos,Geometria,Angulos,38,True
6223,Geometria,Angulos,Geometria,Angulos,38,True
6224,Geometria,Angulos,Geometria,Angulos,38,True
6225,Geometria,Angulos,Geometria,Angulos,38,True
6226,Geometria,Angulos,Geometria,Angulos,38,True
6227,Geometria,Angulos,Geometria,Angulos,38,True
6238,Geometria,Angulos,Geometria,Angulos,38,True
6239,Geometria,Angulos,Geometria,Angulos,38,True
6240,Geometria,Angulos,Geometria,Angulos,38,True
6241,Geometria,Angulos,Geometria,Angulos,38,True
6242,Geometria,Angulos,Geometria,Angulos,38,True
6243,Geometria,Angulos,Geometria,Angulos,38,True
6244,Geometria,Angulos,Geometria,Angulos,38,True
6245,Geometria,Angulos,Geometria,Angulos,38,True
6246,Geometria,Angulos,Geometria,Angulos,38,True
6247,Geometria,Angulos,Geometria,Angulos,38,True
6248,Geometria,Angulos,Geometria,Angulos,38,True
6249,Geometria,Angulos,Geometria,Angulos,38,True
6250,Geometria,Angulos,Geometria,Angulos,38,True
6251,Geometria,Angulos,Geometria,Angulos,38,True
6252,Geometria,Angulos,Geometria,Angulos,38,True
6253,Geometria,Angulos,Geometria,Angulos,38,True
6254,Geometria,Angulos,Geometria,Angulos,38,True
6255,Geometria,Angulos,Geometria,Angulos,38,True
6256,Geometria,Angulos,Geometria,Angulos,38,True
6257,Geometria,Angulos,Geometria,Angulos,38,True
6258,Geometria,Angulos,Geometria,Angulos,38,True
6259,Geometria,Angulos,Geometria,Angulos,38,True
6260,Geometria,Angulos,Geometria,Angulos,38,True
6261,Geometria,Angulos,Geometria,Angulos,38,True
6262,Geometria,Angulos,Geometria,Angulos,38,True
6263,Geometria,Angulos,Geometria,Angulos,38,True
6264,Geometria,Angulos,Geometria,Angulos,38,True
6265,Geometria,Angulos,Geometria,Angulos,38,True
6266,Geometria,Angulos,Geometria,Angulos,38,True
6267,Geometria,Angulos,Geometria,Angulos,38,True
6268,Geometria,Angulos,Geometria,Angulos,38,True
6269,Geometria,Angulos,Geometria,Angulos,38,True
6270,Geometria,Angulos,Geometria,Angulos,38,True
6271,Geometria,Angulos,Geometria,Angulos,38,True
6272,Geometria,Angulos,Geometria,Angulos,38,True
6273,Geometria,Angulos,Geometria,Angulos,38,True
6274,Geometria,Angulos,Geometria,Angulos,38,True
6275,Geometria,Angulos,Geometria,Angulos,38,True
6276,Geometria,Angulos,Geometria,Angulos,38,True
6277,Geometria,Angulos,Geometria,Angulos,38,True
6278,Geometria,Triangulos,Geometria,Triangulos,64,True
6279,Geometria,Triangulos,Geometria,Triangulos,64,True
6280,Geometria,Triangulos,Geometria,Triangulos,64,True
6281,Geometria,Triangulos,Geometria,Triangulos,64,True
6282,Geometria,Triangulos,Geometria,Triangulos,64,True
6283,Geometria,Triangulos,Geometria,Triangulos,64,True
6284,Geometria,Triangulos,Geometria,Triangulos,64,True
6285,Geometria,Triangulos,Geometria,Triangulos,64,True
6286,Geometria,Triangulos,Geometria,Triangulos,64,True
6287,Geometria,Triangulos,Geometria,Triangulos,64,True
6288,Geometria,Triangulos,Geometria,Triangulos,64,True
6289,Geometria,Triangulos,Geometria,Triangulos,64,True
6290,Geometria,Triangulos,Geometria,Triangulos,64,True
6291,Geometria,Triangulos,Geometria,Triangulos,64,True
6292,Geometria,Triangulos,Geometria,Triangulos,64,True
6293,Geometria,Triangulos,Geometria,Triangulos,64,True
6294,Geometria,Triangulos,Geometria,Triangulos,64,True
6295,Geometria,Triangulos,Geometria,Triangulos,64,True
6296,Geometria,Triangulos,Geometria,Triangulos,64,True
6297,Geometria,Triangulos,Geometria,Triangulos,64,True
6298,Geometria,Triangulos,Geometria,Triangulos,64,True
6299,Geometria,Triangulos,Geometria,Triangulos,64,True
6300,Geometria,Triangulos,Geometria,Triangulos,64,True
6301,Geometria,Triangulos,Geometria,Triangulos,64,True
6302,Geometria,Triangulos,Geometria,Triangulos,64,True
6303,Geometria,Triangulos,Geometria,Triangulos,64,True
6304,Geometria,Triangulos,Geometria,Triangulos,64,True
6305,Geometria,Triangulos,Geometria,Triangulos,64,True
6306,Geometria,Triangulos,Geometria,Triangulos,64,True
6307,Geometria,Triangulos,Geometria,Triangulos,64,True
6308,Geometria,Triangulos,Geometria,Triangulos,64,True
6309,Geometria,Triangulos,Geometria,Triangulos,64,True
6310,Geometria,Triangulos,Geometria,Triangulos,64,True
6311,Geometria,Triangulos,Geometria,Triangulos,64,True
6312,Geometria,Triangulos,Geometria,Triangulos,64,True
6313,Geometria,Triangulos,Geometria,Triangulos,64,True
6314,Geometria,Triangulos,Geometria,Triangulos,64,True
6315,Geometria,Triangulos,Geometria,Triangulos,64,True
6316,Geometria,Triangulos,Geometria,Triangulos,64,True
6317,Geometria,Triangulos,Geometria,Triangulos,64,True
6318,Geometria,Angulos entre rectas paralelas,Geometria,Angulos entre Rectas Paralelas,39,True
6319,Geometria,Angulos entre rectas paralelas,Geometria,Angulos entre Rectas Paralelas,39,True
6320,Geometria,Angulos entre rectas paralelas,Geometria,Angulos entre Rectas Paralelas,39,True
6321,Geometria,Angulos entre rectas paralelas,Geometria,Angulos entre Rectas Paralelas,39,True
6322,Geometria,Angulos entre rectas paralelas,Geometria,Angulos entre Rectas Paralelas,39,True
6323,Geometria,Angulos entre rectas paralelas,Geometria,Angulos entre Rectas Paralelas,39,True
6324,Geometria,Angulos entre rectas paralelas,Geometria,Angulos entre Rectas Paralelas,39,True
6325,Geometria,Angulos entre rectas paralelas,Geometria,Angulos entre Rectas Paralelas,39,True
6326,Geometria,Angulos entre rectas paralelas,Geometria,Angulos entre Rectas Paralelas,39,True
6327,Geometria,Angulos entre rectas paralelas,Geometria,Angulos entre Rectas Paralelas,39,True
6328,Geometria,Angulos entre rectas paralelas,Geometria,Angulos entre Rectas Paralelas,39,True
6329,Geometria,Angulos entre rectas paralelas,Geometria,Angulos entre Rectas Paralelas,39,True
6330,Geometria,Angulos entre rectas paralelas,Geometria,Angulos entre Rectas Paralelas,39,True
6331,Geometria,Angulos entre rectas paralelas,Geometria,Angulos entre Rectas Paralelas,39,True
6332,Geometria,Angulos entre rectas paralelas,Geometria,Angulos entre Rectas Paralelas,39,True
6333,Geometria,Angulos entre rectas paralelas,Geometria,Angulos entre Rectas Paralelas,39,True
6334,Geometria,Angulos entre rectas paralelas,Geometria,Angulos entre Rectas Paralelas,39,True
6335,Geometria,Angulos entre rectas paralelas,Geometria,Angulos entre Rectas Paralelas,39,True
6336,Geometria,Angulos entre rectas paralelas,Geometria,Angulos entre Rectas Paralelas,39,True
6337,Geometria,Angulos entre rectas paralelas,Geometria,Angulos entre Rectas Paralelas,39,True
6338,Geometria,Angulos entre rectas paralelas,Geometria,Angulos entre Rectas Paralelas,39,True
6339,Geometria,Angulos entre rectas paralelas,Geometria,Angulos entre Rectas Paralelas,39,True
6340,Geometria,Angulos entre rectas paralelas,Geometria,Angulos entre Rectas Paralelas,39,True
6341,Geometria,Angulos entre rectas paralelas,Geometria,Angulos entre Rectas Paralelas,39,True
6342,Geometria,Angulos entre rectas paralelas,Geometria,Angulos entre Rectas Paralelas,39,True
6343,Geometria,Angulos entre rectas paralelas,Geometria,Angulos entre Rectas Paralelas,39,True
6344,Geometria,Angulos entre rectas paralelas,Geometria,Angulos entre Rectas Paralelas,39,True
6345,Geometria,Angulos entre rectas paralelas,Geometria,Angulos entre Rectas Paralelas,39,True
6346,Geometria,Angulos entre rectas paralelas,Geometria,Angulos entre Rectas Paralelas,39,True
6347,Geometria,Angulos entre rectas paralelas,Geometria,Angulos entre Rectas Paralelas,39,True
6348,Geometria,Angulos entre rectas paralelas,Geometria,Angulos entre Rectas Paralelas,39,True
6349,Geometria,Angulos entre rectas paralelas,Geometria,Angulos entre Rectas Paralelas,39,True
6350,Geometria,Angulos entre rectas paralelas,Geometria,Angulos entre Rectas Paralelas,39,True
6351,Geometria,Angulos entre rectas paralelas,Geometria,Angulos entre Rectas Paralelas,39,True
6352,Geometria,Angulos entre rectas paralelas,Geometria,Angulos entre Rectas Paralelas,39,True
6353,Geometria,Angulos entre rectas paralelas,Geometria,Angulos entre Rectas Paralelas,39,True
6354,Geometria,Angulos entre rectas paralelas,Geometria,Angulos entre Rectas Paralelas,39,True
6355,Geometria,Angulos entre rectas paralelas,Geometria,Angulos entre Rectas Paralelas,39,True
6356,Geometria,Angulos entre rectas paralelas,Geometria,Angulos entre Rectas Paralelas,39,True
6357,Geometria,Angulos entre rectas paralelas,Geometria,Angulos entre Rectas Paralelas,39,True
6656,geometria,semana_16_reas_de_regiones_triangulares,Geometria,Areas de Regiones Triangulares,44,True
6657,geometria,semana_16_reas_de_regiones_triangulares,Geometria,Areas de Regiones Triangulares,44,True
6658,geometria,semana_16_reas_de_regiones_triangulares,Geometria,Areas de Regiones Triangulares,44,True
6659,geometria,semana_16_reas_de_regiones_triangulares,Geometria,Areas de Regiones Triangulares,44,True
6660,geometria,semana_16_reas_de_regiones_triangulares,Geometria,Areas de Regiones Triangulares,44,True
6661,geometria,semana_16_reas_de_regiones_triangulares,Geometria,Areas de Regiones Triangulares,44,True
6662,geometria,semana_16_reas_de_regiones_triangulares,Geometria,Areas de Regiones Triangulares,44,True
6663,geometria,semana_16_reas_de_regiones_triangulares,Geometria,Areas de Regiones Triangulares,44,True
6664,geometria,semana_16_reas_de_regiones_triangulares,Geometria,Areas de Regiones Triangulares,44,True
6665,geometria,semana_16_reas_de_regiones_triangulares,Geometria,Areas de Regiones Triangulares,44,True
6666,geometria,semana_16_reas_de_regiones_triangulares,Geometria,Areas de Regiones Triangulares,44,True
6667,geometria,semana_16_reas_de_regiones_triangulares,Geometria,Areas de Regiones Triangulares,44,True
6668,geometria,semana_16_reas_de_regiones_triangulares,Geometria,Areas de Regiones Triangulares,44,True
6669,geometria,semana_16_reas_de_regiones_triangulares,Geometria,Areas de Regiones Triangulares,44,True
6670,geometria,semana_16_reas_de_regiones_triangulares,Geometria,Areas de Regiones Triangulares,44,True
6671,geometria,semana_16_reas_de_regiones_triangulares,Geometria,Areas de Regiones Triangulares,44,True
6672,geometria,semana_16_reas_de_regiones_triangulares,Geometria,Areas de Regiones Triangulares,44,True
6673,geometria,semana_16_reas_de_regiones_triangulares,Geometria,Areas de Regiones Triangulares,44,True
6674,geometria,semana_16_reas_de_regiones_triangulares,Geometria,Areas de Regiones Triangulares,44,True
6675,geometria,semana_16_reas_de_regiones_triangulares,Geometria,Areas de Regiones Triangulares,44,True
6676,geometria,semana_16_reas_de_regiones_triangulares,Geometria,Areas de Regiones Triangulares,44,True
6677,geometria,semana_16_reas_de_regiones_triangulares,Geometria,Areas de Regiones Triangulares,44,True
6678,geometria,semana_16_reas_de_regiones_triangulares,Geometria,Areas de Regiones Triangulares,44,True
6679,geometria,semana_16_reas_de_regiones_triangulares,Geometria,Areas de Regiones Triangulares,44,True
6680,geometria,semana_16_reas_de_regiones_triangulares,Geometria,Areas de Regiones Triangulares,44,True
6681,geometria,semana_16_reas_de_regiones_triangulares,Geometria,Areas de Regiones Triangulares,44,True
6682,geometria,semana_16_reas_de_regiones_triangulares,Geometria,Areas de Regiones Triangulares,44,True
6683,geometria,semana_16_reas_de_regiones_triangulares,Geometria,Areas de Regiones Triangulares,44,True
6684,geometria,semana_16_reas_de_regiones_triangulares,Geometria,Areas de Regiones Triangulares,44,True
6685,geometria,semana_16_reas_de_regiones_triangulares,Geometria,Areas de Regiones Triangulares,44,True
6686,geometria,semana_16_reas_de_regiones_triangulares,Geometria,Areas de Regiones Triangulares,44,True
6687,geometria,semana_16_reas_de_regiones_triangulares,Geometria,Areas de Regiones Triangulares,44,True
6688,geometria,semana_16_reas_de_regiones_triangulares,Geometria,Areas de Regiones Triangulares,44,True
6689,geometria,semana_16_reas_de_regiones_triangulares,Geometria,Areas de Regiones Triangulares,44,True
6690,geometria,semana_16_reas_de_regiones_triangulares,Geometria,Areas de Regiones Triangulares,44,True
6691,geometria,semana_16_reas_de_regiones_triangulares,Geometria,Areas de Regiones Triangulares,44,True
6692,geometria,semana_16_reas_de_regiones_triangulares,Geometria,Areas de Regiones Triangulares,44,True
6693,geometria,semana_16_reas_de_regiones_triangulares,Geometria,Areas de Regiones Triangulares,44,True
6694,geometria,semana_16_reas_de_regiones_triangulares,Geometria,Areas de Regiones Triangulares,44,True
6695,geometria,semana_16_reas_de_regiones_triangulares,Geometria,Areas de Regiones Triangulares,44,True
6696,geometria,semana_17_relaciones_de_reas,Geometria,Areas de Regiones,41,True
6697,geometria,semana_17_relaciones_de_reas,Geometria,Areas de Regiones,41,True
6698,geometria,semana_17_relaciones_de_reas,Geometria,Areas de Regiones,41,True
6699,geometria,semana_17_relaciones_de_reas,Geometria,Areas de Regiones,41,True
6700,geometria,semana_17_relaciones_de_reas,Geometria,Areas de Regiones,41,True
6701,geometria,semana_17_relaciones_de_reas,Geometria,Areas de Regiones,41,True
6702,geometria,semana_17_relaciones_de_reas,Geometria,Areas de Regiones,41,True
6703,geometria,semana_17_relaciones_de_reas,Geometria,Areas de Regiones,41,True
6704,geometria,semana_17_relaciones_de_reas,Geometria,Areas de Regiones,41,True
6705,geometria,semana_17_relaciones_de_reas,Geometria,Areas de Regiones,41,True
6706,geometria,semana_17_relaciones_de_reas,Geometria,Areas de Regiones,41,True
6707,geometria,semana_17_relaciones_de_reas,Geometria,Areas de Regiones,41,True
6708,geometria,semana_17_relaciones_de_reas,Geometria,Areas de Regiones,41,True
6709,geometria,semana_17_relaciones_de_reas,Geometria,Areas de Regiones,41,True
6710,geometria,semana_17_relaciones_de_reas,Geometria,Areas de Regiones,41,True
6711,geometria,semana_17_relaciones_de_reas,Geometria,Areas de Regiones,41,True
6712,geometria,semana_17_relaciones_de_reas,Geometria,Areas de Regiones,41,True
6713,geometria,semana_17_relaciones_de_reas,Geometria,Areas de Regiones,41,True
6714,geometria,semana_17_relaciones_de_reas,Geometria,Areas de Regiones,41,True
6715,geometria,semana_17_relaciones_de_reas,Geometria,Areas de Regiones,41,True
6716,geometria,semana_17_relaciones_de_reas,Geometria,Areas de Regiones,41,True
6717,geometria,semana_17_relaciones_de_reas,Geometria,Areas de Regiones,41,True
6718,geometria,semana_17_relaciones_de_reas,Geometria,Areas de Regiones,41,True
6719,geometria,semana_17_relaciones_de_reas,Geometria,Areas de Regiones,41,True
6720,geometria,semana_17_relaciones_de_reas,Geometria,Areas de Regiones,41,True
6721,geometria,semana_17_relaciones_de_reas,Geometria,Areas de Regiones,41,True
6722,geometria,semana_17_relaciones_de_reas,Geometria,Areas de Regiones,41,True
6724,geometria,semana_17_relaciones_de_reas,Geometria,Areas de Regiones,41,True
6725,geometria,semana_17_relaciones_de_reas,Geometria,Areas de Regiones,41,True
6726,geometria,semana_17_relaciones_de_reas,Geometria,Areas de Regiones,41,True
6727,geometria,semana_17_relaciones_de_reas,Geometria,Areas de Regiones,41,True
6728,geometria,semana_17_relaciones_de_reas,Geometria,Areas de Regiones,41,True
6729,geometria,semana_17_relaciones_de_reas,Geometria,Areas de Regiones,41,True
6730,geometria,semana_17_relaciones_de_reas,Geometria,Areas de Regiones,41,True
6731,geometria,semana_17_relaciones_de_reas,Geometria,Areas de Regiones,41,True
6732,geometria,semana_17_relaciones_de_reas,Geometria,Areas de Regiones,41,True
6733,geometria,semana_17_relaciones_de_reas,Geometria,Areas de Regiones,41,True
6734,geometria,semana_17_relaciones_de_reas,Geometria,Areas de Regiones,41,True
6735,geometria,semana_17_relaciones_de_reas,Geometria,Areas de Regiones,41,True
6736,geometria,semana_18_reas_de_regiones_cuadrangulares,Geometria,Areas de Regiones Cuadrangulares,43,True
6737,geometria,semana_18_reas_de_regiones_cuadrangulares,Geometria,Areas de Regiones Cuadrangulares,43,True
6738,geometria,semana_18_reas_de_regiones_cuadrangulares,Geometria,Areas de Regiones Cuadrangulares,43,True
6739,geometria,semana_18_reas_de_regiones_cuadrangulares,Geometria,Areas de Regiones Cuadrangulares,43,True
6740,geometria,semana_18_reas_de_regiones_cuadrangulares,Geometria,Areas de Regiones Cuadrangulares,43,True
6741,geometria,semana_18_reas_de_regiones_cuadrangulares,Geometria,Areas de Regiones Cuadrangulares,43,True
6742,geometria,semana_18_reas_de_regiones_cuadrangulares,Geometria,Areas de Regiones Cuadrangulares,43,True
6743,geometria,semana_18_reas_de_regiones_cuadrangulares,Geometria,Areas de Regiones Cuadrangulares,43,True
6744,geometria,semana_18_reas_de_regiones_cuadrangulares,Geometria,Areas de Regiones Cuadrangulares,43,True
6745,geometria,semana_18_reas_de_regiones_cuadrangulares,Geometria,Areas de Regiones Cuadrangulares,43,True
6746,geometria,semana_18_reas_de_regiones_cuadrangulares,Geometria,Areas de Regiones Cuadrangulares,43,True
6747,geometria,semana_18_reas_de_regiones_cuadrangulares,Geometria,Areas de Regiones Cuadrangulares,43,True
6748,geometria,semana_18_reas_de_regiones_cuadrangulares,Geometria,Areas de Regiones Cuadrangulares,43,True
6749,geometria,semana_18_reas_de_regiones_cuadrangulares,Geometria,Areas de Regiones Cuadrangulares,43,True
6750,geometria,semana_18_reas_de_regiones_cuadrangulares,Geometria,Areas de Regiones Cuadrangulares,43,True
6751,geometria,semana_18_reas_de_regiones_cuadrangulares,Geometria,Areas de Regiones Cuadrangulares,43,True
6752,geometria,semana_18_reas_de_regiones_cuadrangulares,Geometria,Areas de Regiones Cuadrangulares,43,True
6753,geometria,semana_18_reas_de_regiones_cuadrangulares,Geometria,Areas de Regiones Cuadrangulares,43,True
6754,geometria,semana_18_reas_de_regiones_cuadrangulares,Geometria,Areas de Regiones Cuadrangulares,43,True
6755,geometria,semana_18_reas_de_regiones_cuadrangulares,Geometria,Areas de Regiones Cuadrangulares,43,True
6756,geometria,semana_18_reas_de_regiones_cuadrangulares,Geometria,Areas de Regiones Cuadrangulares,43,True
6757,geometria,semana_18_reas_de_regiones_cuadrangulares,Geometria,Areas de Regiones Cuadrangulares,43,True
6758,geometria,semana_18_reas_de_regiones_cuadrangulares,Geometria,Areas de Regiones Cuadrangulares,43,True
6759,geometria,semana_18_reas_de_regiones_cuadrangulares,Geometria,Areas de Regiones Cuadrangulares,43,True
6760,geometria,semana_18_reas_de_regiones_cuadrangulares,Geometria,Areas de Regiones Cuadrangulares,43,True
6761,geometria,semana_18_reas_de_regiones_cuadrangulares,Geometria,Areas de Regiones Cuadrangulares,43,True
6762,geometria,semana_18_reas_de_regiones_cuadrangulares,Geometria,Areas de Regiones Cuadrangulares,43,True
6763,geometria,semana_18_reas_de_regiones_cuadrangulares,Geometria,Areas de Regiones Cuadrangulares,43,True
6764,geometria,semana_18_reas_de_regiones_cuadrangulares,Geometria,Areas de Regiones Cuadrangulares,43,True
6765,geometria,semana_18_reas_de_regiones_cuadrangulares,Geometria,Areas de Regiones Cuadrangulares,43,True
6766,geometria,semana_18_reas_de_regiones_cuadrangulares,Geometria,Areas de Regiones Cuadrangulares,43,True
6767,geometria,semana_18_reas_de_regiones_cuadrangulares,Geometria,Areas de Regiones Cuadrangulares,43,True
6768,geometria,semana_18_reas_de_regiones_cuadrangulares,Geometria,Areas de Regiones Cuadrangulares,43,True
6769,geometria,semana_18_reas_de_regiones_cuadrangulares,Geometria,Areas de Regiones Cuadrangulares,43,True
6770,geometria,semana_18_reas_de_regiones_cuadrangulares,Geometria,Areas de Regiones Cuadrangulares,43,True
6771,geometria,semana_18_reas_de_regiones_cuadrangulares,Geometria,Areas de Regiones Cuadrangulares,43,True
6772,geometria,semana_18_reas_de_regiones_cuadrangulares,Geometria,Areas de Regiones Cuadrangulares,43,True
6773,geometria,semana_18_reas_de_regiones_cuadrangulares,Geometria,Areas de Regiones Cuadrangulares,43,True
6774,geometria,semana_18_reas_de_regiones_cuadrangulares,Geometria,Areas de Regiones Cuadrangulares,43,True
6775,geometria,semana_18_reas_de_regiones_cuadrangulares,Geometria,Areas de Regiones Cuadrangulares,43,True
6776,geometria,semana_19_reas_de_regiones_circulares,Geometria,Areas de Regiones Circulares,42,True
6777,geometria,semana_19_reas_de_regiones_circulares,Geometria,Areas de Regiones Circulares,42,True
6778,geometria,semana_19_reas_de_regiones_circulares,Geometria,Areas de Regiones Circulares,42,True
6779,geometria,semana_19_reas_de_regiones_circulares,Geometria,Areas de Regiones Circulares,42,True
6780,geometria,semana_19_reas_de_regiones_circulares,Geometria,Areas de Regiones Circulares,42,True
6781,geometria,semana_19_reas_de_regiones_circulares,Geometria,Areas de Regiones Circulares,42,True
6782,geometria,semana_19_reas_de_regiones_circulares,Geometria,Areas de Regiones Circulares,42,True
6783,geometria,semana_19_reas_de_regiones_circulares,Geometria,Areas de Regiones Circulares,42,True
6784,geometria,semana_19_reas_de_regiones_circulares,Geometria,Areas de Regiones Circulares,42,True
6785,geometria,semana_19_reas_de_regiones_circulares,Geometria,Areas de Regiones Circulares,42,True
6786,geometria,semana_19_reas_de_regiones_circulares,Geometria,Areas de Regiones Circulares,42,True
6787,geometria,semana_19_reas_de_regiones_circulares,Geometria,Areas de Regiones Circulares,42,True
6788,geometria,semana_19_reas_de_regiones_circulares,Geometria,Areas de Regiones Circulares,42,True
6789,geometria,semana_19_reas_de_regiones_circulares,Geometria,Areas de Regiones Circulares,42,True
6790,geometria,semana_19_reas_de_regiones_circulares,Geometria,Areas de Regiones Circulares,42,True
6791,geometria,semana_19_reas_de_regiones_circulares,Geometria,Areas de Regiones Circulares,42,True
6792,geometria,semana_19_reas_de_regiones_circulares,Geometria,Areas de Regiones Circulares,42,True
6793,geometria,semana_19_reas_de_regiones_circulares,Geometria,Areas de Regiones Circulares,42,True
6794,geometria,semana_19_reas_de_regiones_circulares,Geometria,Areas de Regiones Circulares,42,True
6795,geometria,semana_19_reas_de_regiones_circulares,Geometria,Areas de Regiones Circulares,42,True
6796,geometria,semana_19_reas_de_regiones_circulares,Geometria,Areas de Regiones Circulares,42,True
6797,geometria,semana_19_reas_de_regiones_circulares,Geometria,Areas de Regiones Circulares,42,True
6798,geometria,semana_19_reas_de_regiones_circulares,Geometria,Areas de Regiones Circulares,42,True
6799,geometria,semana_19_reas_de_regiones_circulares,Geometria,Areas de Regiones Circulares,42,True
6800,geometria,semana_19_reas_de_regiones_circulares,Geometria,Areas de Regiones Circulares,42,True
6801,geometria,semana_19_reas_de_regiones_circulares,Geometria,Areas de Regiones Circulares,42,True
6802,geometria,semana_19_reas_de_regiones_circulares,Geometria,Areas de Regiones Circulares,42,True
6803,geometria,semana_19_reas_de_regiones_circulares,Geometria,Areas de Regiones Circulares,42,True
6804,geometria,semana_19_reas_de_regiones_circulares,Geometria,Areas de Regiones Circulares,42,True
6805,geometria,semana_19_reas_de_regiones_circulares,Geometria,Areas de Regiones Circulares,42,True
6806,geometria,semana_19_reas_de_regiones_circulares,Geometria,Areas de Regiones Circulares,42,True
6807,geometria,semana_19_reas_de_regiones_circulares,Geometria,Areas de Regiones Circulares,42,True
6808,geometria,semana_19_reas_de_regiones_circulares,Geometria,Areas de Regiones Circulares,42,True
6809,geometria,semana_19_reas_de_regiones_circulares,Geometria,Areas de Regiones Circulares,42,True
6810,geometria,semana_19_reas_de_regiones_circulares,Geometria,Areas de Regiones Circulares,42,True
6811,geometria,semana_19_reas_de_regiones_circulares,Geometria,Areas de Regiones Circulares,42,True
6812,geometria,semana_19_reas_de_regiones_circulares,Geometria,Areas de Regiones Circulares,42,True
6813,geometria,semana_19_reas_de_regiones_circulares,Geometria,Areas de Regiones Circulares,42,True
6814,geometria,semana_19_reas_de_regiones_circulares,Geometria,Areas de Regiones Circulares,42,True
6815,geometria,semana_19_reas_de_regiones_circulares,Geometria,Areas de Regiones Circulares,42,True
6816,Geometria del Espacio,Rectas y Plano,Geometria del Espacio,Rectas y Planos,102,True
6817,Geometria del Espacio,Rectas y Plano,Geometria del Espacio,Rectas y Planos,102,True
6818,Geometria del Espacio,Rectas y Plano,Geometria del Espacio,Rectas y Planos,102,True
6819,Geometria del Espacio,Rectas y Plano,Geometria del Espacio,Rectas y Planos,102,True
6820,Geometria del Espacio,Rectas y Plano,Geometria del Espacio,Rectas y Planos,102,True
6821,Geometria del Espacio,Rectas y Plano,Geometria del Espacio,Rectas y Planos,102,True
6822,Geometria del Espacio,Rectas y Plano,Geometria del Espacio,Rectas y Planos,102,True
6823,Geometria del Espacio,Rectas y Plano,Geometria del Espacio,Rectas y Planos,102,True
6824,Geometria del Espacio,Rectas y Plano,Geometria del Espacio,Rectas y Planos,102,True
6825,Geometria del Espacio,Rectas y Plano,Geometria del Espacio,Rectas y Planos,102,True
6826,Geometria del Espacio,Rectas y Plano,Geometria del Espacio,Rectas y Planos,102,True
6827,Geometria del Espacio,Rectas y Plano,Geometria del Espacio,Rectas y Planos,102,True
6828,Geometria del Espacio,Rectas y Plano,Geometria del Espacio,Rectas y Planos,102,True
6829,Geometria del Espacio,Rectas y Plano,Geometria del Espacio,Rectas y Planos,102,True
6830,Geometria del Espacio,Rectas y Plano,Geometria del Espacio,Rectas y Planos,102,True
6831,Geometria del Espacio,Rectas y Plano,Geometria del Espacio,Rectas y Planos,102,True
6832,Geometria del Espacio,Rectas y Plano,Geometria del Espacio,Rectas y Planos,102,True
6833,Geometria del Espacio,Rectas y Plano,Geometria del Espacio,Rectas y Planos,102,True
6834,Geometria del Espacio,Rectas y Plano,Geometria del Espacio,Rectas y Planos,102,True
6835,Geometria del Espacio,Rectas y Plano,Geometria del Espacio,Rectas y Planos,102,True
6836,Geometria del Espacio,Rectas y Plano,Geometria del Espacio,Rectas y Planos,102,True
6837,Geometria del Espacio,Rectas y Plano,Geometria del Espacio,Rectas y Planos,102,True
6838,Geometria del Espacio,Rectas y Plano,Geometria del Espacio,Rectas y Planos,102,True
6839,Geometria del Espacio,Rectas y Plano,Geometria del Espacio,Rectas y Planos,102,True
6840,Geometria del Espacio,Rectas y Plano,Geometria del Espacio,Rectas y Planos,102,True
6841,Geometria del Espacio,Rectas y Plano,Geometria del Espacio,Rectas y Planos,102,True
6842,Geometria del Espacio,Rectas y Plano,Geometria del Espacio,Rectas y Planos,102,True
6843,Geometria del Espacio,Rectas y Plano,Geometria del Espacio,Rectas y Planos,102,True
6844,Geometria del Espacio,Rectas y Plano,Geometria del Espacio,Rectas y Planos,102,True
6845,Geometria del Espacio,Rectas y Plano,Geometria del Espacio,Rectas y Planos,102,True
6846,Geometría del Espacio,Angulos Diedros,Geometria del Espacio,Angulos Diedros,92,True
6847,Geometría del Espacio,Angulos Diedros,Geometria del Espacio,Angulos Diedros,92,True
6848,Geometría del Espacio,Angulos Diedros,Geometria del Espacio,Angulos Diedros,92,True
6849,Geometría del Espacio,Angulos Diedros,Geometria del Espacio,Angulos Diedros,92,True
6850,Geometría del Espacio,Angulos Diedros,Geometria del Espacio,Angulos Diedros,92,True
6851,Geometría del Espacio,Angulos Diedros,Geometria del Espacio,Angulos Diedros,92,True
6852,Geometría del Espacio,Angulos Diedros,Geometria del Espacio,Angulos Diedros,92,True
6853,Geometría del Espacio,Angulos Diedros,Geometria del Espacio,Angulos Diedros,92,True
6854,Geometría del Espacio,Angulos Diedros,Geometria del Espacio,Angulos Diedros,92,True
6855,Geometría del Espacio,Angulos Diedros,Geometria del Espacio,Angulos Diedros,92,True
6856,Geometría del Espacio,Angulos Diedros,Geometria del Espacio,Angulos Diedros,92,True
6857,Geometría del Espacio,Angulos Diedros,Geometria del Espacio,Angulos Diedros,92,True
6858,Geometría del Espacio,Angulos Triedros,Geometria del Espacio,Angulos Triedros,93,True
6859,Geometría del Espacio,Angulos Triedros,Geometria del Espacio,Angulos Triedros,93,True
6860,Geometría del Espacio,Angulos Triedros,Geometria del Espacio,Angulos Triedros,93,True
6861,Geometría del Espacio,Angulos Triedros,Geometria del Espacio,Angulos Triedros,93,True
6862,Geometría del Espacio,Angulos Triedros,Geometria del Espacio,Angulos Triedros,93,True
6863,Geometría del Espacio,Angulos Triedros,Geometria del Espacio,Angulos Triedros,93,True
6864,Geometría del Espacio,Angulos Triedros,Geometria del Espacio,Angulos Triedros,93,True
6865,Geometría del Espacio,Angulos Triedros,Geometria del Espacio,Angulos Triedros,93,True
6866,Geometría del Espacio,Angulos Triedros,Geometria del Espacio,Angulos Triedros,93,True
6867,Geometría del Espacio,Angulos Triedros,Geometria del Espacio,Angulos Triedros,93,True
6868,Geometría del Espacio,Angulos Triedros,Geometria del Espacio,Angulos Triedros,93,True
6869,Geometría del Espacio,Angulos Triedros,Geometria del Espacio,Angulos Triedros,93,True
6870,Geometría del Espacio,Angulos Triedros,Geometria del Espacio,Angulos Triedros,93,True
6871,Geometría del Espacio,Angulos Triedros,Geometria del Espacio,Angulos Triedros,93,True
6872,Geometría del Espacio,Angulos Triedros,Geometria del Espacio,Angulos Triedros,93,True
6873,Geometría del Espacio,Angulos Triedros,Geometria del Espacio,Angulos Triedros,93,True
6874,Geometría del Espacio,Angulos Triedros,Geometria del Espacio,Angulos Triedros,93,True
6875,Geometría del Espacio,Angulos Triedros,Geometria del Espacio,Angulos Triedros,93,True
6876,Geometria del espacio,Poliedros,Geometria del Espacio,Poliedros,99,True
6877,Geometria del espacio,Poliedros,Geometria del Espacio,Poliedros,99,True
6878,Geometria del espacio,Poliedros,Geometria del Espacio,Poliedros,99,True
6879,Geometria del espacio,Poliedros,Geometria del Espacio,Poliedros,99,True
6880,Geometria del espacio,Poliedros,Geometria del Espacio,Poliedros,99,True
6881,Geometria del espacio,Poliedros,Geometria del Espacio,Poliedros,99,True
6882,Geometria del espacio,Poliedros,Geometria del Espacio,Poliedros,99,True
6883,Geometria del espacio,Poliedros,Geometria del Espacio,Poliedros,99,True
6884,Geometria del espacio,Poliedros,Geometria del Espacio,Poliedros,99,True
6885,Geometria del espacio,Poliedros,Geometria del Espacio,Poliedros,99,True
6886,Geometria del espacio,Poliedros,Geometria del Espacio,Poliedros,99,True
6887,Geometria del espacio,Poliedros,Geometria del Espacio,Poliedros,99,True
6888,Geometria del espacio,Poliedros,Geometria del Espacio,Poliedros,99,True
6889,Geometria del espacio,Poliedros,Geometria del Espacio,Poliedros,99,True
6890,Geometria del espacio,Poliedros,Geometria del Espacio,Poliedros,99,True
6891,Geometria del espacio,Poliedros,Geometria del Espacio,Poliedros,99,True
6892,Geometria del espacio,Poliedros,Geometria del Espacio,Poliedros,99,True
6893,Geometria del espacio,Poliedros,Geometria del Espacio,Poliedros,99,True
6894,Geometria del espacio,Poliedros,Geometria del Espacio,Poliedros,99,True
6895,Geometria del espacio,Poliedros,Geometria del Espacio,Poliedros,99,True
6896,Geometria del espacio,Poliedros,Geometria del Espacio,Poliedros,99,True
6897,Geometria del espacio,Poliedros,Geometria del Espacio,Poliedros,99,True
6898,Geometria del espacio,Poliedros,Geometria del Espacio,Poliedros,99,True
6899,Geometria del espacio,Poliedros,Geometria del Espacio,Poliedros,99,True
6900,Geometria del espacio,Poliedros,Geometria del Espacio,Poliedros,99,True
6901,Geometria del espacio,Poliedros,Geometria del Espacio,Poliedros,99,True
6902,Geometria del espacio,Poliedros,Geometria del Espacio,Poliedros,99,True
6903,Geometria del espacio,Poliedros,Geometria del Espacio,Poliedros,99,True
6904,Geometria del espacio,Poliedros,Geometria del Espacio,Poliedros,99,True
6905,Geometria del espacio,Poliedros,Geometria del Espacio,Poliedros,99,True
6906,Geometria del espacio,Poliedros regulares,Geometria del Espacio,Poliedros Regulares,100,True
6907,Geometria del espacio,Poliedros regulares,Geometria del Espacio,Poliedros Regulares,100,True
6908,Geometria del espacio,Poliedros regulares,Geometria del Espacio,Poliedros Regulares,100,True
6909,Geometria del espacio,Poliedros regulares,Geometria del Espacio,Poliedros Regulares,100,True
6910,Geometria del espacio,Poliedros regulares,Geometria del Espacio,Poliedros Regulares,100,True
6911,Geometria del espacio,Poliedros regulares,Geometria del Espacio,Poliedros Regulares,100,True
6912,Geometria del espacio,Poliedros regulares,Geometria del Espacio,Poliedros Regulares,100,True
6913,Geometria del espacio,Poliedros regulares,Geometria del Espacio,Poliedros Regulares,100,True
6914,Geometria del espacio,Poliedros regulares,Geometria del Espacio,Poliedros Regulares,100,True
6915,Geometria del espacio,Poliedros regulares,Geometria del Espacio,Poliedros Regulares,100,True
6916,Geometria del espacio,Poliedros regulares,Geometria del Espacio,Poliedros Regulares,100,True
6917,Geometria del espacio,Poliedros regulares,Geometria del Espacio,Poliedros Regulares,100,True
6918,Geometria del espacio,Poliedros regulares,Geometria del Espacio,Poliedros Regulares,100,True
6919,Geometria del espacio,Poliedros regulares,Geometria del Espacio,Poliedros Regulares,100,True
6920,Geometria del espacio,Poliedros regulares,Geometria del Espacio,Poliedros Regulares,100,True
6921,Geometria del espacio,Poliedros regulares,Geometria del Espacio,Poliedros Regulares,100,True
6922,Geometria del espacio,Poliedros regulares,Geometria del Espacio,Poliedros Regulares,100,True
6923,Geometria del espacio,Poliedros regulares,Geometria del Espacio,Poliedros Regulares,100,True
6924,Geometria del espacio,Poliedros regulares,Geometria del Espacio,Poliedros Regulares,100,True
6925,Geometria del espacio,Poliedros regulares,Geometria del Espacio,Poliedros Regulares,100,True
6926,Geometria del espacio,Poliedros regulares,Geometria del Espacio,Poliedros Regulares,100,True
6927,Geometria del espacio,Poliedros regulares,Geometria del Espacio,Poliedros Regulares,100,True
6928,Geometria del espacio,Poliedros regulares,Geometria del Espacio,Poliedros Regulares,100,True
6929,Geometria del espacio,Poliedros regulares,Geometria del Espacio,Poliedros Regulares,100,True
6930,Geometria del espacio,Poliedros regulares,Geometria del Espacio,Poliedros Regulares,100,True
6931,Geometria del espacio,Poliedros regulares,Geometria del Espacio,Poliedros Regulares,100,True
6932,Geometria del espacio,Poliedros regulares,Geometria del Espacio,Poliedros Regulares,100,True
6933,Geometria del espacio,Poliedros regulares,Geometria del Espacio,Poliedros Regulares,100,True
6934,Geometria del espacio,Poliedros regulares,Geometria del Espacio,Poliedros Regulares,100,True
6935,Geometria del espacio,Poliedros regulares,Geometria del Espacio,Poliedros Regulares,100,True
6936,Geometria del espacio,Piramide,Geometria del Espacio,Piramide,98,True
6937,Geometria del espacio,Piramide,Geometria del Espacio,Piramide,98,True
6938,Geometria del espacio,Piramide,Geometria del Espacio,Piramide,98,True
6939,Geometria del espacio,Piramide,Geometria del Espacio,Piramide,98,True
6940,Geometria del espacio,Piramide,Geometria del Espacio,Piramide,98,True
6941,Geometria del espacio,Piramide,Geometria del Espacio,Piramide,98,True
6942,Geometria del espacio,Piramide,Geometria del Espacio,Piramide,98,True
6943,Geometria del espacio,Piramide,Geometria del Espacio,Piramide,98,True
6944,Geometria del espacio,Piramide,Geometria del Espacio,Piramide,98,True
6945,Geometria del espacio,Piramide,Geometria del Espacio,Piramide,98,True
6946,Geometria del espacio,Piramide,Geometria del Espacio,Piramide,98,True
6947,Geometria del espacio,Piramide,Geometria del Espacio,Piramide,98,True
6948,Geometria del espacio,Piramide,Geometria del Espacio,Piramide,98,True
6949,Geometria del espacio,Piramide,Geometria del Espacio,Piramide,98,True
6950,Geometria del espacio,Piramide,Geometria del Espacio,Piramide,98,True
6951,Geometria del espacio,Piramide,Geometria del Espacio,Piramide,98,True
6952,Geometria del espacio,Piramide,Geometria del Espacio,Piramide,98,True
6953,Geometria del espacio,Piramide,Geometria del Espacio,Piramide,98,True
6954,Geometria del espacio,Piramide,Geometria del Espacio,Piramide,98,True
6955,Geometria del espacio,Piramide,Geometria del Espacio,Piramide,98,True
6956,Geometria del espacio,Piramide,Geometria del Espacio,Piramide,98,True
6957,Geometria del espacio,Piramide,Geometria del Espacio,Piramide,98,True
6958,Geometria del espacio,Piramide,Geometria del Espacio,Piramide,98,True
6959,Geometria del espacio,Piramide,Geometria del Espacio,Piramide,98,True
6960,Geometria del espacio,Piramide,Geometria del Espacio,Piramide,98,True
6961,Geometria del espacio,Piramide,Geometria del Espacio,Piramide,98,True
6962,Geometria del espacio,Piramide,Geometria del Espacio,Piramide,98,True
6963,Geometria del espacio,Piramide,Geometria del Espacio,Piramide,98,True
6964,Geometria del espacio,Piramide,Geometria del Espacio,Piramide,98,True
6965,Geometria del espacio,Piramide,Geometria del Espacio,Piramide,98,True
6966,Geometria del espacio,Cilindro,Geometria del Espacio,Cilindro,94,True
6967,Geometria del espacio,Cilindro,Geometria del Espacio,Cilindro,94,True
6968,Geometria del espacio,Cilindro,Geometria del Espacio,Cilindro,94,True
6969,Geometria del espacio,Cilindro,Geometria del Espacio,Cilindro,94,True
6970,Geometria del espacio,Cilindro,Geometria del Espacio,Cilindro,94,True
6971,Geometria del espacio,Cilindro,Geometria del Espacio,Cilindro,94,True
6972,Geometria del espacio,Cilindro,Geometria del Espacio,Cilindro,94,True
6973,Geometria del espacio,Cilindro,Geometria del Espacio,Cilindro,94,True
6974,Geometria del espacio,Cilindro,Geometria del Espacio,Cilindro,94,True
6975,Geometria del espacio,Cilindro,Geometria del Espacio,Cilindro,94,True
6976,Geometria del espacio,Cilindro,Geometria del Espacio,Cilindro,94,True
6977,Geometria del espacio,Cilindro,Geometria del Espacio,Cilindro,94,True
6978,Geometria del espacio,Cilindro,Geometria del Espacio,Cilindro,94,True
6979,Geometria del espacio,Cilindro,Geometria del Espacio,Cilindro,94,True
6980,Geometria del espacio,Cilindro,Geometria del Espacio,Cilindro,94,True
6981,Geometria del espacio,Cilindro,Geometria del Espacio,Cilindro,94,True
6982,Geometria del espacio,Cilindro,Geometria del Espacio,Cilindro,94,True
6983,Geometria del espacio,Cilindro,Geometria del Espacio,Cilindro,94,True
6984,Geometria del espacio,Cilindro,Geometria del Espacio,Cilindro,94,True
6985,Geometria del espacio,Cilindro,Geometria del Espacio,Cilindro,94,True
6986,Geometria del espacio,Cilindro,Geometria del Espacio,Cilindro,94,True
6987,Geometria del espacio,Cilindro,Geometria del Espacio,Cilindro,94,True
6988,Geometria del espacio,Cilindro,Geometria del Espacio,Cilindro,94,True
6989,Geometria del espacio,Cilindro,Geometria del Espacio,Cilindro,94,True
6990,Geometria del espacio,Cilindro,Geometria del Espacio,Cilindro,94,True
6991,Geometria del espacio,Cilindro,Geometria del Espacio,Cilindro,94,True
6992,Geometria del espacio,Cilindro,Geometria del Espacio,Cilindro,94,True
6993,Geometria del espacio,Cilindro,Geometria del Espacio,Cilindro,94,True
6994,Geometria del espacio,Cilindro,Geometria del Espacio,Cilindro,94,True
6995,Geometria del espacio,Cilindro,Geometria del Espacio,Cilindro,94,True
6996,Geometria del espacio,Cono,Geometria del Espacio,Cono,95,True
6997,Geometria del espacio,Cono,Geometria del Espacio,Cono,95,True
6998,Geometria del espacio,Cono,Geometria del Espacio,Cono,95,True
6999,Geometria del espacio,Cono,Geometria del Espacio,Cono,95,True
7000,Geometria del espacio,Cono,Geometria del Espacio,Cono,95,True
7001,Geometria del espacio,Cono,Geometria del Espacio,Cono,95,True
7002,Geometria del espacio,Cono,Geometria del Espacio,Cono,95,True
7003,Geometria del espacio,Cono,Geometria del Espacio,Cono,95,True
7004,Geometria del espacio,Cono,Geometria del Espacio,Cono,95,True
7005,Geometria del espacio,Cono,Geometria del Espacio,Cono,95,True
7006,Geometria del espacio,Cono,Geometria del Espacio,Cono,95,True
7007,Geometria del espacio,Cono,Geometria del Espacio,Cono,95,True
7008,Geometria del espacio,Cono,Geometria del Espacio,Cono,95,True
7009,Geometria del espacio,Cono,Geometria del Espacio,Cono,95,True
7010,Geometria del espacio,Cono,Geometria del Espacio,Cono,95,True
7011,Geometria del espacio,Cono,Geometria del Espacio,Cono,95,True
7012,Geometria del espacio,Cono,Geometria del Espacio,Cono,95,True
7013,Geometria del espacio,Cono,Geometria del Espacio,Cono,95,True
7014,Geometria del espacio,Cono,Geometria del Espacio,Cono,95,True
7015,Geometria del espacio,Cono,Geometria del Espacio,Cono,95,True
7016,Geometria del espacio,Cono,Geometria del Espacio,Cono,95,True
7017,Geometria del espacio,Cono,Geometria del Espacio,Cono,95,True
7018,Geometria del espacio,Cono,Geometria del Espacio,Cono,95,True
7019,Geometria del espacio,Cono,Geometria del Espacio,Cono,95,True
7020,Geometria del espacio,Cono,Geometria del Espacio,Cono,95,True
7021,Geometria del espacio,Cono,Geometria del Espacio,Cono,95,True
7022,Geometria del espacio,Cono,Geometria del Espacio,Cono,95,True
7023,Geometria del espacio,Cono,Geometria del Espacio,Cono,95,True
7024,Geometria del espacio,Cono,Geometria del Espacio,Cono,95,True
7025,Geometria del espacio,Cono,Geometria del Espacio,Cono,95,True
7026,Geometria del espacio,Rectas y Planos,Geometria del Espacio,Rectas y Planos,102,True
7027,Geometria del espacio,Rectas y Planos,Geometria del Espacio,Rectas y Planos,102,True
7028,Geometria del espacio,Rectas y Planos,Geometria del Espacio,Rectas y Planos,102,True
7029,Geometria del espacio,Rectas y Planos,Geometria del Espacio,Rectas y Planos,102,True
7030,Geometria del espacio,Rectas y Planos,Geometria del Espacio,Rectas y Planos,102,True
7031,Geometria del espacio,Rectas y Planos,Geometria del Espacio,Rectas y Planos,102,True
7032,Geometria del espacio,Rectas y Planos,Geometria del Espacio,Rectas y Planos,102,True
7033,Geometria del espacio,Rectas y Planos,Geometria del Espacio,Rectas y Planos,102,True
7034,Geometria del espacio,Rectas y Planos,Geometria del Espacio,Rectas y Planos,102,True
7035,Geometria del espacio,Rectas y Planos,Geometria del Espacio,Rectas y Planos,102,True
7036,Geometria del espacio,Rectas y Planos,Geometria del Espacio,Rectas y Planos,102,True
7037,Geometria del espacio,Rectas y Planos,Geometria del Espacio,Rectas y Planos,102,True
7038,Geometria del espacio,Rectas y Planos,Geometria del Espacio,Rectas y Planos,102,True
7039,Geometria del espacio,Rectas y Planos,Geometria del Espacio,Rectas y Planos,102,True
7040,Geometria del espacio,Rectas y Planos,Geometria del Espacio,Rectas y Planos,102,True
7041,Geometria del espacio,Esfera y Pappus,Geometria del Espacio,Esfera y Pappus,97,True
7042,Geometria del espacio,Esfera y Pappus,Geometria del Espacio,Esfera y Pappus,97,True
7043,Geometria del espacio,Esfera y Pappus,Geometria del Espacio,Esfera y Pappus,97,True
7044,Geometria del espacio,Esfera y Pappus,Geometria del Espacio,Esfera y Pappus,97,True
7045,Geometria del espacio,Esfera y Pappus,Geometria del Espacio,Esfera y Pappus,97,True
7046,Geometria del espacio,Esfera y Pappus,Geometria del Espacio,Esfera y Pappus,97,True
7047,Geometria del espacio,Esfera y Pappus,Geometria del Espacio,Esfera y Pappus,97,True
7048,Geometria del espacio,Esfera y Pappus,Geometria del Espacio,Esfera y Pappus,97,True
7049,Geometria del espacio,Esfera y Pappus,Geometria del Espacio,Esfera y Pappus,97,True
7050,Geometria del espacio,Esfera y Pappus,Geometria del Espacio,Esfera y Pappus,97,True
7051,Geometria del espacio,Esfera y Pappus,Geometria del Espacio,Esfera y Pappus,97,True
7052,Geometria del espacio,Esfera y Pappus,Geometria del Espacio,Esfera y Pappus,97,True
7053,Geometria del espacio,Esfera y Pappus,Geometria del Espacio,Esfera y Pappus,97,True
7054,Geometria del espacio,Esfera y Pappus,Geometria del Espacio,Esfera y Pappus,97,True
7055,Geometria del espacio,Esfera y Pappus,Geometria del Espacio,Esfera y Pappus,97,True
7056,Geometria del espacio,Esfera y Pappus,Geometria del Espacio,Esfera y Pappus,97,True
7057,Geometria del espacio,Esfera y Pappus,Geometria del Espacio,Esfera y Pappus,97,True
7058,Geometria del espacio,Esfera y Pappus,Geometria del Espacio,Esfera y Pappus,97,True
7059,Geometria del espacio,Esfera y Pappus,Geometria del Espacio,Esfera y Pappus,97,True
7060,Geometria del espacio,Esfera y Pappus,Geometria del Espacio,Esfera y Pappus,97,True
7061,Geometria del espacio,Esfera y Pappus,Geometria del Espacio,Esfera y Pappus,97,True
7062,Geometria del espacio,Esfera y Pappus,Geometria del Espacio,Esfera y Pappus,97,True
7063,Geometria del espacio,Esfera y Pappus,Geometria del Espacio,Esfera y Pappus,97,True
7064,Geometria del espacio,Esfera y Pappus,Geometria del Espacio,Esfera y Pappus,97,True
7065,Geometria del espacio,Esfera y Pappus,Geometria del Espacio,Esfera y Pappus,97,True
7066,Geometria del espacio,Esfera y Pappus,Geometria del Espacio,Esfera y Pappus,97,True
7067,Geometria del espacio,Esfera y Pappus,Geometria del Espacio,Esfera y Pappus,97,True
7068,Geometria del espacio,Esfera y Pappus,Geometria del Espacio,Esfera y Pappus,97,True
7069,Geometria del espacio,Esfera y Pappus,Geometria del Espacio,Esfera y Pappus,97,True
7070,Geometria del espacio,Esfera y Pappus,Geometria del Espacio,Esfera y Pappus,97,True
7071,Geometria del espacio,Rectas y Planos,Geometria del Espacio,Rectas y Planos,102,True
7072,Geometria del espacio,Rectas y Planos,Geometria del Espacio,Rectas y Planos,102,True
7073,Geometria del espacio,Rectas y Planos,Geometria del Espacio,Rectas y Planos,102,True
7074,Geometria del espacio,Rectas y Planos,Geometria del Espacio,Rectas y Planos,102,True
7075,Geometria del espacio,Rectas y Planos,Geometria del Espacio,Rectas y Planos,102,True
7076,Geometria del espacio,Rectas y Planos,Geometria del Espacio,Rectas y Planos,102,True
7077,Geometria del espacio,Rectas y Planos,Geometria del Espacio,Rectas y Planos,102,True
7078,Geometria del espacio,Rectas y Planos,Geometria del Espacio,Rectas y Planos,102,True
7079,Geometria del espacio,Rectas y Planos,Geometria del Espacio,Rectas y Planos,102,True
7080,Geometria del espacio,Rectas y Planos,Geometria del Espacio,Rectas y Planos,102,True
7081,Geometria del espacio,Rectas y Planos,Geometria del Espacio,Rectas y Planos,102,True
7082,Geometria del espacio,Rectas y Planos,Geometria del Espacio,Rectas y Planos,102,True
7083,Geometria del espacio,Rectas y Planos,Geometria del Espacio,Rectas y Planos,102,True
7084,Geometria del espacio,Rectas y Planos,Geometria del Espacio,Rectas y Planos,102,True
7085,Geometria del espacio,Rectas y Planos,Geometria del Espacio,Rectas y Planos,102,True
7086,Geometria del espacio,Prismas,Geometria del Espacio,Prismas,101,True
7087,Geometria del espacio,Prismas,Geometria del Espacio,Prismas,101,True
7088,Geometria del espacio,Prismas,Geometria del Espacio,Prismas,101,True
7089,Geometria del espacio,Prismas,Geometria del Espacio,Prismas,101,True
7090,Geometria del espacio,Prismas,Geometria del Espacio,Prismas,101,True
7091,Geometria del espacio,Prismas,Geometria del Espacio,Prismas,101,True
7092,Geometria del espacio,Prismas,Geometria del Espacio,Prismas,101,True
7093,Geometria del espacio,Prismas,Geometria del Espacio,Prismas,101,True
7094,Geometria del espacio,Prismas,Geometria del Espacio,Prismas,101,True
7095,Geometria del espacio,Prismas,Geometria del Espacio,Prismas,101,True
7096,Geometria del espacio,Prismas,Geometria del Espacio,Prismas,101,True
7097,Geometria del espacio,Prismas,Geometria del Espacio,Prismas,101,True
7098,Geometria del espacio,Prismas,Geometria del Espacio,Prismas,101,True
7099,Geometria del espacio,Prismas,Geometria del Espacio,Prismas,101,True
7100,Geometria del espacio,Prismas,Geometria del Espacio,Prismas,101,True
7101,Geometria del espacio,Cilindro,Geometria del Espacio,Cilindro,94,True
7102,Geometria del espacio,Cilindro,Geometria del Espacio,Cilindro,94,True
7103,Geometria del espacio,Cilindro,Geometria del Espacio,Cilindro,94,True
7104,Geometria del espacio,Cilindro,Geometria del Espacio,Cilindro,94,True
7105,Geometria del espacio,Cilindro,Geometria del Espacio,Cilindro,94,True
7106,Geometria del espacio,Cilindro,Geometria del Espacio,Cilindro,94,True
7107,Geometria del espacio,Cilindro,Geometria del Espacio,Cilindro,94,True
7108,Geometria del espacio,Cilindro,Geometria del Espacio,Cilindro,94,True
7109,Geometria del espacio,Cilindro,Geometria del Espacio,Cilindro,94,True
7110,Geometria del espacio,Cilindro,Geometria del Espacio,Cilindro,94,True
7111,Geometria del espacio,Cilindro,Geometria del Espacio,Cilindro,94,True
7112,Geometria del espacio,Cilindro,Geometria del Espacio,Cilindro,94,True
7113,Geometria del espacio,Cilindro,Geometria del Espacio,Cilindro,94,True
7114,Geometria del espacio,Cilindro,Geometria del Espacio,Cilindro,94,True
7115,Geometria del espacio,Cilindro,Geometria del Espacio,Cilindro,94,True
7116,Geometria del espacio,Angulos Diedros,Geometria del Espacio,Angulos Diedros,92,True
7117,Geometria del espacio,Angulos Diedros,Geometria del Espacio,Angulos Diedros,92,True
7118,Geometria del espacio,Angulos Diedros,Geometria del Espacio,Angulos Diedros,92,True
7119,Geometria del espacio,Angulos Diedros,Geometria del Espacio,Angulos Diedros,92,True
7120,Geometria del espacio,Angulos Diedros,Geometria del Espacio,Angulos Diedros,92,True
7121,Geometria del espacio,Angulos Diedros,Geometria del Espacio,Angulos Diedros,92,True
7122,Geometria del espacio,Rectas y Planos,Geometria del Espacio,Rectas y Planos,102,True
7123,Geometria del espacio,Angulos Diedros,Geometria del Espacio,Angulos Diedros,92,True
7124,Geometria del espacio,Rectas y Planos,Geometria del Espacio,Rectas y Planos,102,True
7125,Geometria del espacio,Angulos Diedros,Geometria del Espacio,Angulos Diedros,92,True
7126,Geometria del espacio,Rectas y Planos,Geometria del Espacio,Rectas y Planos,102,True
7127,Geometria del espacio,Rectas y Planos,Geometria del Espacio,Rectas y Planos,102,True
7128,Geometria del espacio,Rectas y Planos,Geometria del Espacio,Rectas y Planos,102,True
7129,Geometria del espacio,Rectas y Planos,Geometria del Espacio,Rectas y Planos,102,True
7130,Geometria del espacio,Angulos Diedros,Geometria del Espacio,Angulos Diedros,92,True
7131,Geometria del espacio,Piramide,Geometria del Espacio,Piramide,98,True
7132,Geometria del espacio,Piramide,Geometria del Espacio,Piramide,98,True
7133,Geometria del espacio,Piramide,Geometria del Espacio,Piramide,98,True
7134,Geometria del espacio,Piramide,Geometria del Espacio,Piramide,98,True
7135,Geometria del espacio,Piramide,Geometria del Espacio,Piramide,98,True
7136,Geometria del espacio,Piramide,Geometria del Espacio,Piramide,98,True
7137,Geometria del espacio,Piramide,Geometria del Espacio,Piramide,98,True
7138,Geometria del espacio,Piramide,Geometria del Espacio,Piramide,98,True
7139,Geometria del espacio,Piramide,Geometria del Espacio,Piramide,98,True
7140,Geometria del espacio,Piramide,Geometria del Espacio,Piramide,98,True
7141,Geometria del espacio,Piramide,Geometria del Espacio,Piramide,98,True
7142,Geometria del espacio,Piramide,Geometria del Espacio,Piramide,98,True
7143,Geometria del espacio,Piramide,Geometria del Espacio,Piramide,98,True
7144,Geometria del espacio,Piramide,Geometria del Espacio,Piramide,98,True
7145,Geometria del espacio,Piramide,Geometria del Espacio,Piramide,98,True
7146,Geometria del espacio,Cono,Geometria del Espacio,Cono,95,True
7147,Geometria del espacio,Cono,Geometria del Espacio,Cono,95,True
7148,Geometria del espacio,Cono,Geometria del Espacio,Cono,95,True
7149,Geometria del espacio,Cono,Geometria del Espacio,Cono,95,True
7150,Geometria del espacio,Cono,Geometria del Espacio,Cono,95,True
7151,Geometria del espacio,Cono,Geometria del Espacio,Cono,95,True
7152,Geometria del espacio,Cono,Geometria del Espacio,Cono,95,True
7153,Geometria del espacio,Cono,Geometria del Espacio,Cono,95,True
7154,Geometria del espacio,Cono,Geometria del Espacio,Cono,95,True
7155,Geometria del espacio,Cono,Geometria del Espacio,Cono,95,True
7156,Geometria del espacio,Cono,Geometria del Espacio,Cono,95,True
7157,Geometria del espacio,Cono,Geometria del Espacio,Cono,95,True
7158,Geometria del espacio,Cono,Geometria del Espacio,Cono,95,True
7159,Geometria del espacio,Cono,Geometria del Espacio,Cono,95,True
7160,Geometria del espacio,Cono,Geometria del Espacio,Cono,95,True
7161,Geometria del espacio,Esfera,Geometria del Espacio,Esfera,96,True
7162,Geometria del espacio,Esfera,Geometria del Espacio,Esfera,96,True
7163,Geometria del espacio,Esfera,Geometria del Espacio,Esfera,96,True
7164,Geometria del espacio,Esfera,Geometria del Espacio,Esfera,96,True
7165,Geometria del espacio,Esfera,Geometria del Espacio,Esfera,96,True
7166,Geometria del espacio,Esfera,Geometria del Espacio,Esfera,96,True
7167,Geometria del espacio,Esfera,Geometria del Espacio,Esfera,96,True
7168,Geometria del espacio,Esfera,Geometria del Espacio,Esfera,96,True
7169,Geometria del espacio,Esfera,Geometria del Espacio,Esfera,96,True
7170,Geometria del espacio,Esfera,Geometria del Espacio,Esfera,96,True
7171,Geometria del espacio,Esfera,Geometria del Espacio,Esfera,96,True
7172,Geometria del espacio,Esfera,Geometria del Espacio,Esfera,96,True
7173,Geometria del espacio,Esfera,Geometria del Espacio,Esfera,96,True
7174,Geometria del espacio,Esfera,Geometria del Espacio,Esfera,96,True
7175,Geometria del espacio,Esfera,Geometria del Espacio,Esfera,96,True
7176,Geometria del espacio,Prismas,Geometria del Espacio,Prismas,101,True
7177,Geometria del espacio,Prismas,Geometria del Espacio,Prismas,101,True
7178,Geometria del espacio,Prismas,Geometria del Espacio,Prismas,101,True
7179,Geometria del espacio,Prismas,Geometria del Espacio,Prismas,101,True
7180,Geometria del espacio,Prismas,Geometria del Espacio,Prismas,101,True
7181,Geometria del espacio,Prismas,Geometria del Espacio,Prismas,101,True
7182,Geometria del espacio,Prismas,Geometria del Espacio,Prismas,101,True
7183,Geometria del espacio,Prismas,Geometria del Espacio,Prismas,101,True
7184,Geometria del espacio,Prismas,Geometria del Espacio,Prismas,101,True
7185,Geometria del espacio,Prismas,Geometria del Espacio,Prismas,101,True
7186,Geometria del espacio,Prismas,Geometria del Espacio,Prismas,101,True
7187,Geometria del espacio,Prismas,Geometria del Espacio,Prismas,101,True
7188,Geometria del espacio,Prismas,Geometria del Espacio,Prismas,101,True
7189,Geometria del espacio,Prismas,Geometria del Espacio,Prismas,101,True
7190,Geometria del espacio,Prismas,Geometria del Espacio,Prismas,101,True
7231,Algebra,Sumatorias,Algebra,Sumatorias,34,True
7232,Algebra,Sumatorias,Algebra,Sumatorias,34,True
7233,Algebra,Sumatorias,Algebra,Sumatorias,34,True
7234,Algebra,Sumatorias,Algebra,Sumatorias,34,True
7235,Algebra,Sumatorias,Algebra,Sumatorias,34,True
7236,Algebra,Sumatorias,Algebra,Sumatorias,34,True
7237,Algebra,Sumatorias,Algebra,Sumatorias,34,True
7238,Algebra,Sumatorias,Algebra,Sumatorias,34,True
7239,Algebra,Sumatorias,Algebra,Sumatorias,34,True
7240,Algebra,Sumatorias,Algebra,Sumatorias,34,True
7241,Algebra,Sumatorias,Algebra,Sumatorias,34,True
7242,Algebra,Sumatorias,Algebra,Sumatorias,34,True
7243,Algebra,Sumatorias,Algebra,Sumatorias,34,True
7244,Algebra,Sumatorias,Algebra,Sumatorias,34,True
7245,Algebra,Sumatorias,Algebra,Sumatorias,34,True
7246,Algebra,Sumatorias,Algebra,Sumatorias,34,True
7247,Algebra,Sumatorias,Algebra,Sumatorias,34,True
7248,Algebra,Sumatorias,Algebra,Sumatorias,34,True
7249,Algebra,Factorial,Algebra,Factorial,12,True
7250,Algebra,Factorial,Algebra,Factorial,12,True
7251,Algebra,Factorial,Algebra,Factorial,12,True
7252,Algebra,Factorial,Algebra,Factorial,12,True
7253,Algebra,Factorial,Algebra,Factorial,12,True
7254,Algebra,Factorial,Algebra,Factorial,12,True
7255,Algebra,Factorial,Algebra,Factorial,12,True
7256,Algebra,Factorial,Algebra,Factorial,12,True
7257,Algebra,Factorial,Algebra,Factorial,12,True
7258,Algebra,Factorial,Algebra,Factorial,12,True
7259,Algebra,Factorial,Algebra,Factorial,12,True
7260,Algebra,Factorial,Algebra,Factorial,12,True
7261,Algebra,Factorial,Algebra,Factorial,12,True
7262,Algebra,Factorial,Algebra,Factorial,12,True
7263,Algebra,Factorial,Algebra,Factorial,12,True
7264,Algebra,Factorial,Algebra,Factorial,12,True
7265,Algebra,Factorial,Algebra,Factorial,12,True
7266,Algebra,Factorial,Algebra,Factorial,12,True
7267,Algebra,Factorial,Algebra,Factorial,12,True
7268,Algebra,Combinatoria,Algebra,Combinatoria,3,True
7269,Algebra,Combinatoria,Algebra,Combinatoria,3,True
7270,Algebra,Operaciones algebraicas,Algebra,Operaciones Basicas,26,True
7271,Algebra,Combinatoria,Algebra,Combinatoria,3,True
7272,Algebra,Combinatoria,Algebra,Combinatoria,3,True
7273,Algebra,Combinatoria,Algebra,Combinatoria,3,True
7274,Algebra,Combinatoria,Algebra,Combinatoria,3,True
7275,Algebra,Combinatoria,Algebra,Combinatoria,3,True
7276,Algebra,Combinatoria,Algebra,Combinatoria,3,True
7277,Algebra,Combinatoria,Algebra,Combinatoria,3,True
7278,Algebra,Combinatoria,Algebra,Combinatoria,3,True
7279,Algebra,Combinatoria,Algebra,Combinatoria,3,True
7280,Algebra,Combinatoria,Algebra,Combinatoria,3,True
7281,Algebra,Combinatoria,Algebra,Combinatoria,3,True
7282,Algebra,Combinatoria,Algebra,Combinatoria,3,True
7283,Algebra,Combinatoria,Algebra,Combinatoria,3,True
7284,Algebra,Combinatoria,Algebra,Combinatoria,3,True
7285,Algebra,Combinatoria,Algebra,Combinatoria,3,True
7286,Algebra,Combinatoria,Algebra,Combinatoria,3,True
7287,Algebra,Combinatoria,Algebra,Combinatoria,3,True
7288,Algebra,Combinatoria,Algebra,Combinatoria,3,True
7289,Algebra,Combinatoria,Algebra,Combinatoria,3,True
7290,Algebra,Combinatoria,Algebra,Combinatoria,3,True
7291,Algebra,Combinatoria,Algebra,Combinatoria,3,True
7292,Algebra,Combinatoria,Algebra,Combinatoria,3,True
7293,Algebra,Combinatoria,Algebra,Combinatoria,3,True
7294,Algebra,Combinatoria,Algebra,Combinatoria,3,True
7295,Algebra,Combinatoria,Algebra,Combinatoria,3,True
7296,Algebra,Combinatoria,Algebra,Combinatoria,3,True
7297,Algebra,Combinatoria,Algebra,Combinatoria,3,True
7298,Algebra,Combinatoria,Algebra,Combinatoria,3,True
7299,Algebra,Combinatoria,Algebra,Combinatoria,3,True
7300,Algebra,Combinatoria,Algebra,Combinatoria,3,True
7301,Algebra,Combinatoria,Algebra,Combinatoria,3,True
7302,Algebra,Combinatoria,Algebra,Combinatoria,3,True
7303,Algebra,Combinatoria,Algebra,Combinatoria,3,True
7304,Algebra,Combinatoria,Algebra,Combinatoria,3,True
7305,Algebra,Combinatoria,Algebra,Combinatoria,3,True
7306,Algebra,Combinatoria,Algebra,Combinatoria,3,True
7307,Algebra,Combinatoria,Algebra,Combinatoria,3,True
7308,Algebra,Combinatoria,Algebra,Combinatoria,3,True
7309,Algebra,Combinatoria,Algebra,Combinatoria,3,True
7310,Algebra,Combinatoria,Algebra,Combinatoria,3,True
7311,Algebra,Combinatoria,Algebra,Combinatoria,3,True
7312,Algebra,Combinatoria,Algebra,Combinatoria,3,True
7313,Algebra,Combinatoria,Algebra,Combinatoria,3,True
7314,Algebra,Combinatoria,Algebra,Combinatoria,3,True
7315,Algebra,Combinatoria,Algebra,Combinatoria,3,True
7316,Algebra,Combinatoria,Algebra,Combinatoria,3,True
7317,Algebra,Combinatoria,Algebra,Combinatoria,3,True
7318,Algebra,Combinatoria,Algebra,Combinatoria,3,True
7319,Algebra,Combinatoria,Algebra,Combinatoria,3,True
7320,Algebra,Combinatoria,Algebra,Combinatoria,3,True
7321,Algebra,Binomio de Newton,Algebra,Binomio de Newton,1,True
7322,Algebra,Binomio de Newton,Algebra,Binomio de Newton,1,True
7323,Algebra,Binomio de Newton,Algebra,Binomio de Newton,1,True
7324,Algebra,Binomio de Newton,Algebra,Binomio de Newton,1,True
7325,Algebra,Binomio de Newton,Algebra,Binomio de Newton,1,True
7326,Algebra,Binomio de Newton,Algebra,Binomio de Newton,1,True
7327,Algebra,Binomio de Newton,Algebra,Binomio de Newton,1,True
7328,Algebra,Binomio de Newton,Algebra,Binomio de Newton,1,True
7329,Algebra,Binomio de Newton,Algebra,Binomio de Newton,1,True
7330,Algebra,Binomio de Newton,Algebra,Binomio de Newton,1,True
7331,Algebra,Binomio de Newton,Algebra,Binomio de Newton,1,True
7332,Algebra,Binomio de Newton,Algebra,Binomio de Newton,1,True
7333,Algebra,Binomio de Newton,Algebra,Binomio de Newton,1,True
7334,Algebra,Binomio de Newton,Algebra,Binomio de Newton,1,True
7335,Algebra,Binomio de Newton,Algebra,Binomio de Newton,1,True
7336,Algebra,Binomio de Newton,Algebra,Binomio de Newton,1,True
7337,Algebra,Binomio de Newton,Algebra,Binomio de Newton,1,True
7338,Algebra,Binomio de Newton,Algebra,Binomio de Newton,1,True
7339,Algebra,Binomio de Newton,Algebra,Binomio de Newton,1,True
7340,Algebra,Binomio de Newton,Algebra,Binomio de Newton,1,True
7341,Algebra,Binomio de Newton,Algebra,Binomio de Newton,1,True
7342,Algebra,Binomio de Newton,Algebra,Binomio de Newton,1,True
7343,Algebra,Binomio de Newton,Algebra,Binomio de Newton,1,True
7344,Algebra,Binomio de Newton,Algebra,Binomio de Newton,1,True
7345,Algebra,Binomio de Newton,Algebra,Binomio de Newton,1,True
7346,Algebra,Binomio de Newton,Algebra,Binomio de Newton,1,True
7347,Algebra,Binomio de Newton,Algebra,Binomio de Newton,1,True
7348,Algebra,Binomio de Newton,Algebra,Binomio de Newton,1,True
7349,Algebra,Binomio de Newton,Algebra,Binomio de Newton,1,True
7350,Algebra,Binomio de Newton,Algebra,Binomio de Newton,1,True
7351,Algebra,Binomio de Newton,Algebra,Binomio de Newton,1,True
7360,Algebra,Factorial,Algebra,Factorial,12,True
7361,Algebra,Factorial,Algebra,Factorial,12,True
7362,Algebra,Factorial,Algebra,Factorial,12,True
7363,Algebra,Factorial,Algebra,Factorial,12,True
7364,Algebra,Binomio de Newton,Algebra,Binomio de Newton,1,True
7365,Algebra,Binomio de Newton,Algebra,Binomio de Newton,1,True
7366,Algebra,Binomio de Newton,Algebra,Binomio de Newton,1,True
7367,Algebra,Binomio de Newton,Algebra,Binomio de Newton,1,True
7368,Algebra,Binomio de Newton,Algebra,Binomio de Newton,1,True
7369,Algebra,Binomio de Newton,Algebra,Binomio de Newton,1,True
7370,Algebra,Binomio de Newton,Algebra,Binomio de Newton,1,True
7371,Algebra,Binomio de Newton,Algebra,Binomio de Newton,1,True
7372,Algebra,Binomio de Newton,Algebra,Binomio de Newton,1,True
7373,Algebra,Binomio de Newton,Algebra,Binomio de Newton,1,True
7374,Algebra,Binomio de Newton,Algebra,Binomio de Newton,1,True
7375,Algebra,Binomio de Newton,Algebra,Binomio de Newton,1,True
7376,Algebra,Binomio de Newton,Algebra,Binomio de Newton,1,True
7377,Algebra,Binomio de Newton,Algebra,Binomio de Newton,1,True
7378,Algebra,Sumatorias,Algebra,Sumatorias,34,True
7379,Algebra,Factorial,Algebra,Factorial,12,True
7380,Algebra,Factorial,Algebra,Factorial,12,True
7381,Algebra,Factorial,Algebra,Factorial,12,True
7382,Algebra,Factorial,Algebra,Factorial,12,True
7383,Algebra,Combinatoria,Algebra,Combinatoria,3,True
7384,Algebra,Combinatoria,Algebra,Combinatoria,3,True
7385,Algebra,Combinatoria,Algebra,Combinatoria,3,True
7386,Algebra,Combinatoria,Algebra,Combinatoria,3,True
7387,Algebra,Combinatoria,Algebra,Combinatoria,3,True
7388,Algebra,Binomio de Newton,Algebra,Binomio de Newton,1,True
7389,Algebra,Binomio de Newton,Algebra,Binomio de Newton,1,True
7390,Algebra,Binomio de Newton,Algebra,Binomio de Newton,1,True
7391,Algebra,Binomio de Newton,Algebra,Binomio de Newton,1,True
7392,Algebra,Binomio de Newton,Algebra,Binomio de Newton,1,True
7393,Algebra,Binomio de Newton,Algebra,Binomio de Newton,1,True
7394,Algebra,Factorial,Algebra,Factorial,12,True
7395,Algebra,Factorial,Algebra,Factorial,12,True
7396,Algebra,Factorial,Algebra,Factorial,12,True
7397,Algebra,Combinatoria,Algebra,Combinatoria,3,True
7398,Algebra,Combinatoria,Algebra,Combinatoria,3,True
7399,Algebra,Combinatoria,Algebra,Combinatoria,3,True
7400,Algebra,Combinatoria,Algebra,Combinatoria,3,True
7401,Algebra,Binomio de Newton,Algebra,Binomio de Newton,1,True
7402,Algebra,Binomio de Newton,Algebra,Binomio de Newton,1,True
7403,Algebra,Binomio de Newton,Algebra,Binomio de Newton,1,True
7404,Algebra,Binomio de Newton,Algebra,Binomio de Newton,1,True
7405,Algebra,Binomio de Newton,Algebra,Binomio de Newton,1,True
7406,Algebra,Binomio de Newton,Algebra,Binomio de Newton,1,True
7407,Algebra,Binomio de Newton,Algebra,Binomio de Newton,1,True
7408,Algebra,Binomio de Newton,Algebra,Binomio de Newton,1,True
7409,Algebra,Factorial,Algebra,Factorial,12,True
7410,Algebra,Factorial,Algebra,Factorial,12,True
7411,Algebra,Combinatoria,Algebra,Combinatoria,3,True
7412,Algebra,Factorial,Algebra,Factorial,12,True
7413,Algebra,Factorial,Algebra,Factorial,12,True
7414,Algebra,Binomio de Newton,Algebra,Binomio de Newton,1,True
7415,Algebra,Binomio de Newton,Algebra,Binomio de Newton,1,True
7416,Algebra,Binomio de Newton,Algebra,Binomio de Newton,1,True
7417,Algebra,Binomio de Newton,Algebra,Binomio de Newton,1,True
7418,Algebra,Binomio de Newton,Algebra,Binomio de Newton,1,True
7419,Algebra,Binomio de Newton,Algebra,Binomio de Newton,1,True
7420,Algebra,Binomio de Newton,Algebra,Binomio de Newton,1,True
7421,Algebra,Binomio de Newton,Algebra,Binomio de Newton,1,True
7422,Algebra,Binomio de Newton,Algebra,Binomio de Newton,1,True
7423,Algebra,Binomio de Newton,Algebra,Binomio de Newton,1,True
7424,Algebra,Binomio de Newton,Algebra,Binomio de Newton,1,True
7425,Algebra,Binomio de Newton,Algebra,Binomio de Newton,1,True
7426,Algebra,Combinatoria,Algebra,Combinatoria,3,True
7427,Algebra,Factorial,Algebra,Factorial,12,True
7428,Algebra,Factorial,Algebra,Factorial,12,True
7429,Algebra,Combinatoria,Algebra,Combinatoria,3,True
7430,Algebra,Combinatoria,Algebra,Combinatoria,3,True
7431,Algebra,Binomio de Newton,Algebra,Binomio de Newton,1,True
7432,Algebra,Binomio de Newton,Algebra,Binomio de Newton,1,True
7433,Algebra,Binomio de Newton,Algebra,Binomio de Newton,1,True
7434,Algebra,Binomio de Newton,Algebra,Binomio de Newton,1,True
7435,Algebra,Binomio de Newton,Algebra,Binomio de Newton,1,True
7436,Algebra,Binomio de Newton,Algebra,Binomio de Newton,1,True
7437,Algebra,Binomio de Newton,Algebra,Binomio de Newton,1,True
7438,Algebra,Binomio de Newton,Algebra,Binomio de Newton,1,True
7439,Algebra,Polinomios,Algebra,Polinomios,27,True
7440,Algebra,Binomio de Newton,Algebra,Binomio de Newton,1,True
7441,Algebra,Binomio de Newton,Algebra,Binomio de Newton,1,True
7442,Algebra,Binomio de Newton,Algebra,Binomio de Newton,1,True
7443,Algebra,Polinomios,Algebra,Polinomios,27,True
7444,Algebra,Polinomios,Algebra,Polinomios,27,True
7445,Algebra,Polinomios,Algebra,Polinomios,27,True
7446,Algebra,Polinomios,Algebra,Polinomios,27,True
7447,Algebra,Polinomios,Algebra,Polinomios,27,True
7448,Algebra,Polinomios,Algebra,Polinomios,27,True
7449,Algebra,Polinomios,Algebra,Polinomios,27,True
7450,Algebra,Binomio de Newton,Algebra,Binomio de Newton,1,True
7451,Algebra,Binomio de Newton,Algebra,Binomio de Newton,1,True
7452,Algebra,Binomio de Newton,Algebra,Binomio de Newton,1,True
7453,Algebra,Binomio de Newton,Algebra,Binomio de Newton,1,True
7454,Algebra,Binomio de Newton,Algebra,Binomio de Newton,1,True
7455,Algebra,Formula de Leibniz,Algebra,Formula de Leibniz,14,True
7456,Algebra,Binomio de Newton,Algebra,Binomio de Newton,1,True
7457,Algebra,Binomio de Newton,Algebra,Binomio de Newton,1,True
7458,Algebra,Binomio de Newton,Algebra,Binomio de Newton,1,True
7459,Algebra,Binomio de Newton,Algebra,Binomio de Newton,1,True
7460,Algebra,Binomio de Newton,Algebra,Binomio de Newton,1,True
7461,Algebra,Binomio de Newton,Algebra,Binomio de Newton,1,True
7462,Algebra,Binomio de Newton,Algebra,Binomio de Newton,1,True
7463,Algebra,Binomio de Newton,Algebra,Binomio de Newton,1,True
7464,Algebra,Binomio de Newton,Algebra,Binomio de Newton,1,True
7465,Algebra,Binomio de Newton,Algebra,Binomio de Newton,1,True
7466,Algebra,Binomio de Newton,Algebra,Binomio de Newton,1,True
7467,Algebra,Binomio de Newton,Algebra,Binomio de Newton,1,True
7468,Algebra,Binomio de Newton,Algebra,Binomio de Newton,1,True
7469,Algebra,Binomio de Newton,Algebra,Binomio de Newton,1,True
7470,Algebra,Binomio de Newton,Algebra,Binomio de Newton,1,True
7471,Algebra,Binomio de Newton,Algebra,Binomio de Newton,1,True
7472,Algebra,Binomio de Newton,Algebra,Binomio de Newton,1,True
7473,Algebra,Binomio de Newton,Algebra,Binomio de Newton,1,True
7474,Algebra,Binomio de Newton,Algebra,Binomio de Newton,1,True
7475,Algebra,Binomio de Newton,Algebra,Binomio de Newton,1,True
7476,Algebra,Binomio de Newton,Algebra,Binomio de Newton,1,True
7477,Algebra,Binomio de Newton,Algebra,Binomio de Newton,1,True
7478,Algebra,Formula de Leibniz,Algebra,Formula de Leibniz,14,True
7479,Algebra,Formula de Leibniz,Algebra,Formula de Leibniz,14,True
7480,Algebra,Binomio de Newton,Algebra,Binomio de Newton,1,True
7481,Algebra,Binomio de Newton,Algebra,Binomio de Newton,1,True
7482,Algebra,Binomio de Newton,Algebra,Binomio de Newton,1,True
7483,Algebra,Binomio de Newton,Algebra,Binomio de Newton,1,True
7484,Algebra,Binomio de Newton,Algebra,Binomio de Newton,1,True
7485,Algebra,Binomio de Newton,Algebra,Binomio de Newton,1,True
7486,Algebra,Binomio de Newton,Algebra,Binomio de Newton,1,True
7487,Algebra,Formula de Leibniz,Algebra,Formula de Leibniz,14,True
7488,Algebra,Formula de Leibniz,Algebra,Formula de Leibniz,14,True
7489,Algebra,Binomio de Newton,Algebra,Binomio de Newton,1,True
7490,Algebra,Binomio de Newton,Algebra,Binomio de Newton,1,True
7491,Algebra,Binomio de Newton,Algebra,Binomio de Newton,1,True
7492,Algebra,Binomio de Newton,Algebra,Binomio de Newton,1,True
7493,Algebra,Formula de Leibniz,Algebra,Formula de Leibniz,14,True
7494,Algebra,Binomio de Newton,Algebra,Binomio de Newton,1,True
7495,Algebra,Binomio de Newton,Algebra,Binomio de Newton,1,True
7496,Algebra,Binomio de Newton,Algebra,Binomio de Newton,1,True
7497,Algebra,Binomio de Newton,Algebra,Binomio de Newton,1,True
7498,Algebra,Binomio de Newton,Algebra,Binomio de Newton,1,True
7499,Algebra,Binomio de Newton,Algebra,Binomio de Newton,1,True
7500,Algebra,Binomio de Newton,Algebra,Binomio de Newton,1,True
7501,Algebra,Binomio de Newton,Algebra,Binomio de Newton,1,True
7502,Algebra,Formula de Leibniz,Algebra,Formula de Leibniz,14,True
7503,Algebra,Formula de Leibniz,Algebra,Formula de Leibniz,14,True
7504,Algebra,Binomio de Newton,Algebra,Binomio de Newton,1,True
7505,Algebra,Binomio de Newton,Algebra,Binomio de Newton,1,True
7506,Algebra,Binomio de Newton,Algebra,Binomio de Newton,1,True
7507,Algebra,Binomio de Newton,Algebra,Binomio de Newton,1,True
7508,Algebra,Binomio de Newton,Algebra,Binomio de Newton,1,True
7509,Algebra,Binomio de Newton,Algebra,Binomio de Newton,1,True
7510,Algebra,Binomio de Newton,Algebra,Binomio de Newton,1,True
7511,Algebra,Binomio de Newton,Algebra,Binomio de Newton,1,True
7512,Algebra,Binomio de Newton,Algebra,Binomio de Newton,1,True
7513,Algebra,Binomio de Newton,Algebra,Binomio de Newton,1,True
7514,Algebra,Binomio de Newton,Algebra,Binomio de Newton,1,True
7515,Algebra,Binomio de Newton,Algebra,Binomio de Newton,1,True
7516,Algebra,Binomio de Newton,Algebra,Binomio de Newton,1,True
7517,Algebra,Binomio de Newton,Algebra,Binomio de Newton,1,True
7518,Algebra,Binomio de Newton,Algebra,Binomio de Newton,1,True
7519,Algebra,Binomio de Newton,Algebra,Binomio de Newton,1,True
7520,Algebra,Binomio de Newton,Algebra,Binomio de Newton,1,True
7521,Algebra,Binomio de Newton,Algebra,Binomio de Newton,1,True
7522,Algebra,Binomio de Newton,Algebra,Binomio de Newton,1,True
7523,Algebra,Formula de Leibniz,Algebra,Formula de Leibniz,14,True
7524,Algebra,Binomio de Newton,Algebra,Binomio de Newton,1,True
7525,Algebra,Binomio de Newton,Algebra,Binomio de Newton,1,True
7526,Algebra,Binomio de Newton,Algebra,Binomio de Newton,1,True
7527,Algebra,Formula de Leibniz,Algebra,Formula de Leibniz,14,True
7528,Algebra,Formula de Leibniz,Algebra,Formula de Leibniz,14,True
7529,Algebra,Formula de Leibniz,Algebra,Formula de Leibniz,14,True
7530,Algebra,Combinatoria,Algebra,Combinatoria,3,True
7531,Algebra,Binomio de Newton,Algebra,Binomio de Newton,1,True
7532,Algebra,Binomio de Newton,Algebra,Binomio de Newton,1,True
7533,Algebra,Combinatoria,Algebra,Combinatoria,3,True
7534,Algebra,Combinatoria,Algebra,Combinatoria,3,True
7535,Algebra,Combinatoria,Algebra,Combinatoria,3,True
7536,Algebra,Combinatoria,Algebra,Combinatoria,3,True
7537,Algebra,Binomio de Newton,Algebra,Binomio de Newton,1,True
7538,Algebra,Combinatoria,Algebra,Combinatoria,3,True
7539,Algebra,Combinatoria,Algebra,Combinatoria,3,True
7540,Algebra,Combinatoria,Algebra,Combinatoria,3,True
7541,Algebra,Formula de Leibniz,Algebra,Formula de Leibniz,14,True
7542,Algebra,Binomio de Newton,Algebra,Binomio de Newton,1,True
7543,Algebra,Formula de Leibniz,Algebra,Formula de Leibniz,14,True
7544,Algebra,Binomio de Newton,Algebra,Binomio de Newton,1,True
7545,Algebra,Formula de Leibniz,Algebra,Formula de Leibniz,14,True
7546,Algebra,Polinomios,Algebra,Polinomios,27,True
7547,Algebra,Binomio de Newton,Algebra,Binomio de Newton,1,True
7548,Algebra,Binomio de Newton,Algebra,Binomio de Newton,1,True
7549,Algebra,Factorial,Algebra,Factorial,12,True
7550,Algebra,Factorial,Algebra,Factorial,12,True
7551,Algebra,Combinatoria,Algebra,Combinatoria,3,True
7552,Algebra,Factorial,Algebra,Factorial,12,True
7553,Algebra,Binomio de Newton,Algebra,Binomio de Newton,1,True
7554,Algebra,Binomio de Newton,Algebra,Binomio de Newton,1,True
7555,Algebra,Binomio de Newton,Algebra,Binomio de Newton,1,True
7556,Algebra,Binomio de Newton,Algebra,Binomio de Newton,1,True
7557,Algebra,Binomio de Newton,Algebra,Binomio de Newton,1,True
7558,Algebra,Formula de Leibniz,Algebra,Formula de Leibniz,14,True
7559,Algebra,Binomio de Newton,Algebra,Binomio de Newton,1,True
7560,Algebra,Binomio de Newton,Algebra,Binomio de Newton,1,True
7561,Algebra,Binomio de Newton,Algebra,Binomio de Newton,1,True
7562,Algebra,Binomio de Newton,Algebra,Binomio de Newton,1,True
7563,Algebra,Formula de Leibniz,Algebra,Formula de Leibniz,14,True
7564,Algebra,Combinatoria,Algebra,Combinatoria,3,True
7565,Algebra,Combinatoria,Algebra,Combinatoria,3,True
7566,Algebra,Combinatoria,Algebra,Combinatoria,3,True
7567,Algebra,Combinatoria,Algebra,Combinatoria,3,True
7568,Algebra,Combinatoria,Algebra,Combinatoria,3,True
7569,Algebra,Combinatoria,Algebra,Combinatoria,3,True
7570,Algebra,Combinatoria,Algebra,Combinatoria,3,True
7571,Algebra,Combinatoria,Algebra,Combinatoria,3,True
7572,Algebra,Combinatoria,Algebra,Combinatoria,3,True
7573,Algebra,Binomio de Newton,Algebra,Binomio de Newton,1,True
7574,Algebra,Binomio de Newton,Algebra,Binomio de Newton,1,True
7575,Algebra,Binomio de Newton,Algebra,Binomio de Newton,1,True
7576,Algebra,Binomio de Newton,Algebra,Binomio de Newton,1,True
7577,Algebra,Binomio de Newton,Algebra,Binomio de Newton,1,True
7578,Algebra,Combinatoria,Algebra,Combinatoria,3,True
7579,Algebra,Combinatoria,Algebra,Combinatoria,3,True
7580,Algebra,Combinatoria,Algebra,Combinatoria,3,True
7581,Algebra,Combinatoria,Algebra,Combinatoria,3,True
7582,Algebra,Sumatorias,Algebra,Sumatorias,34,True
7583,Algebra,Sumatorias,Algebra,Sumatorias,34,True
7584,Algebra,Sumatorias,Algebra,Sumatorias,34,True
7585,Algebra,Sumatorias,Algebra,Sumatorias,34,True
7586,Algebra,Sumatorias,Algebra,Sumatorias,34,True
7587,Algebra,Sumatorias,Algebra,Sumatorias,34,True
7588,Algebra,Sumatorias,Algebra,Sumatorias,34,True
7589,Algebra,Sumatorias,Algebra,Sumatorias,34,True
7590,Algebra,Sumatorias,Algebra,Sumatorias,34,True
7591,Algebra,Sumatorias,Algebra,Sumatorias,34,True
7592,Algebra,Sumatorias,Algebra,Sumatorias,34,True
7593,Algebra,Sumatorias,Algebra,Sumatorias,34,True
7594,Algebra,Sumatorias,Algebra,Sumatorias,34,True
7595,Algebra,Sumatorias,Algebra,Sumatorias,34,True
7596,Algebra,Sumatorias,Algebra,Sumatorias,34,True
7597,Algebra,Factorial,Algebra,Factorial,12,True
7598,Algebra,Sumatorias,Algebra,Sumatorias,34,True
7599,Algebra,Sumatorias,Algebra,Sumatorias,34,True
7600,Algebra,Sumatorias,Algebra,Sumatorias,34,True
7601,Algebra,Sumatorias,Algebra,Sumatorias,34,True
7602,Algebra,Sumatorias,Algebra,Sumatorias,34,True
7603,Algebra,Sumatorias,Algebra,Sumatorias,34,True
7604,Algebra,Sumatorias,Algebra,Sumatorias,34,True
7605,Algebra,Sumatorias,Algebra,Sumatorias,34,True
7606,Algebra,Sumatorias,Algebra,Sumatorias,34,True
7607,Algebra,Sumatorias,Algebra,Sumatorias,34,True
7608,Algebra,Sumatorias,Algebra,Sumatorias,34,True
7609,Algebra,Sumatorias,Algebra,Sumatorias,34,True
7610,Algebra,Sumatorias,Algebra,Sumatorias,34,True
7611,Algebra,Factorial,Algebra,Factorial,12,True
7612,Algebra,Factorial,Algebra,Factorial,12,True
7613,Algebra,Factorial,Algebra,Factorial,12,True
7614,Algebra,Factorial,Algebra,Factorial,12,True
7615,Algebra,Factorial,Algebra,Factorial,12,True
7616,Algebra,Factorial,Algebra,Factorial,12,True
7617,Algebra,Radicación,Algebra,Radicacion,30,True
7618,Algebra,Factorial,Algebra,Factorial,12,True
7619,Algebra,Factorial,Algebra,Factorial,12,True
7620,Algebra,Factorial,Algebra,Factorial,12,True
7621,Algebra,Factorial,Algebra,Factorial,12,True
7622,Algebra,Factorial,Algebra,Factorial,12,True
7623,Algebra,Factorial,Algebra,Factorial,12,True
7624,Algebra,Factorial,Algebra,Factorial,12,True
7625,Algebra,Factorial,Algebra,Factorial,12,True
7626,Algebra,Factorial,Algebra,Factorial,12,True
7627,Algebra,Factorial,Algebra,Factorial,12,True
7628,Algebra,Factorial,Algebra,Factorial,12,True
7629,Algebra,Factorial,Algebra,Factorial,12,True
7630,Algebra,Factorial,Algebra,Factorial,12,True
7631,Algebra,Factorial,Algebra,Factorial,12,True
7632,Algebra,Factorial,Algebra,Factorial,12,True
7633,Algebra,Combinatoria,Algebra,Combinatoria,3,True
7634,Algebra,Combinatoria,Algebra,Combinatoria,3,True
7635,Algebra,Combinatoria,Algebra,Combinatoria,3,True
7636,Algebra,Combinatoria,Algebra,Combinatoria,3,True
7637,Algebra,Combinatoria,Algebra,Combinatoria,3,True
7638,Algebra,Combinatoria,Algebra,Combinatoria,3,True
7639,Algebra,Combinatoria,Algebra,Combinatoria,3,True
7640,Algebra,Combinatoria,Algebra,Combinatoria,3,True
7641,Algebra,Combinatoria,Algebra,Combinatoria,3,True
7642,Algebra,Combinatoria,Algebra,Combinatoria,3,True
7643,Algebra,Combinatoria,Algebra,Combinatoria,3,True
7644,Algebra,Combinatoria,Algebra,Combinatoria,3,True
7645,Algebra,Combinatoria,Algebra,Combinatoria,3,True
7646,Algebra,Combinatoria,Algebra,Combinatoria,3,True
7647,Algebra,Combinatoria,Algebra,Combinatoria,3,True
7648,Algebra,Combinatoria,Algebra,Combinatoria,3,True
7649,Algebra,Combinatoria,Algebra,Combinatoria,3,True
7650,Algebra,Combinatoria,Algebra,Combinatoria,3,True
7651,Algebra,Factorial,Algebra,Factorial,12,True
7652,Algebra,Combinatoria,Algebra,Combinatoria,3,True
7653,Algebra,Combinatoria,Algebra,Combinatoria,3,True
7654,Algebra,Combinatoria,Algebra,Combinatoria,3,True
7655,Algebra,Combinatoria,Algebra,Combinatoria,3,True
7656,Algebra,Combinatoria,Algebra,Combinatoria,3,True
7657,Algebra,Combinatoria,Algebra,Combinatoria,3,True
7658,Algebra,Combinatoria,Algebra,Combinatoria,3,True
7659,Algebra,Combinatoria,Algebra,Combinatoria,3,True
7660,Algebra,Combinatoria,Algebra,Combinatoria,3,True
7661,Algebra,Combinatoria,Algebra,Combinatoria,3,True
7662,Algebra,Combinatoria,Algebra,Combinatoria,3,True
7663,Algebra,Combinatoria,Algebra,Combinatoria,3,True
7664,Algebra,Combinatoria,Algebra,Combinatoria,3,True
7665,Algebra,Combinatoria,Algebra,Combinatoria,3,True
7666,Algebra,Combinatoria,Algebra,Combinatoria,3,True
7667,Algebra,Combinatoria,Algebra,Combinatoria,3,True
7668,Algebra,Combinatoria,Algebra,Combinatoria,3,True
7669,Algebra,Combinatoria,Algebra,Combinatoria,3,True
7670,Algebra,Combinatoria,Algebra,Combinatoria,3,True
7671,Algebra,Combinatoria,Algebra,Combinatoria,3,True
7672,Algebra,Combinatoria,Algebra,Combinatoria,3,True
7673,Algebra,Combinatoria,Algebra,Combinatoria,3,True
7674,Algebra,Combinatoria,Algebra,Combinatoria,3,True
7675,Algebra,Combinatoria,Algebra,Combinatoria,3,True
7676,Algebra,Combinatoria,Algebra,Combinatoria,3,True
7677,Algebra,Combinatoria,Algebra,Combinatoria,3,True
7678,Algebra,Combinatoria,Algebra,Combinatoria,3,True
7679,Algebra,Combinatoria,Algebra,Combinatoria,3,True
7680,Algebra,Combinatoria,Algebra,Combinatoria,3,True
7681,Algebra,Combinatoria,Algebra,Combinatoria,3,True
7682,Algebra,Combinatoria,Algebra,Combinatoria,3,True
7683,Algebra,Combinatoria,Algebra,Combinatoria,3,True
7684,Algebra,Combinatoria,Algebra,Combinatoria,3,True
7685,Algebra,Combinatoria,Algebra,Combinatoria,3,True
7686,Algebra,Combinatoria,Algebra,Combinatoria,3,True
7687,Algebra,Combinatoria,Algebra,Combinatoria,3,True
7688,Algebra,Combinatoria,Algebra,Combinatoria,3,True
7689,Algebra,Combinatoria,Algebra,Combinatoria,3,True
7690,Algebra,Combinatoria,Algebra,Combinatoria,3,True
7691,Algebra,Combinatoria,Algebra,Combinatoria,3,True
7692,Algebra,Combinatoria,Algebra,Combinatoria,3,True
7693,Algebra,Combinatoria,Algebra,Combinatoria,3,True
7694,Algebra,Combinatoria,Algebra,Combinatoria,3,True
7695,Algebra,Combinatoria,Algebra,Combinatoria,3,True
7696,Algebra,Combinatoria,Algebra,Combinatoria,3,True
7697,Algebra,Combinatoria,Algebra,Combinatoria,3,True
7698,Algebra,Combinatoria,Algebra,Combinatoria,3,True
7699,Algebra,Combinatoria,Algebra,Combinatoria,3,True
7700,Algebra,Combinatoria,Algebra,Combinatoria,3,True
7701,Algebra,Binomio de Newton,Algebra,Binomio de Newton,1,True
7702,Algebra,Binomio de Newton,Algebra,Binomio de Newton,1,True
7703,Algebra,Binomio de Newton,Algebra,Binomio de Newton,1,True
7704,Algebra,Binomio de Newton,Algebra,Binomio de Newton,1,True
7705,Algebra,Binomio de Newton,Algebra,Binomio de Newton,1,True
7706,Algebra,Binomio de Newton,Algebra,Binomio de Newton,1,True
7707,Algebra,Binomio de Newton,Algebra,Binomio de Newton,1,True
7708,Algebra,Binomio de Newton,Algebra,Binomio de Newton,1,True
7709,Algebra,Binomio de Newton,Algebra,Binomio de Newton,1,True
7710,Algebra,Binomio de Newton,Algebra,Binomio de Newton,1,True
7711,Algebra,Binomio de Newton,Algebra,Binomio de Newton,1,True
7712,Algebra,Binomio de Newton,Algebra,Binomio de Newton,1,True
7713,Algebra,Binomio de Newton,Algebra,Binomio de Newton,1,True
7714,Algebra,Binomio de Newton,Algebra,Binomio de Newton,1,True
7715,Algebra,Binomio de Newton,Algebra,Binomio de Newton,1,True
7716,Algebra,Binomio de Newton,Algebra,Binomio de Newton,1,True
7717,Algebra,Binomio de Newton,Algebra,Binomio de Newton,1,True
7718,Algebra,Binomio de Newton,Algebra,Binomio de Newton,1,True
7719,Algebra,Binomio de Newton,Algebra,Binomio de Newton,1,True
7720,Algebra,Binomio de Newton,Algebra,Binomio de Newton,1,True
7721,Algebra,Binomio de Newton,Algebra,Binomio de Newton,1,True
7722,Algebra,Binomio de Newton,Algebra,Binomio de Newton,1,True
7723,Algebra,Binomio de Newton,Algebra,Binomio de Newton,1,True
7724,Algebra,Binomio de Newton,Algebra,Binomio de Newton,1,True
7725,Algebra,Binomio de Newton,Algebra,Binomio de Newton,1,True
7726,Algebra,Binomio de Newton,Algebra,Binomio de Newton,1,True
7727,Algebra,Binomio de Newton,Algebra,Binomio de Newton,1,True
7728,Algebra,Binomio de Newton,Algebra,Binomio de Newton,1,True
7729,Algebra,Binomio de Newton,Algebra,Binomio de Newton,1,True
7730,Algebra,Binomio de Newton,Algebra,Binomio de Newton,1,True
7731,Algebra,Binomio de Newton,Algebra,Binomio de Newton,1,True
7732,Algebra,Binomio de Newton,Algebra,Binomio de Newton,1,True
7733,Algebra,Binomio de Newton,Algebra,Binomio de Newton,1,True
7734,Algebra,Binomio de Newton,Algebra,Binomio de Newton,1,True
7735,Algebra,Binomio de Newton,Algebra,Binomio de Newton,1,True
7736,Algebra,Binomio de Newton,Algebra,Binomio de Newton,1,True
7737,Algebra,Binomio de Newton,Algebra,Binomio de Newton,1,True
7738,Algebra,Binomio de Newton,Algebra,Binomio de Newton,1,True
7739,Algebra,Binomio de Newton,Algebra,Binomio de Newton,1,True
7740,Algebra,Binomio de Newton,Algebra,Binomio de Newton,1,True
7741,Algebra,Polinomios,Algebra,Polinomios,27,True
7742,Algebra,Binomio de Newton,Algebra,Binomio de Newton,1,True
7743,Algebra,Binomio de Newton,Algebra,Binomio de Newton,1,True
7744,Algebra,Binomio de Newton,Algebra,Binomio de Newton,1,True
7745,Algebra,Binomio de Newton,Algebra,Binomio de Newton,1,True
7746,Algebra,Binomio de Newton,Algebra,Binomio de Newton,1,True
7747,Algebra,Binomio de Newton,Algebra,Binomio de Newton,1,True
7748,Algebra,Binomio de Newton,Algebra,Binomio de Newton,1,True
7749,Algebra,Binomio de Newton,Algebra,Binomio de Newton,1,True
7750,Algebra,Binomio de Newton,Algebra,Binomio de Newton,1,True
7751,Algebra,Binomio de Newton,Algebra,Binomio de Newton,1,True
7752,Algebra,Factorial,Algebra,Factorial,12,True
7753,Algebra,Factorial,Algebra,Factorial,12,True
7754,Algebra,Factorial,Algebra,Factorial,12,True
7755,Algebra,Factorial,Algebra,Factorial,12,True
7756,Algebra,Factorial,Algebra,Factorial,12,True
7757,Algebra,Factorial,Algebra,Factorial,12,True
7758,Algebra,Factorial,Algebra,Factorial,12,True
7759,Algebra,Factorial,Algebra,Factorial,12,True
7760,Algebra,Combinatoria,Algebra,Combinatoria,3,True
7761,Algebra,Combinatoria,Algebra,Combinatoria,3,True
7762,Algebra,Combinatoria,Algebra,Combinatoria,3,True
7763,Algebra,Combinatoria,Algebra,Combinatoria,3,True
7764,Algebra,Combinatoria,Algebra,Combinatoria,3,True
7765,Algebra,Combinatoria,Algebra,Combinatoria,3,True
7766,Algebra,Combinatoria,Algebra,Combinatoria,3,True
7767,Algebra,Combinatoria,Algebra,Combinatoria,3,True
7768,Algebra,Combinatoria,Algebra,Combinatoria,3,True
7769,Algebra,Combinatoria,Algebra,Combinatoria,3,True
7770,Algebra,Factorial,Algebra,Factorial,12,True
7771,Algebra,Factorial,Algebra,Factorial,12,True
7772,Algebra,Factorial,Algebra,Factorial,12,True
7773,Algebra,Factorial,Algebra,Factorial,12,True
7774,Algebra,Factorial,Algebra,Factorial,12,True
7775,Algebra,Factorial,Algebra,Factorial,12,True
7776,Algebra,Factorial,Algebra,Factorial,12,True
7777,Algebra,Factorial,Algebra,Factorial,12,True
7778,Algebra,Factorial,Algebra,Factorial,12,True
7779,Algebra,Factorial,Algebra,Factorial,12,True
7780,Algebra,Factorial,Algebra,Factorial,12,True
7781,Algebra,Combinatoria,Algebra,Combinatoria,3,True
7782,Algebra,Combinatoria,Algebra,Combinatoria,3,True
7783,Algebra,Combinatoria,Algebra,Combinatoria,3,True
7784,Algebra,Combinatoria,Algebra,Combinatoria,3,True
7785,Algebra,Combinatoria,Algebra,Combinatoria,3,True
7786,Algebra,Combinatoria,Algebra,Combinatoria,3,True
7787,Algebra,Factorial,Algebra,Factorial,12,True
7788,Algebra,Factorial,Algebra,Factorial,12,True
7789,Algebra,Factorial,Algebra,Factorial,12,True
7790,Algebra,Combinatoria,Algebra,Combinatoria,3,True
7791,Algebra,Combinatoria,Algebra,Combinatoria,3,True
7792,Algebra,Factorial,Algebra,Factorial,12,True
7793,Algebra,Factorial,Algebra,Factorial,12,True
7794,Algebra,Factorial,Algebra,Factorial,12,True
7795,Algebra,Factorial,Algebra,Factorial,12,True
7796,Algebra,Factorial,Algebra,Factorial,12,True
7797,Algebra,Factorial,Algebra,Factorial,12,True
7798,Algebra,Factorial,Algebra,Factorial,12,True
7799,Algebra,Combinatoria,Algebra,Combinatoria,3,True
7800,Algebra,Combinatoria,Algebra,Combinatoria,3,True
7801,Algebra,Combinatoria,Algebra,Combinatoria,3,True
7802,Algebra,Binomio de Newton,Algebra,Binomio de Newton,1,True
7803,Algebra,Binomio de Newton,Algebra,Binomio de Newton,1,True
7804,Algebra,Binomio de Newton,Algebra,Binomio de Newton,1,True
7805,Algebra,Binomio de Newton,Algebra,Binomio de Newton,1,True
7806,Algebra,Binomio de Newton,Algebra,Binomio de Newton,1,True
7807,Algebra,Binomio de Newton,Algebra,Binomio de Newton,1,True
7808,Algebra,Binomio de Newton,Algebra,Binomio de Newton,1,True
7809,Algebra,Binomio de Newton,Algebra,Binomio de Newton,1,True
7810,Algebra,Combinatoria,Algebra,Combinatoria,3,True
7811,Algebra,Binomio de Newton,Algebra,Binomio de Newton,1,True
7812,Algebra,Binomio de Newton,Algebra,Binomio de Newton,1,True
7813,Algebra,Binomio de Newton,Algebra,Binomio de Newton,1,True
7814,Algebra,Binomio de Newton,Algebra,Binomio de Newton,1,True
7815,Algebra,Binomio de Newton,Algebra,Binomio de Newton,1,True
7816,Algebra,Binomio de Newton,Algebra,Binomio de Newton,1,True
7817,Algebra,Binomio de Newton,Algebra,Binomio de Newton,1,True
7818,Algebra,Binomio de Newton,Algebra,Binomio de Newton,1,True
7819,Algebra,Binomio de Newton,Algebra,Binomio de Newton,1,True
7820,Algebra,Binomio de Newton,Algebra,Binomio de Newton,1,True
7821,Algebra,Binomio de Newton,Algebra,Binomio de Newton,1,True
7822,Algebra,Binomio de Newton,Algebra,Binomio de Newton,1,True
7823,Algebra,Combinatoria,Algebra,Combinatoria,3,True
7824,Algebra,Combinatoria,Algebra,Combinatoria,3,True
7825,Algebra,Binomio de Newton,Algebra,Binomio de Newton,1,True
7826,Algebra,Binomio de Newton,Algebra,Binomio de Newton,1,True
7827,Algebra,Binomio de Newton,Algebra,Binomio de Newton,1,True
7828,Algebra,Binomio de Newton,Algebra,Binomio de Newton,1,True
7829,Algebra,Binomio de Newton,Algebra,Binomio de Newton,1,True
7830,Algebra,Combinatoria,Algebra,Combinatoria,3,True
7831,Algebra,Combinatoria,Algebra,Combinatoria,3,True
7832,Algebra,Binomio de Newton,Algebra,Binomio de Newton,1,True
7833,Algebra,Binomio de Newton,Algebra,Binomio de Newton,1,True
7834,Algebra,Binomio de Newton,Algebra,Binomio de Newton,1,True
7835,Algebra,Binomio de Newton,Algebra,Binomio de Newton,1,True
7836,Algebra,Binomio de Newton,Algebra,Binomio de Newton,1,True
7837,Algebra,Combinatoria,Algebra,Combinatoria,3,True
7838,Algebra,Binomio de Newton,Algebra,Binomio de Newton,1,True
7839,Algebra,Binomio de Newton,Algebra,Binomio de Newton,1,True
7840,Algebra,Binomio de Newton,Algebra,Binomio de Newton,1,True
7841,Algebra,Binomio de Newton,Algebra,Binomio de Newton,1,True
7842,Algebra,Sumatorias,Algebra,Sumatorias,34,True
7843,Algebra,Sumatorias,Algebra,Sumatorias,34,True
7844,Algebra,Factorial,Algebra,Factorial,12,True
7845,Algebra,Combinatoria,Algebra,Combinatoria,3,True
7846,Algebra,Combinatoria,Algebra,Combinatoria,3,True
7847,Algebra,Combinatoria,Algebra,Combinatoria,3,True
7848,Algebra,Combinatoria,Algebra,Combinatoria,3,True
7849,Algebra,Combinatoria,Algebra,Combinatoria,3,True
7850,Algebra,Combinatoria,Algebra,Combinatoria,3,True
7851,Algebra,Combinatoria,Algebra,Combinatoria,3,True
7852,Algebra,Combinatoria,Algebra,Combinatoria,3,True
7853,Algebra,Combinatoria,Algebra,Combinatoria,3,True
7854,Algebra,Combinatoria,Algebra,Combinatoria,3,True
7855,Algebra,Combinatoria,Algebra,Combinatoria,3,True
7856,Algebra,Combinatoria,Algebra,Combinatoria,3,True
7857,Algebra,Combinatoria,Algebra,Combinatoria,3,True
7858,Algebra,Combinatoria,Algebra,Combinatoria,3,True
7859,Algebra,Combinatoria,Algebra,Combinatoria,3,True
7860,Algebra,Combinatoria,Algebra,Combinatoria,3,True
7861,Algebra,Combinatoria,Algebra,Combinatoria,3,True
7862,Algebra,Combinatoria,Algebra,Combinatoria,3,True
7863,Algebra,Binomio de Newton,Algebra,Binomio de Newton,1,True
7864,Algebra,Binomio de Newton,Algebra,Binomio de Newton,1,True
7865,Algebra,Binomio de Newton,Algebra,Binomio de Newton,1,True
7866,Algebra,Binomio de Newton,Algebra,Binomio de Newton,1,True
7867,Algebra,Binomio de Newton,Algebra,Binomio de Newton,1,True
7868,Algebra,Binomio de Newton,Algebra,Binomio de Newton,1,True
7869,Algebra,Binomio de Newton,Algebra,Binomio de Newton,1,True
7870,Algebra,Binomio de Newton,Algebra,Binomio de Newton,1,True
7871,Algebra,Binomio de Newton,Algebra,Binomio de Newton,1,True
7872,Algebra,Radicación,Algebra,Radicacion,30,True
7873,Algebra,Radicación,Algebra,Radicacion,30,True
7874,Algebra,Radicación,Algebra,Radicacion,30,True
7875,Algebra,Radicación,Algebra,Radicacion,30,True
7876,Algebra,Radicación,Algebra,Radicacion,30,True
7877,Algebra,Radicación,Algebra,Radicacion,30,True
7878,Algebra,Radicación,Algebra,Radicacion,30,True
7879,Algebra,Radicación,Algebra,Radicacion,30,True
7880,Algebra,Radicación,Algebra,Radicacion,30,True
7881,Algebra,Radicación,Algebra,Radicacion,30,True
7882,Algebra,Radicación,Algebra,Radicacion,30,True
7883,Algebra,Radicación,Algebra,Radicacion,30,True
7884,Algebra,Radicación,Algebra,Radicacion,30,True
7885,Algebra,Radicación,Algebra,Radicacion,30,True
7886,Algebra,Radicación,Algebra,Radicacion,30,True
7887,Algebra,Radicación,Algebra,Radicacion,30,True
7888,Algebra,Radicación,Algebra,Radicacion,30,True
7889,Algebra,Radicación,Algebra,Radicacion,30,True
7890,Algebra,Radicación,Algebra,Radicacion,30,True
7891,Algebra,Radicación,Algebra,Radicacion,30,True
7892,Algebra,Radicación,Algebra,Radicacion,30,True
7893,Algebra,Radicación,Algebra,Radicacion,30,True
7894,Algebra,Radicación,Algebra,Radicacion,30,True
7895,Algebra,Radicación,Algebra,Radicacion,30,True
7896,Algebra,Radicación,Algebra,Radicacion,30,True
7897,Algebra,Radicación,Algebra,Radicacion,30,True
7898,Algebra,Radicación,Algebra,Radicacion,30,True
7899,Algebra,Radicación,Algebra,Radicacion,30,True
7900,Algebra,Radicación,Algebra,Radicacion,30,True
7901,Algebra,Radicación,Algebra,Radicacion,30,True
7902,Algebra,Radicación,Algebra,Radicacion,30,True
7903,Algebra,Radicación,Algebra,Radicacion,30,True
7904,Algebra,Radicación,Algebra,Radicacion,30,True
7905,Algebra,Radicación,Algebra,Radicacion,30,True
7906,Algebra,Radicación,Algebra,Radicacion,30,True
7907,Algebra,Radicación,Algebra,Radicacion,30,True
7908,Algebra,Radicación,Algebra,Radicacion,30,True
7909,Algebra,Radicación,Algebra,Radicacion,30,True
7910,Algebra,Radicación,Algebra,Radicacion,30,True
7911,Algebra,Radicación,Algebra,Radicacion,30,True
7912,Algebra,Radicación,Algebra,Radicacion,30,True
7913,Algebra,Radicación,Algebra,Radicacion,30,True
7914,Algebra,Radicación,Algebra,Radicacion,30,True
7915,Algebra,Radicación,Algebra,Radicacion,30,True
7916,Algebra,Radicación,Algebra,Radicacion,30,True
7917,Algebra,Radicación,Algebra,Radicacion,30,True
7918,Algebra,Radicación,Algebra,Radicacion,30,True
7919,Algebra,Radicación,Algebra,Radicacion,30,True
7920,Algebra,Radicación,Algebra,Radicacion,30,True
7921,Algebra,Radicación,Algebra,Radicacion,30,True
7922,Algebra,Teoria de Ecuaciones,Algebra,Teoria de Ecuaciones,35,True
7923,Algebra,Teoria de Ecuaciones,Algebra,Teoria de Ecuaciones,35,True
7924,Algebra,Teoria de Ecuaciones,Algebra,Teoria de Ecuaciones,35,True
7925,Algebra,Teoria de Ecuaciones,Algebra,Teoria de Ecuaciones,35,True
7926,Algebra,Teoria de Ecuaciones,Algebra,Teoria de Ecuaciones,35,True
7927,Algebra,Teoria de Ecuaciones,Algebra,Teoria de Ecuaciones,35,True
7928,Algebra,Teoria de Ecuaciones,Algebra,Teoria de Ecuaciones,35,True
7929,Algebra,Teoria de Ecuaciones,Algebra,Teoria de Ecuaciones,35,True
7930,Algebra,Teoria de Ecuaciones,Algebra,Teoria de Ecuaciones,35,True
7931,Algebra,Ecuaciones Lineales,Algebra,Ecuaciones Lineales,9,True
7932,Algebra,Ecuaciones Lineales,Algebra,Ecuaciones Lineales,9,True
7933,Algebra,Ecuaciones Lineales,Algebra,Ecuaciones Lineales,9,True
7934,Algebra,Ecuaciones Lineales,Algebra,Ecuaciones Lineales,9,True
7935,Algebra,Ecuaciones Lineales,Algebra,Ecuaciones Lineales,9,True
7936,Algebra,Ecuaciones Lineales,Algebra,Ecuaciones Lineales,9,True
7937,Algebra,Ecuaciones Lineales,Algebra,Ecuaciones Lineales,9,True
7938,Algebra,Teoria de Ecuaciones,Algebra,Teoria de Ecuaciones,35,True
7939,Algebra,Ecuaciones Lineales,Algebra,Ecuaciones Lineales,9,True
7940,Algebra,Ecuaciones Lineales,Algebra,Ecuaciones Lineales,9,True
7941,Algebra,Ecuaciones Lineales,Algebra,Ecuaciones Lineales,9,True
7942,Algebra,Ecuaciones Lineales,Algebra,Ecuaciones Lineales,9,True
7943,Algebra,Ecuaciones Lineales,Algebra,Ecuaciones Lineales,9,True
7944,Algebra,Ecuaciones Lineales,Algebra,Ecuaciones Lineales,9,True
7945,Algebra,Ecuaciones Lineales,Algebra,Ecuaciones Lineales,9,True
7946,Algebra,Ecuaciones Lineales,Algebra,Ecuaciones Lineales,9,True
7947,Algebra,Ecuaciones Lineales,Algebra,Ecuaciones Lineales,9,True
7948,Algebra,Ecuaciones Lineales,Algebra,Ecuaciones Lineales,9,True
7949,Algebra,Ecuaciones Lineales,Algebra,Ecuaciones Lineales,9,True
7950,Algebra,Ecuaciones Lineales,Algebra,Ecuaciones Lineales,9,True
7951,Algebra,Teoria de Ecuaciones,Algebra,Teoria de Ecuaciones,35,True
7952,Algebra,Teoria de Ecuaciones,Algebra,Teoria de Ecuaciones,35,True
7953,Algebra,Teoria de Ecuaciones,Algebra,Teoria de Ecuaciones,35,True
7954,Algebra,Teoria de Ecuaciones,Algebra,Teoria de Ecuaciones,35,True
7955,Algebra,Ecuaciones Lineales,Algebra,Ecuaciones Lineales,9,True
7956,Algebra,Ecuaciones Lineales,Algebra,Ecuaciones Lineales,9,True
7957,Algebra,Teoria de Ecuaciones,Algebra,Teoria de Ecuaciones,35,True
7958,Algebra,Ecuaciones Lineales,Algebra,Ecuaciones Lineales,9,True
7959,Algebra,Ecuaciones Lineales,Algebra,Ecuaciones Lineales,9,True
7960,Algebra,Ecuaciones Lineales,Algebra,Ecuaciones Lineales,9,True
7961,Algebra,Ecuaciones Lineales,Algebra,Ecuaciones Lineales,9,True
7962,Algebra,Ecuaciones Lineales,Algebra,Ecuaciones Lineales,9,True
7963,Algebra,Ecuaciones Lineales,Algebra,Ecuaciones Lineales,9,True
7964,Algebra,Ecuaciones Lineales,Algebra,Ecuaciones Lineales,9,True
7965,Algebra,Teoria de Ecuaciones,Algebra,Teoria de Ecuaciones,35,True
7966,Algebra,Ecuaciones Lineales,Algebra,Ecuaciones Lineales,9,True
7967,Algebra,Ecuaciones Cuadraticas,Algebra,Ecuaciones Cuadraticas,7,True
7968,Algebra,Ecuaciones Cuadraticas,Algebra,Ecuaciones Cuadraticas,7,True
7969,Algebra,Ecuaciones Cuadraticas,Algebra,Ecuaciones Cuadraticas,7,True
7970,Algebra,Ecuaciones Cuadraticas,Algebra,Ecuaciones Cuadraticas,7,True
7971,Algebra,Ecuaciones Cuadraticas,Algebra,Ecuaciones Cuadraticas,7,True
7972,Algebra,Ecuaciones Cuadraticas,Algebra,Ecuaciones Cuadraticas,7,True
7973,Algebra,Ecuaciones Cuadraticas,Algebra,Ecuaciones Cuadraticas,7,True
7974,Algebra,Ecuaciones Cuadraticas,Algebra,Ecuaciones Cuadraticas,7,True
7975,Algebra,Ecuaciones Cuadraticas,Algebra,Ecuaciones Cuadraticas,7,True
7976,Algebra,Ecuaciones Cuadraticas,Algebra,Ecuaciones Cuadraticas,7,True
7977,Algebra,Ecuaciones Cuadraticas,Algebra,Ecuaciones Cuadraticas,7,True
7978,Algebra,Ecuaciones Cuadraticas,Algebra,Ecuaciones Cuadraticas,7,True
7979,Algebra,Ecuaciones Cuadraticas,Algebra,Ecuaciones Cuadraticas,7,True
7980,Algebra,Ecuaciones Cuadraticas,Algebra,Ecuaciones Cuadraticas,7,True
7981,Algebra,Ecuaciones Cuadraticas,Algebra,Ecuaciones Cuadraticas,7,True
7982,Algebra,Ecuaciones Cuadraticas,Algebra,Ecuaciones Cuadraticas,7,True
7983,Algebra,Ecuaciones Cuadraticas,Algebra,Ecuaciones Cuadraticas,7,True
7984,Algebra,Ecuaciones Cuadraticas,Algebra,Ecuaciones Cuadraticas,7,True
7985,Algebra,Ecuaciones Cuadraticas,Algebra,Ecuaciones Cuadraticas,7,True
7986,Algebra,Ecuaciones Cuadraticas,Algebra,Ecuaciones Cuadraticas,7,True
7987,Algebra,Ecuaciones Cuadraticas,Algebra,Ecuaciones Cuadraticas,7,True
7988,Algebra,Ecuaciones Cuadraticas,Algebra,Ecuaciones Cuadraticas,7,True
7989,Algebra,Ecuaciones Cuadraticas,Algebra,Ecuaciones Cuadraticas,7,True
7990,Algebra,Ecuaciones Cuadraticas,Algebra,Ecuaciones Cuadraticas,7,True
7991,Algebra,Ecuaciones Cuadraticas,Algebra,Ecuaciones Cuadraticas,7,True
7992,Algebra,Ecuaciones Cuadraticas,Algebra,Ecuaciones Cuadraticas,7,True
7993,Algebra,Ecuaciones Cuadraticas,Algebra,Ecuaciones Cuadraticas,7,True
7994,Algebra,Ecuaciones Cuadraticas,Algebra,Ecuaciones Cuadraticas,7,True
7995,Algebra,Ecuaciones Cuadraticas,Algebra,Ecuaciones Cuadraticas,7,True
7996,Algebra,Ecuaciones Cuadraticas,Algebra,Ecuaciones Cuadraticas,7,True
7997,Algebra,Ecuaciones Cuadraticas,Algebra,Ecuaciones Cuadraticas,7,True
7998,Algebra,Ecuaciones Cuadraticas,Algebra,Ecuaciones Cuadraticas,7,True
7999,Algebra,Ecuaciones Cuadraticas,Algebra,Ecuaciones Cuadraticas,7,True
8000,Algebra,Ecuaciones Cuadraticas,Algebra,Ecuaciones Cuadraticas,7,True
8001,Algebra,Ecuaciones Cuadraticas,Algebra,Ecuaciones Cuadraticas,7,True
8002,Algebra,Ecuaciones Cuadraticas,Algebra,Ecuaciones Cuadraticas,7,True
8003,Algebra,Ecuaciones Cuadraticas,Algebra,Ecuaciones Cuadraticas,7,True
8004,Algebra,Ecuaciones Cuadraticas,Algebra,Ecuaciones Cuadraticas,7,True
8005,Algebra,Ecuaciones Cuadraticas,Algebra,Ecuaciones Cuadraticas,7,True
8006,Algebra,Ecuaciones Cuadraticas,Algebra,Ecuaciones Cuadraticas,7,True
8007,Algebra,Ecuaciones Cuadraticas,Algebra,Ecuaciones Cuadraticas,7,True
8008,Algebra,Ecuaciones Cuadraticas,Algebra,Ecuaciones Cuadraticas,7,True
8009,Algebra,Ecuaciones Cuadraticas,Algebra,Ecuaciones Cuadraticas,7,True
8010,Algebra,Ecuaciones Cuadraticas,Algebra,Ecuaciones Cuadraticas,7,True
8011,Algebra,Ecuaciones Cuadraticas,Algebra,Ecuaciones Cuadraticas,7,True
8012,Algebra,Ecuaciones Cuadraticas,Algebra,Ecuaciones Cuadraticas,7,True
8013,Algebra,Ecuaciones Cuadraticas,Algebra,Ecuaciones Cuadraticas,7,True
8014,Algebra,Ecuaciones Cuadraticas,Algebra,Ecuaciones Cuadraticas,7,True
8015,Algebra,Ecuaciones Cuadraticas,Algebra,Ecuaciones Cuadraticas,7,True
8016,Algebra,Ecuaciones Cuadraticas,Algebra,Ecuaciones Cuadraticas,7,True
8017,Algebra,Ecuacion de Grado Superior,Algebra,Ecuaciones de Grado Superior,10,True
8018,Algebra,Ecuacion de Grado Superior,Algebra,Ecuaciones de Grado Superior,10,True
8019,Algebra,Ecuacion de Grado Superior,Algebra,Ecuaciones de Grado Superior,10,True
8020,Algebra,Ecuacion de Grado Superior,Algebra,Ecuaciones de Grado Superior,10,True
8021,Algebra,Ecuacion de Grado Superior,Algebra,Ecuaciones de Grado Superior,10,True
8022,Algebra,Ecuacion de Grado Superior,Algebra,Ecuaciones de Grado Superior,10,True
8023,Algebra,Ecuacion de Grado Superior,Algebra,Ecuaciones de Grado Superior,10,True
8024,Algebra,Sistema de Ecuaciones,Algebra,Sistemas de Ecuaciones Lineales,31,True
8025,Algebra,Sistema de Ecuaciones,Algebra,Sistemas de Ecuaciones Lineales,31,True
8026,Algebra,Sistema de Ecuaciones,Algebra,Sistemas de Ecuaciones Lineales,31,True
8027,Algebra,Sistema de Ecuaciones,Algebra,Sistemas de Ecuaciones Lineales,31,True
8028,Algebra,Sistema de Ecuaciones,Algebra,Sistemas de Ecuaciones Lineales,31,True
8029,Algebra,Sistema de Ecuaciones,Algebra,Sistemas de Ecuaciones Lineales,31,True
8030,Algebra,Sistema de Ecuaciones,Algebra,Sistemas de Ecuaciones Lineales,31,True
8031,Algebra,Sistema de Ecuaciones,Algebra,Sistemas de Ecuaciones Lineales,31,True
8032,Algebra,Sistema de Ecuaciones,Algebra,Sistemas de Ecuaciones Lineales,31,True
8033,Algebra,Sistema de Ecuaciones,Algebra,Sistemas de Ecuaciones Lineales,31,True
8034,Algebra,Sistema de Ecuaciones,Algebra,Sistemas de Ecuaciones Lineales,31,True
8035,Algebra,Sistema de Ecuaciones,Algebra,Sistemas de Ecuaciones Lineales,31,True
8036,Algebra,Sistema de Ecuaciones,Algebra,Sistemas de Ecuaciones Lineales,31,True
8037,Algebra,Ecuacion de Grado Superior,Algebra,Ecuaciones de Grado Superior,10,True
8038,Algebra,Ecuacion de Grado Superior,Algebra,Ecuaciones de Grado Superior,10,True
8039,Algebra,Ecuacion de Grado Superior,Algebra,Ecuaciones de Grado Superior,10,True
8040,Algebra,Ecuacion de Grado Superior,Algebra,Ecuaciones de Grado Superior,10,True
8041,Algebra,Ecuacion de Grado Superior,Algebra,Ecuaciones de Grado Superior,10,True
8042,Algebra,Ecuacion de Grado Superior,Algebra,Ecuaciones de Grado Superior,10,True
8043,Algebra,Ecuacion de Grado Superior,Algebra,Ecuaciones de Grado Superior,10,True
8044,Algebra,Ecuacion de Grado Superior,Algebra,Ecuaciones de Grado Superior,10,True
8045,Algebra,Sistema de Ecuaciones,Algebra,Sistemas de Ecuaciones Lineales,31,True
8046,Algebra,Sistema de Ecuaciones,Algebra,Sistemas de Ecuaciones Lineales,31,True
8047,Algebra,Sistema de Ecuaciones,Algebra,Sistemas de Ecuaciones Lineales,31,True
8048,Algebra,Sistema de Ecuaciones,Algebra,Sistemas de Ecuaciones Lineales,31,True
8049,Algebra,Sistema de Ecuaciones,Algebra,Sistemas de Ecuaciones Lineales,31,True
8050,Algebra,Sistema de Ecuaciones,Algebra,Sistemas de Ecuaciones Lineales,31,True
8051,Algebra,Sistema de Ecuaciones,Algebra,Sistemas de Ecuaciones Lineales,31,True
8052,Algebra,Ecuacion de Grado Superior,Algebra,Ecuaciones de Grado Superior,10,True
8053,Algebra,Ecuacion de Grado Superior,Algebra,Ecuaciones de Grado Superior,10,True
8054,Algebra,Sistema de Ecuaciones,Algebra,Sistemas de Ecuaciones Lineales,31,True
8055,Algebra,Sistema de Ecuaciones,Algebra,Sistemas de Ecuaciones Lineales,31,True
8056,Algebra,Sistema de Ecuaciones,Algebra,Sistemas de Ecuaciones Lineales,31,True
8057,Algebra,Ecuacion de Grado Superior,Algebra,Ecuaciones de Grado Superior,10,True
8058,Algebra,Ecuacion de Grado Superior,Algebra,Ecuaciones de Grado Superior,10,True
8059,Algebra,Ecuacion de Grado Superior,Algebra,Ecuaciones de Grado Superior,10,True
8060,Algebra,Ecuacion de Grado Superior,Algebra,Ecuaciones de Grado Superior,10,True
8061,Algebra,Sistema de Ecuaciones,Algebra,Sistemas de Ecuaciones Lineales,31,True
8062,Algebra,Sistema de Ecuaciones,Algebra,Sistemas de Ecuaciones Lineales,31,True
8063,Algebra,Sistema de Ecuaciones,Algebra,Sistemas de Ecuaciones Lineales,31,True
8064,Algebra,Sistema de Ecuaciones,Algebra,Sistemas de Ecuaciones Lineales,31,True
8065,Algebra,Sistema de Ecuaciones,Algebra,Sistemas de Ecuaciones Lineales,31,True
8066,Algebra,Sistema de Ecuaciones,Algebra,Sistemas de Ecuaciones Lineales,31,True
8067,Algebra,Intervalos,Algebra,Intervalos,24,True
8068,Algebra,Intervalos,Algebra,Intervalos,24,True
8069,Algebra,Intervalos,Algebra,Intervalos,24,True
8070,Algebra,Desigualdades,Algebra,Desigualdades,5,True
8071,Algebra,Desigualdades,Algebra,Desigualdades,5,True
8072,Algebra,Inecuaciones Lineales,Algebra,Inecuaciones Lineales,21,True
8073,Algebra,Inecuaciones Lineales,Algebra,Inecuaciones Lineales,21,True
8074,Algebra,Intervalos,Algebra,Intervalos,24,True
8075,Algebra,Desigualdades,Algebra,Desigualdades,5,True
8076,Algebra,Inecuaciones Lineales,Algebra,Inecuaciones Lineales,21,True
8077,Algebra,Inecuaciones Lineales,Algebra,Inecuaciones Lineales,21,True
8078,Algebra,Inecuaciones Lineales,Algebra,Inecuaciones Lineales,21,True
8079,Algebra,Inecuaciones Lineales,Algebra,Inecuaciones Lineales,21,True
8080,Algebra,Intervalos,Algebra,Intervalos,24,True
8081,Algebra,Intervalos,Algebra,Intervalos,24,True
8082,Algebra,Intervalos,Algebra,Intervalos,24,True
8083,Algebra,Intervalos,Algebra,Intervalos,24,True
8084,Algebra,Intervalos,Algebra,Intervalos,24,True
8085,Algebra,Intervalos,Algebra,Intervalos,24,True
8086,Algebra,Intervalos,Algebra,Intervalos,24,True
8087,Algebra,Desigualdades,Algebra,Desigualdades,5,True
8088,Algebra,Desigualdades,Algebra,Desigualdades,5,True
8089,Algebra,Desigualdades,Algebra,Desigualdades,5,True
8090,Algebra,Desigualdades,Algebra,Desigualdades,5,True
8091,Algebra,Desigualdades,Algebra,Desigualdades,5,True
8092,Algebra,Desigualdades,Algebra,Desigualdades,5,True
8093,Algebra,Desigualdades,Algebra,Desigualdades,5,True
8094,Algebra,Desigualdades,Algebra,Desigualdades,5,True
8095,Algebra,Inecuaciones Lineales,Algebra,Inecuaciones Lineales,21,True
8096,Algebra,Inecuaciones Lineales,Algebra,Inecuaciones Lineales,21,True
8097,Algebra,Inecuaciones Lineales,Algebra,Inecuaciones Lineales,21,True
8098,Algebra,Inecuaciones Lineales,Algebra,Inecuaciones Lineales,21,True
8099,Algebra,Inecuaciones Lineales,Algebra,Inecuaciones Lineales,21,True
8100,Algebra,Intervalos,Algebra,Intervalos,24,True
8101,Algebra,Intervalos,Algebra,Intervalos,24,True
8102,Algebra,Desigualdades,Algebra,Desigualdades,5,True
8103,Algebra,Inecuaciones Lineales,Algebra,Inecuaciones Lineales,21,True
8104,Algebra,Inecuaciones Lineales,Algebra,Inecuaciones Lineales,21,True
8105,Algebra,Intervalos,Algebra,Intervalos,24,True
8106,Algebra,Intervalos,Algebra,Intervalos,24,True
8107,Algebra,Intervalos,Algebra,Intervalos,24,True
8108,Algebra,Desigualdades,Algebra,Desigualdades,5,True
8109,Algebra,Inecuaciones Lineales,Algebra,Inecuaciones Lineales,21,True
8110,Algebra,Inecuaciones Lineales,Algebra,Inecuaciones Lineales,21,True
8111,Algebra,Intervalos,Algebra,Intervalos,24,True
8112,Algebra,Intervalos,Algebra,Intervalos,24,True
8113,Algebra,Inecuaciones Racionales,Algebra,Inecuaciones Racionales,23,True
8114,Algebra,Inecuaciones Lineales,Algebra,Inecuaciones Lineales,21,True
8115,Algebra,Inecuaciones Lineales,Algebra,Inecuaciones Lineales,21,True
8116,Algebra,Inecuaciones Lineales,Algebra,Inecuaciones Lineales,21,True
8117,Algebra,Intervalos,Algebra,Intervalos,24,True
8118,Algebra,Intervalos,Algebra,Intervalos,24,True
8119,Algebra,Intervalos,Algebra,Intervalos,24,True
8120,Algebra,Inecuaciones Cuadraticas,Algebra,Inecuaciones Cuadraticas,18,True
8121,Algebra,Inecuaciones Cuadraticas,Algebra,Inecuaciones Cuadraticas,18,True
8122,Algebra,Inecuaciones Cuadraticas,Algebra,Inecuaciones Cuadraticas,18,True
8123,Algebra,Inecuaciones Cuadraticas,Algebra,Inecuaciones Cuadraticas,18,True
8124,Algebra,Inecuaciones Cuadraticas,Algebra,Inecuaciones Cuadraticas,18,True
8125,Algebra,Inecuaciones Cuadraticas,Algebra,Inecuaciones Cuadraticas,18,True
8126,Algebra,Inecuaciones Cuadraticas,Algebra,Inecuaciones Cuadraticas,18,True
8127,Algebra,Inecuaciones Cuadraticas,Algebra,Inecuaciones Cuadraticas,18,True
8128,Algebra,Inecuaciones Cuadraticas,Algebra,Inecuaciones Cuadraticas,18,True
8129,Algebra,Inecuaciones Cuadraticas,Algebra,Inecuaciones Cuadraticas,18,True
8130,Algebra,Inecuaciones Cuadraticas,Algebra,Inecuaciones Cuadraticas,18,True
8131,Algebra,Inecuaciones Cuadraticas,Algebra,Inecuaciones Cuadraticas,18,True
8132,Algebra,Inecuaciones Cuadraticas,Algebra,Inecuaciones Cuadraticas,18,True
8133,Algebra,Inecuaciones Cuadraticas,Algebra,Inecuaciones Cuadraticas,18,True
8134,Algebra,Desigualdades,Algebra,Desigualdades,5,True
8135,Algebra,Desigualdades,Algebra,Desigualdades,5,True
8136,Algebra,Desigualdades,Algebra,Desigualdades,5,True
8137,Algebra,Desigualdades,Algebra,Desigualdades,5,True
8138,Algebra,Desigualdades,Algebra,Desigualdades,5,True
8139,Algebra,Inecuaciones Cuadraticas,Algebra,Inecuaciones Cuadraticas,18,True
8140,Algebra,Inecuaciones Cuadraticas,Algebra,Inecuaciones Cuadraticas,18,True
8141,Algebra,Intervalos,Algebra,Intervalos,24,True
8142,Algebra,Inecuaciones Cuadraticas,Algebra,Inecuaciones Cuadraticas,18,True
8143,Algebra,Inecuaciones Cuadraticas,Algebra,Inecuaciones Cuadraticas,18,True
8144,Algebra,Inecuaciones Cuadraticas,Algebra,Inecuaciones Cuadraticas,18,True
8145,Algebra,Inecuaciones Cuadraticas,Algebra,Inecuaciones Cuadraticas,18,True
8146,Algebra,Inecuaciones Cuadraticas,Algebra,Inecuaciones Cuadraticas,18,True
8147,Algebra,Inecuaciones Cuadraticas,Algebra,Inecuaciones Cuadraticas,18,True
8148,Algebra,Desigualdades,Algebra,Desigualdades,5,True
8149,Algebra,Desigualdades,Algebra,Desigualdades,5,True
8150,Algebra,Desigualdades,Algebra,Desigualdades,5,True
8151,Algebra,Desigualdades,Algebra,Desigualdades,5,True
8152,Algebra,Inecuaciones Cuadraticas,Algebra,Inecuaciones Cuadraticas,18,True
8153,Algebra,Inecuaciones Cuadraticas,Algebra,Inecuaciones Cuadraticas,18,True
8154,Algebra,Inecuaciones Cuadraticas,Algebra,Inecuaciones Cuadraticas,18,True
8155,Algebra,Desigualdades,Algebra,Desigualdades,5,True
8156,Algebra,Desigualdades,Algebra,Desigualdades,5,True
8157,Algebra,Intervalos,Algebra,Intervalos,24,True
8158,Algebra,Intervalos,Algebra,Intervalos,24,True
8159,Algebra,Inecuaciones Cuadraticas,Algebra,Inecuaciones Cuadraticas,18,True
8160,Algebra,Inecuaciones Cuadraticas,Algebra,Inecuaciones Cuadraticas,18,True
8161,Algebra,Inecuaciones Cuadraticas,Algebra,Inecuaciones Cuadraticas,18,True
8162,Algebra,Inecuaciones Cuadraticas,Algebra,Inecuaciones Cuadraticas,18,True
8163,Algebra,Inecuaciones Cuadraticas,Algebra,Inecuaciones Cuadraticas,18,True
8164,Algebra,Inecuaciones Cuadraticas,Algebra,Inecuaciones Cuadraticas,18,True
8165,Algebra,Inecuaciones Cuadraticas,Algebra,Inecuaciones Cuadraticas,18,True
8166,Algebra,Desigualdades,Algebra,Desigualdades,5,True
8167,Algebra,Inecuaciones Polinomiales,Algebra,Inecuaciones Polinomiales,22,True
8168,Algebra,Inecuaciones Polinomiales,Algebra,Inecuaciones Polinomiales,22,True
8169,Algebra,Inecuaciones Polinomiales,Algebra,Inecuaciones Polinomiales,22,True
8170,Algebra,Inecuaciones Polinomiales,Algebra,Inecuaciones Polinomiales,22,True
8171,Algebra,Inecuaciones Polinomiales,Algebra,Inecuaciones Polinomiales,22,True
8172,Algebra,Inecuaciones Polinomiales,Algebra,Inecuaciones Polinomiales,22,True
8173,Algebra,Inecuaciones Polinomiales,Algebra,Inecuaciones Polinomiales,22,True
8174,Algebra,Inecuaciones Polinomiales,Algebra,Inecuaciones Polinomiales,22,True
8175,Algebra,Inecuaciones Polinomiales,Algebra,Inecuaciones Polinomiales,22,True
8176,Algebra,Inecuaciones Polinomiales,Algebra,Inecuaciones Polinomiales,22,True
8177,Algebra,Inecuaciones Polinomiales,Algebra,Inecuaciones Polinomiales,22,True
8178,Algebra,Inecuaciones Exponenciales,Algebra,Inecuaciones Exponenciales,19,True
8179,Algebra,Inecuaciones Racionales,Algebra,Inecuaciones Racionales,23,True
8180,Algebra,Inecuaciones Racionales,Algebra,Inecuaciones Racionales,23,True
8181,Algebra,Inecuaciones Racionales,Algebra,Inecuaciones Racionales,23,True
8182,Algebra,Inecuaciones Racionales,Algebra,Inecuaciones Racionales,23,True
8183,Algebra,Inecuaciones Racionales,Algebra,Inecuaciones Racionales,23,True
8184,Algebra,Inecuaciones Racionales,Algebra,Inecuaciones Racionales,23,True
8185,Algebra,Inecuaciones Racionales,Algebra,Inecuaciones Racionales,23,True
8186,Algebra,Inecuaciones Racionales,Algebra,Inecuaciones Racionales,23,True
8187,Algebra,Inecuaciones Racionales,Algebra,Inecuaciones Racionales,23,True
8188,Algebra,Inecuaciones Racionales,Algebra,Inecuaciones Racionales,23,True
8189,Algebra,Inecuaciones Racionales,Algebra,Inecuaciones Racionales,23,True
8190,Algebra,Inecuaciones Racionales,Algebra,Inecuaciones Racionales,23,True
8191,Algebra,Inecuaciones Polinomiales,Algebra,Inecuaciones Polinomiales,22,True
8192,Algebra,Inecuaciones Polinomiales,Algebra,Inecuaciones Polinomiales,22,True
8193,Algebra,Inecuaciones Polinomiales,Algebra,Inecuaciones Polinomiales,22,True
8194,Algebra,Desigualdades,Algebra,Desigualdades,5,True
8195,Algebra,Inecuaciones Racionales,Algebra,Inecuaciones Racionales,23,True
8196,Algebra,Inecuaciones Racionales,Algebra,Inecuaciones Racionales,23,True
8197,Algebra,Desigualdades,Algebra,Desigualdades,5,True
8198,Algebra,Inecuaciones Racionales,Algebra,Inecuaciones Racionales,23,True
8199,Algebra,Inecuaciones Polinomiales,Algebra,Inecuaciones Polinomiales,22,True
8200,Algebra,Inecuaciones Racionales,Algebra,Inecuaciones Racionales,23,True
8201,Algebra,Inecuaciones Racionales,Algebra,Inecuaciones Racionales,23,True
8202,Algebra,Inecuaciones Polinomiales,Algebra,Inecuaciones Polinomiales,22,True
8203,Algebra,Inecuaciones Polinomiales,Algebra,Inecuaciones Polinomiales,22,True
8204,Algebra,Inecuaciones Racionales,Algebra,Inecuaciones Racionales,23,True
8205,Algebra,Inecuaciones Racionales,Algebra,Inecuaciones Racionales,23,True
8206,Algebra,Desigualdades,Algebra,Desigualdades,5,True
8207,Algebra,Desigualdades,Algebra,Desigualdades,5,True
8208,Algebra,Inecuaciones Polinomiales,Algebra,Inecuaciones Polinomiales,22,True
8209,Algebra,Inecuaciones Polinomiales,Algebra,Inecuaciones Polinomiales,22,True
8210,Algebra,Inecuaciones Polinomiales,Algebra,Inecuaciones Polinomiales,22,True
8211,Algebra,Inecuaciones Racionales,Algebra,Inecuaciones Racionales,23,True
8212,Algebra,Inecuaciones Racionales,Algebra,Inecuaciones Racionales,23,True
8213,Algebra,Inecuaciones Racionales,Algebra,Inecuaciones Racionales,23,True
8214,Algebra,Inecuaciones Racionales,Algebra,Inecuaciones Racionales,23,True
8215,Algebra,Inecuaciones Racionales,Algebra,Inecuaciones Racionales,23,True
8216,Algebra,Inecuaciones Racionales,Algebra,Inecuaciones Racionales,23,True
8217,Algebra,Inecuaciones Irracionales,Algebra,Inecuaciones Irracionales,20,True
8218,Algebra,Inecuaciones Irracionales,Algebra,Inecuaciones Irracionales,20,True
8219,Algebra,Inecuaciones Irracionales,Algebra,Inecuaciones Irracionales,20,True
8220,Algebra,Inecuaciones Irracionales,Algebra,Inecuaciones Irracionales,20,True
8221,Algebra,Inecuaciones Irracionales,Algebra,Inecuaciones Irracionales,20,True
8222,Algebra,Inecuaciones Irracionales,Algebra,Inecuaciones Irracionales,20,True
8223,Algebra,Inecuaciones Irracionales,Algebra,Inecuaciones Irracionales,20,True
8224,Algebra,Inecuaciones Irracionales,Algebra,Inecuaciones Irracionales,20,True
8225,Algebra,Inecuaciones Irracionales,Algebra,Inecuaciones Irracionales,20,True
8226,Algebra,Inecuaciones Irracionales,Algebra,Inecuaciones Irracionales,20,True
8227,Algebra,Inecuaciones Irracionales,Algebra,Inecuaciones Irracionales,20,True
8228,Algebra,Inecuaciones Irracionales,Algebra,Inecuaciones Irracionales,20,True
8229,Algebra,Inecuaciones Irracionales,Algebra,Inecuaciones Irracionales,20,True
8230,Algebra,Inecuaciones Irracionales,Algebra,Inecuaciones Irracionales,20,True
8231,Algebra,Inecuaciones Irracionales,Algebra,Inecuaciones Irracionales,20,True
8232,Algebra,Inecuaciones Irracionales,Algebra,Inecuaciones Irracionales,20,True
8233,Algebra,Inecuaciones Irracionales,Algebra,Inecuaciones Irracionales,20,True
8234,Algebra,Inecuaciones Irracionales,Algebra,Inecuaciones Irracionales,20,True
8235,Algebra,Inecuaciones Irracionales,Algebra,Inecuaciones Irracionales,20,True
8236,Algebra,Inecuaciones Irracionales,Algebra,Inecuaciones Irracionales,20,True
8237,Algebra,Inecuaciones Irracionales,Algebra,Inecuaciones Irracionales,20,True
8238,Algebra,Inecuaciones Irracionales,Algebra,Inecuaciones Irracionales,20,True
8239,Algebra,Inecuaciones Irracionales,Algebra,Inecuaciones Irracionales,20,True
8240,Algebra,Inecuaciones Irracionales,Algebra,Inecuaciones Irracionales,20,True
8241,Algebra,Inecuaciones Irracionales,Algebra,Inecuaciones Irracionales,20,True
8242,Algebra,Inecuaciones Irracionales,Algebra,Inecuaciones Irracionales,20,True
8243,Algebra,Inecuaciones Irracionales,Algebra,Inecuaciones Irracionales,20,True
8244,Algebra,Inecuaciones Irracionales,Algebra,Inecuaciones Irracionales,20,True
8245,Algebra,Inecuaciones Irracionales,Algebra,Inecuaciones Irracionales,20,True
8246,Algebra,Inecuaciones Irracionales,Algebra,Inecuaciones Irracionales,20,True
8247,Algebra,Inecuaciones Irracionales,Algebra,Inecuaciones Irracionales,20,True
8248,Algebra,Inecuaciones Irracionales,Algebra,Inecuaciones Irracionales,20,True
8249,Algebra,Inecuaciones Irracionales,Algebra,Inecuaciones Irracionales,20,True
8250,Algebra,Inecuaciones Irracionales,Algebra,Inecuaciones Irracionales,20,True
8251,Algebra,Inecuaciones Irracionales,Algebra,Inecuaciones Irracionales,20,True
8252,Algebra,Inecuaciones Irracionales,Algebra,Inecuaciones Irracionales,20,True
8253,Algebra,Inecuaciones Irracionales,Algebra,Inecuaciones Irracionales,20,True
8254,Algebra,Inecuaciones Irracionales,Algebra,Inecuaciones Irracionales,20,True
8255,Algebra,Inecuaciones Irracionales,Algebra,Inecuaciones Irracionales,20,True
8256,Algebra,Inecuaciones Irracionales,Algebra,Inecuaciones Irracionales,20,True
8257,Algebra,Inecuaciones Irracionales,Algebra,Inecuaciones Irracionales,20,True
8258,Algebra,Inecuaciones Irracionales,Algebra,Inecuaciones Irracionales,20,True
8259,Algebra,Inecuaciones Irracionales,Algebra,Inecuaciones Irracionales,20,True
8260,Algebra,Inecuaciones Irracionales,Algebra,Inecuaciones Irracionales,20,True
8261,Algebra,Inecuaciones Irracionales,Algebra,Inecuaciones Irracionales,20,True
8262,Algebra,Inecuaciones Irracionales,Algebra,Inecuaciones Irracionales,20,True
8263,Algebra,Inecuaciones Irracionales,Algebra,Inecuaciones Irracionales,20,True
8264,Algebra,Inecuaciones Irracionales,Algebra,Inecuaciones Irracionales,20,True
8265,Algebra,Inecuaciones Irracionales,Algebra,Inecuaciones Irracionales,20,True
8266,Algebra,Inecuaciones Irracionales,Algebra,Inecuaciones Irracionales,20,True
8267,Algebra,Inecuaciones Exponenciales,Algebra,Inecuaciones Exponenciales,19,True
8268,Algebra,Ecuaciones Exponenciales,Algebra,Ecuaciones Exponenciales,8,True
8269,Algebra,Inecuaciones Exponenciales,Algebra,Inecuaciones Exponenciales,19,True
8270,Algebra,Inecuaciones,Algebra,Inecuaciones,17,True
8271,Algebra,Ecuaciones Exponenciales,Algebra,Ecuaciones Exponenciales,8,True
8272,Algebra,Ecuaciones Exponenciales,Algebra,Ecuaciones Exponenciales,8,True
8273,Algebra,Ecuaciones Exponenciales,Algebra,Ecuaciones Exponenciales,8,True
8274,Algebra,Inecuaciones Exponenciales,Algebra,Inecuaciones Exponenciales,19,True
8275,Algebra,Ecuaciones Exponenciales,Algebra,Ecuaciones Exponenciales,8,True
8276,Algebra,Ecuaciones Exponenciales,Algebra,Ecuaciones Exponenciales,8,True
8277,Algebra,Inecuaciones Exponenciales,Algebra,Inecuaciones Exponenciales,19,True
8278,Algebra,Ecuaciones Exponenciales,Algebra,Ecuaciones Exponenciales,8,True
8279,Algebra,Sistema de Ecuaciones No Lineales,Algebra,Sistemas de Ecuaciones No Lineales,32,True
8280,Algebra,Sistemas de Inecuaciones,Algebra,Sistemas de Inecuaciones,33,True
8281,Algebra,Sistema de Ecuaciones No Lineales,Algebra,Sistemas de Ecuaciones No Lineales,32,True
8282,Algebra,Sistemas de Inecuaciones,Algebra,Sistemas de Inecuaciones,33,True
8283,Algebra,Sistema de Ecuaciones No Lineales,Algebra,Sistemas de Ecuaciones No Lineales,32,True
8284,Algebra,Sistema de Ecuaciones No Lineales,Algebra,Sistemas de Ecuaciones No Lineales,32,True
8285,Algebra,Sistema de Ecuaciones No Lineales,Algebra,Sistemas de Ecuaciones No Lineales,32,True
8286,Algebra,Sistema de Ecuaciones No Lineales,Algebra,Sistemas de Ecuaciones No Lineales,32,True
8287,Algebra,Inecuaciones Exponenciales,Algebra,Inecuaciones Exponenciales,19,True
8288,Algebra,Inecuaciones Exponenciales,Algebra,Inecuaciones Exponenciales,19,True
8289,Algebra,Inecuaciones Exponenciales,Algebra,Inecuaciones Exponenciales,19,True
8290,Algebra,Inecuaciones Exponenciales,Algebra,Inecuaciones Exponenciales,19,True
8291,Algebra,Inecuaciones Exponenciales,Algebra,Inecuaciones Exponenciales,19,True
8292,Algebra,Inecuaciones Exponenciales,Algebra,Inecuaciones Exponenciales,19,True
8293,Algebra,Ecuaciones Exponenciales,Algebra,Ecuaciones Exponenciales,8,True
8294,Algebra,Sistemas de Inecuaciones,Algebra,Sistemas de Inecuaciones,33,True
8295,Algebra,Sistema de Ecuaciones No Lineales,Algebra,Sistemas de Ecuaciones No Lineales,32,True
8296,Algebra,Sistema de Ecuaciones No Lineales,Algebra,Sistemas de Ecuaciones No Lineales,32,True
8297,Algebra,Inecuaciones Irracionales,Algebra,Inecuaciones Irracionales,20,True
8298,Algebra,Inecuaciones Exponenciales,Algebra,Inecuaciones Exponenciales,19,True
8299,Algebra,Sistema de Ecuaciones No Lineales,Algebra,Sistemas de Ecuaciones No Lineales,32,True
8300,Algebra,Sistema de Ecuaciones No Lineales,Algebra,Sistemas de Ecuaciones No Lineales,32,True
8301,Algebra,Sistema de Ecuaciones No Lineales,Algebra,Sistemas de Ecuaciones No Lineales,32,True
8302,Algebra,Ecuaciones Exponenciales,Algebra,Ecuaciones Exponenciales,8,True
8303,Algebra,Ecuaciones Exponenciales,Algebra,Ecuaciones Exponenciales,8,True
8304,Algebra,Sistema de Ecuaciones No Lineales,Algebra,Sistemas de Ecuaciones No Lineales,32,True
8305,Algebra,Sistema de Ecuaciones No Lineales,Algebra,Sistemas de Ecuaciones No Lineales,32,True
8306,Algebra,Sistema de Ecuaciones No Lineales,Algebra,Sistemas de Ecuaciones No Lineales,32,True
8307,Algebra,Sistema de Ecuaciones No Lineales,Algebra,Sistemas de Ecuaciones No Lineales,32,True
8308,Algebra,Sistemas de Inecuaciones,Algebra,Sistemas de Inecuaciones,33,True
8309,Algebra,Sistemas de Inecuaciones,Algebra,Sistemas de Inecuaciones,33,True
8310,Algebra,Sistema de Ecuaciones No Lineales,Algebra,Sistemas de Ecuaciones No Lineales,32,True
8311,Algebra,Sistemas de Inecuaciones,Algebra,Sistemas de Inecuaciones,33,True
8312,Algebra,Factorizacion,Algebra,Factorizacion,13,True
8313,Algebra,Factorizacion,Algebra,Factorizacion,13,True
8314,Algebra,Factorizacion,Algebra,Factorizacion,13,True
8315,Algebra,Factorizacion,Algebra,Factorizacion,13,True
8316,Algebra,Factorizacion,Algebra,Factorizacion,13,True
8317,Algebra,Factorizacion,Algebra,Factorizacion,13,True
8318,Algebra,Factorizacion,Algebra,Factorizacion,13,True
8319,Algebra,Factorizacion,Algebra,Factorizacion,13,True
8320,Algebra,Factorizacion,Algebra,Factorizacion,13,True
8321,Algebra,Factorizacion,Algebra,Factorizacion,13,True
8322,Algebra,Factorizacion,Algebra,Factorizacion,13,True
8323,Algebra,Factorizacion,Algebra,Factorizacion,13,True
8324,Algebra,Factorizacion,Algebra,Factorizacion,13,True
8325,Algebra,Factorizacion,Algebra,Factorizacion,13,True
8326,Algebra,Factorizacion,Algebra,Factorizacion,13,True
8327,Algebra,Factorizacion,Algebra,Factorizacion,13,True
8328,Algebra,Factorizacion,Algebra,Factorizacion,13,True
8329,Algebra,Factorizacion,Algebra,Factorizacion,13,True
8330,Algebra,Factorizacion,Algebra,Factorizacion,13,True
8331,Algebra,Factorizacion,Algebra,Factorizacion,13,True
8332,Algebra,Factorizacion,Algebra,Factorizacion,13,True
8333,Algebra,Factorizacion,Algebra,Factorizacion,13,True
8334,Algebra,Factorizacion,Algebra,Factorizacion,13,True
8335,Algebra,Factorizacion,Algebra,Factorizacion,13,True
8336,Algebra,Factorizacion,Algebra,Factorizacion,13,True
8337,Algebra,Factorizacion,Algebra,Factorizacion,13,True
8338,Algebra,Factorizacion,Algebra,Factorizacion,13,True
8339,Algebra,Factorizacion,Algebra,Factorizacion,13,True
8340,Algebra,Factorizacion,Algebra,Factorizacion,13,True
8341,Algebra,Factorizacion,Algebra,Factorizacion,13,True
8342,Algebra,Factorizacion,Algebra,Factorizacion,13,True
8343,Algebra,Factorizacion,Algebra,Factorizacion,13,True
8344,Algebra,Factorizacion,Algebra,Factorizacion,13,True
8345,Algebra,Factorizacion,Algebra,Factorizacion,13,True
8346,Algebra,Factorizacion,Algebra,Factorizacion,13,True
8347,Algebra,Factorizacion,Algebra,Factorizacion,13,True
8348,Algebra,Factorizacion,Algebra,Factorizacion,13,True
8349,Algebra,Factorizacion,Algebra,Factorizacion,13,True
8350,Algebra,Factorizacion,Algebra,Factorizacion,13,True
8351,Algebra,Factorizacion,Algebra,Factorizacion,13,True
8352,Algebra,Factorizacion,Algebra,Factorizacion,13,True
8353,Algebra,Factorizacion,Algebra,Factorizacion,13,True
8354,Algebra,Factorizacion,Algebra,Factorizacion,13,True
8355,Algebra,Factorizacion,Algebra,Factorizacion,13,True
8356,Algebra,Factorizacion,Algebra,Factorizacion,13,True
8357,Algebra,Factorizacion,Algebra,Factorizacion,13,True
8358,Algebra,Factorizacion,Algebra,Factorizacion,13,True
8359,Algebra,Factorizacion,Algebra,Factorizacion,13,True
8360,Algebra,Factorizacion,Algebra,Factorizacion,13,True
8361,Algebra,Factorizacion,Algebra,Factorizacion,13,True
8362,Algebra,Factorizacion,Algebra,Factorizacion,13,True
8363,Algebra,Factorizacion,Algebra,Factorizacion,13,True
8364,Algebra,Factorizacion,Algebra,Factorizacion,13,True
8365,Algebra,Factorizacion,Algebra,Factorizacion,13,True
8366,Algebra,Factorizacion,Algebra,Factorizacion,13,True
8367,Algebra,Factorizacion,Algebra,Factorizacion,13,True
8368,Algebra,Factorizacion,Algebra,Factorizacion,13,True
8369,Algebra,Factorizacion,Algebra,Factorizacion,13,True
8370,Algebra,Factorizacion,Algebra,Factorizacion,13,True
8371,Algebra,Factorizacion,Algebra,Factorizacion,13,True
8372,Algebra,Factorizacion,Algebra,Factorizacion,13,True
8373,Algebra,Factorizacion,Algebra,Factorizacion,13,True
8374,Algebra,Factorizacion,Algebra,Factorizacion,13,True
8375,Algebra,Factorizacion,Algebra,Factorizacion,13,True
8376,Algebra,Factorizacion,Algebra,Factorizacion,13,True
8377,Algebra,Factorizacion,Algebra,Factorizacion,13,True
8378,Algebra,Factorizacion,Algebra,Factorizacion,13,True
8379,Algebra,Factorizacion,Algebra,Factorizacion,13,True
8380,Algebra,Factorizacion,Algebra,Factorizacion,13,True
8381,Algebra,Factorizacion,Algebra,Factorizacion,13,True
8382,Algebra,Factorizacion,Algebra,Factorizacion,13,True
8383,Algebra,Factorizacion,Algebra,Factorizacion,13,True
8384,Algebra,Factorizacion,Algebra,Factorizacion,13,True
8385,Algebra,Factorizacion,Algebra,Factorizacion,13,True
8386,Algebra,Factorizacion,Algebra,Factorizacion,13,True
8387,Algebra,Factorizacion,Algebra,Factorizacion,13,True
8388,Algebra,Factorizacion,Algebra,Factorizacion,13,True
8389,Algebra,Factorizacion,Algebra,Factorizacion,13,True
8390,Algebra,Factorizacion,Algebra,Factorizacion,13,True
8391,Algebra,Factorizacion,Algebra,Factorizacion,13,True
8392,Algebra,Factorizacion,Algebra,Factorizacion,13,True
8393,Algebra,Factorizacion,Algebra,Factorizacion,13,True
8394,Algebra,Factorizacion,Algebra,Factorizacion,13,True
8395,Algebra,Factorizacion,Algebra,Factorizacion,13,True
8396,Algebra,Factorizacion,Algebra,Factorizacion,13,True
8397,Algebra,Factorizacion,Algebra,Factorizacion,13,True
8398,Algebra,Factorizacion,Algebra,Factorizacion,13,True
8399,Algebra,Factorizacion,Algebra,Factorizacion,13,True
8400,Algebra,Factorizacion,Algebra,Factorizacion,13,True
8401,Algebra,Factorizacion,Algebra,Factorizacion,13,True
8402,Algebra,Factorizacion,Algebra,Factorizacion,13,True
8403,Algebra,Factorizacion,Algebra,Factorizacion,13,True
8404,Algebra,Factorizacion,Algebra,Factorizacion,13,True
8405,Algebra,Factorizacion,Algebra,Factorizacion,13,True
8406,Algebra,Factorizacion,Algebra,Factorizacion,13,True
8407,Algebra,Factorizacion,Algebra,Factorizacion,13,True
8408,Algebra,Factorizacion,Algebra,Factorizacion,13,True
8409,Algebra,Factorizacion,Algebra,Factorizacion,13,True
8410,Algebra,Factorizacion,Algebra,Factorizacion,13,True
8411,Algebra,Factorizacion,Algebra,Factorizacion,13,True
8412,Algebra,Factorizacion,Algebra,Factorizacion,13,True
8413,Algebra,Factorizacion,Algebra,Factorizacion,13,True
8414,Algebra,Factorizacion,Algebra,Factorizacion,13,True
8415,Algebra,Factorizacion,Algebra,Factorizacion,13,True
8416,Algebra,Factorizacion,Algebra,Factorizacion,13,True
8417,Algebra,Factorizacion,Algebra,Factorizacion,13,True
8418,Algebra,Factorizacion,Algebra,Factorizacion,13,True
8419,Algebra,Factorizacion,Algebra,Factorizacion,13,True
8420,Algebra,Factorizacion,Algebra,Factorizacion,13,True
8421,Algebra,Factorizacion,Algebra,Factorizacion,13,True
8422,Algebra,Factorizacion,Algebra,Factorizacion,13,True
8423,Algebra,Factorizacion,Algebra,Factorizacion,13,True
8424,Algebra,Factorizacion,Algebra,Factorizacion,13,True
8425,Algebra,Factorizacion,Algebra,Factorizacion,13,True
8426,Algebra,Factorizacion,Algebra,Factorizacion,13,True
8427,Algebra,Factorizacion,Algebra,Factorizacion,13,True
8428,Algebra,Factorizacion,Algebra,Factorizacion,13,True
8429,Algebra,Factorizacion,Algebra,Factorizacion,13,True
8430,Algebra,Factorizacion,Algebra,Factorizacion,13,True
8431,Algebra,Factorizacion,Algebra,Factorizacion,13,True
8432,Algebra,Factorizacion,Algebra,Factorizacion,13,True
8433,Algebra,Factorizacion,Algebra,Factorizacion,13,True
8434,Algebra,Factorizacion,Algebra,Factorizacion,13,True
8435,Algebra,Factorizacion,Algebra,Factorizacion,13,True
8436,Algebra,Factorizacion,Algebra,Factorizacion,13,True
8437,Algebra,Factorizacion,Algebra,Factorizacion,13,True
8438,Algebra,Factorizacion,Algebra,Factorizacion,13,True
8439,Algebra,Factorizacion,Algebra,Factorizacion,13,True
8440,Algebra,Factorizacion,Algebra,Factorizacion,13,True
8441,Algebra,Factorizacion,Algebra,Factorizacion,13,True
8442,Algebra,Factorizacion,Algebra,Factorizacion,13,True
8443,Algebra,Factorizacion,Algebra,Factorizacion,13,True
8444,Algebra,Factorizacion,Algebra,Factorizacion,13,True
8445,Algebra,Factorizacion,Algebra,Factorizacion,13,True
8446,Algebra,Factorizacion,Algebra,Factorizacion,13,True
8447,Algebra,Factorizacion,Algebra,Factorizacion,13,True
8448,Algebra,Factorizacion,Algebra,Factorizacion,13,True
8449,Algebra,Factorizacion,Algebra,Factorizacion,13,True
8450,Algebra,Factorizacion,Algebra,Factorizacion,13,True
8451,Algebra,Factorizacion,Algebra,Factorizacion,13,True
8452,Geometria,Circunferencias,Geometria,Circunferencias,45,True
8453,Geometria,Circunferencias,Geometria,Circunferencias,45,True
8454,Geometria,Circunferencias,Geometria,Circunferencias,45,True
8455,Geometria,Circunferencias,Geometria,Circunferencias,45,True
8456,Geometria,Circunferencias,Geometria,Circunferencias,45,True
8457,Geometria,Circunferencias,Geometria,Circunferencias,45,True
8458,Geometria,Circunferencias,Geometria,Circunferencias,45,True
8459,Geometria,Circunferencias,Geometria,Circunferencias,45,True
8460,Geometria,Circunferencias,Geometria,Circunferencias,45,True
8461,Geometria,Circunferencias,Geometria,Circunferencias,45,True
8462,Geometria,Circunferencias,Geometria,Circunferencias,45,True
8463,Geometria,Circunferencias,Geometria,Circunferencias,45,True
8464,Geometria,Circunferencias,Geometria,Circunferencias,45,True
8465,Geometria,Circunferencias,Geometria,Circunferencias,45,True
8466,Geometria,Circunferencias,Geometria,Circunferencias,45,True
8467,Geometria,Circunferencias,Geometria,Circunferencias,45,True
8468,Geometria,Circunferencias,Geometria,Circunferencias,45,True
8469,Geometria,Circunferencias,Geometria,Circunferencias,45,True
8470,Geometria,Circunferencias,Geometria,Circunferencias,45,True
8471,Geometria,Circunferencias,Geometria,Circunferencias,45,True
8472,Geometria,Circunferencias,Geometria,Circunferencias,45,True
8473,Geometria,Circunferencias,Geometria,Circunferencias,45,True
8474,Geometria,Circunferencias,Geometria,Circunferencias,45,True
8475,Geometria,Circunferencias,Geometria,Circunferencias,45,True
8476,Geometria,Circunferencias,Geometria,Circunferencias,45,True
8477,Geometria,Circunferencias,Geometria,Circunferencias,45,True
8478,Geometria,Circunferencias,Geometria,Circunferencias,45,True
8479,Geometria,Circunferencias,Geometria,Circunferencias,45,True
8480,Geometria,Circunferencias,Geometria,Circunferencias,45,True
8481,Geometria,Circunferencias,Geometria,Circunferencias,45,True
8482,Geometria,Circunferencias,Geometria,Circunferencias,45,True
8483,Geometria,Circunferencias,Geometria,Circunferencias,45,True
8484,Geometria,Circunferencias,Geometria,Circunferencias,45,True
8485,Geometria,Circunferencias,Geometria,Circunferencias,45,True
8486,Geometria,Circunferencias,Geometria,Circunferencias,45,True
8487,Geometria,Circunferencias,Geometria,Circunferencias,45,True
8488,Geometria,Circunferencias,Geometria,Circunferencias,45,True
8489,Geometria,Circunferencias,Geometria,Circunferencias,45,True
8490,Geometria,Circunferencias,Geometria,Circunferencias,45,True
8491,Geometria,Circunferencias,Geometria,Circunferencias,45,True
8492,Geometria,Circunferencias,Geometria,Circunferencias,45,True
8493,Geometria,Circunferencias,Geometria,Circunferencias,45,True
8494,Geometria,Circunferencias,Geometria,Circunferencias,45,True
8495,Geometria,Circunferencias,Geometria,Circunferencias,45,True
8496,Geometria,Circunferencias,Geometria,Circunferencias,45,True
8497,Geometria,Circunferencias,Geometria,Circunferencias,45,True
8498,Geometria,Circunferencias,Geometria,Circunferencias,45,True
8499,Geometria,Circunferencias,Geometria,Circunferencias,45,True
8500,Geometria,Circunferencias,Geometria,Circunferencias,45,True
8501,Geometria,Circunferencias,Geometria,Circunferencias,45,True
8502,Geometria,Circunferencias,Geometria,Circunferencias,45,True
8503,Geometria,Circunferencias,Geometria,Circunferencias,45,True
8504,Geometria,Circunferencias,Geometria,Circunferencias,45,True
8505,Geometria,Circunferencias,Geometria,Circunferencias,45,True
8506,Geometria,Circunferencias,Geometria,Circunferencias,45,True
8507,Geometria,Circunferencias,Geometria,Circunferencias,45,True
8508,Geometria,Circunferencias,Geometria,Circunferencias,45,True
8509,Geometria,Circunferencias,Geometria,Circunferencias,45,True
8510,Geometria,Circunferencias,Geometria,Circunferencias,45,True
8511,Geometria,Circunferencias,Geometria,Circunferencias,45,True
8512,Geometria,Posiciones relativas entre dos circunferencias,Geometria,Posiciones Relativas entre Circunferencias,55,True
8513,Geometria,Posiciones relativas entre dos circunferencias,Geometria,Posiciones Relativas entre Circunferencias,55,True
8514,Geometria,Posiciones relativas entre dos circunferencias,Geometria,Posiciones Relativas entre Circunferencias,55,True
8515,Geometria,Posiciones relativas entre dos circunferencias,Geometria,Posiciones Relativas entre Circunferencias,55,True
8516,Geometria,Posiciones relativas entre dos circunferencias,Geometria,Posiciones Relativas entre Circunferencias,55,True
8517,Geometria,Posiciones relativas entre dos circunferencias,Geometria,Posiciones Relativas entre Circunferencias,55,True
8518,Geometria,Posiciones relativas entre dos circunferencias,Geometria,Posiciones Relativas entre Circunferencias,55,True
8519,Geometria,Posiciones relativas entre dos circunferencias,Geometria,Posiciones Relativas entre Circunferencias,55,True
8520,Geometria,Posiciones relativas entre dos circunferencias,Geometria,Posiciones Relativas entre Circunferencias,55,True
8521,Geometria,Posiciones relativas entre dos circunferencias,Geometria,Posiciones Relativas entre Circunferencias,55,True
8522,Geometria,Posiciones relativas entre dos circunferencias,Geometria,Posiciones Relativas entre Circunferencias,55,True
8523,Geometria,Posiciones relativas entre dos circunferencias,Geometria,Posiciones Relativas entre Circunferencias,55,True
8524,Geometria,Posiciones relativas entre dos circunferencias,Geometria,Posiciones Relativas entre Circunferencias,55,True
8525,Geometria,Posiciones relativas entre dos circunferencias,Geometria,Posiciones Relativas entre Circunferencias,55,True
8526,Geometria,Posiciones relativas entre dos circunferencias,Geometria,Posiciones Relativas entre Circunferencias,55,True
8527,Geometria,Posiciones relativas entre dos circunferencias,Geometria,Posiciones Relativas entre Circunferencias,55,True
8528,Geometria,Posiciones relativas entre dos circunferencias,Geometria,Posiciones Relativas entre Circunferencias,55,True
8529,Geometria,Posiciones relativas entre dos circunferencias,Geometria,Posiciones Relativas entre Circunferencias,55,True
8530,Geometria,Posiciones relativas entre dos circunferencias,Geometria,Posiciones Relativas entre Circunferencias,55,True
8531,Geometria,Posiciones relativas entre dos circunferencias,Geometria,Posiciones Relativas entre Circunferencias,55,True
8532,Geometria,Posiciones relativas entre dos circunferencias,Geometria,Posiciones Relativas entre Circunferencias,55,True
8533,Geometria,Posiciones relativas entre dos circunferencias,Geometria,Posiciones Relativas entre Circunferencias,55,True
8534,Geometria,Posiciones relativas entre dos circunferencias,Geometria,Posiciones Relativas entre Circunferencias,55,True
8535,Geometria,Posiciones relativas entre dos circunferencias,Geometria,Posiciones Relativas entre Circunferencias,55,True
8536,Geometria,Posiciones relativas entre dos circunferencias,Geometria,Posiciones Relativas entre Circunferencias,55,True
8537,Geometria,Posiciones relativas entre dos circunferencias,Geometria,Posiciones Relativas entre Circunferencias,55,True
8538,Geometria,Posiciones relativas entre dos circunferencias,Geometria,Posiciones Relativas entre Circunferencias,55,True
8539,Geometria,Posiciones relativas entre dos circunferencias,Geometria,Posiciones Relativas entre Circunferencias,55,True
8540,Geometria,Posiciones relativas entre dos circunferencias,Geometria,Posiciones Relativas entre Circunferencias,55,True
8541,Geometria,Posiciones relativas entre dos circunferencias,Geometria,Posiciones Relativas entre Circunferencias,55,True
8572,Geometria,Proporcionalidad de Segmentos,Geometria,Proporcionalidad de Segmentos,56,True
8573,Geometria,Proporcionalidad de Segmentos,Geometria,Proporcionalidad de Segmentos,56,True
8574,Geometria,Proporcionalidad de Segmentos,Geometria,Proporcionalidad de Segmentos,56,True
8575,Geometria,Proporcionalidad de Segmentos,Geometria,Proporcionalidad de Segmentos,56,True
8576,Geometria,Proporcionalidad de Segmentos,Geometria,Proporcionalidad de Segmentos,56,True
8577,Geometria,Proporcionalidad de Segmentos,Geometria,Proporcionalidad de Segmentos,56,True
8578,Geometria,Proporcionalidad de Segmentos,Geometria,Proporcionalidad de Segmentos,56,True
8579,Geometria,Proporcionalidad de Segmentos,Geometria,Proporcionalidad de Segmentos,56,True
8580,Geometria,Proporcionalidad de Segmentos,Geometria,Proporcionalidad de Segmentos,56,True
8581,Geometria,Proporcionalidad de Segmentos,Geometria,Proporcionalidad de Segmentos,56,True
8582,Geometria,Proporcionalidad de Segmentos,Geometria,Proporcionalidad de Segmentos,56,True
8583,Geometria,Proporcionalidad de Segmentos,Geometria,Proporcionalidad de Segmentos,56,True
8584,Geometria,Proporcionalidad de Segmentos,Geometria,Proporcionalidad de Segmentos,56,True
8585,Geometria,Proporcionalidad de Segmentos,Geometria,Proporcionalidad de Segmentos,56,True
8586,Geometria,Proporcionalidad de Segmentos,Geometria,Proporcionalidad de Segmentos,56,True
8587,Geometria,Proporcionalidad de Segmentos,Geometria,Proporcionalidad de Segmentos,56,True
8588,Geometria,Proporcionalidad de Segmentos,Geometria,Proporcionalidad de Segmentos,56,True
8589,Geometria,Proporcionalidad de Segmentos,Geometria,Proporcionalidad de Segmentos,56,True
8590,Geometria,Proporcionalidad de Segmentos,Geometria,Proporcionalidad de Segmentos,56,True
8591,Geometria,Proporcionalidad de Segmentos,Geometria,Proporcionalidad de Segmentos,56,True
8592,Geometria,Proporcionalidad de Segmentos,Geometria,Proporcionalidad de Segmentos,56,True
8593,Geometria,Proporcionalidad de Segmentos,Geometria,Proporcionalidad de Segmentos,56,True
8594,Geometria,Proporcionalidad de Segmentos,Geometria,Proporcionalidad de Segmentos,56,True
8595,Geometria,Proporcionalidad de Segmentos,Geometria,Proporcionalidad de Segmentos,56,True
8596,Geometria,Proporcionalidad de Segmentos,Geometria,Proporcionalidad de Segmentos,56,True
8597,Geometria,Proporcionalidad de Segmentos,Geometria,Proporcionalidad de Segmentos,56,True
8598,Geometria,Proporcionalidad de Segmentos,Geometria,Proporcionalidad de Segmentos,56,True
8599,Geometria,Proporcionalidad de Segmentos,Geometria,Proporcionalidad de Segmentos,56,True
8600,Geometria,Proporcionalidad de Segmentos,Geometria,Proporcionalidad de Segmentos,56,True
8601,Geometria,Proporcionalidad de Segmentos,Geometria,Proporcionalidad de Segmentos,56,True
8602,Geometria,Semejanza de Triangulos,Geometria,Semejanza de Triangulos,62,True
8603,Geometria,Semejanza de Triangulos,Geometria,Semejanza de Triangulos,62,True
8604,Geometria,Semejanza de Triangulos,Geometria,Semejanza de Triangulos,62,True
8605,Geometria,Semejanza de Triangulos,Geometria,Semejanza de Triangulos,62,True
8606,Geometria,Semejanza de Triangulos,Geometria,Semejanza de Triangulos,62,True
8607,Geometria,Semejanza de Triangulos,Geometria,Semejanza de Triangulos,62,True
8608,Geometria,Semejanza de Triangulos,Geometria,Semejanza de Triangulos,62,True
8609,Geometria,Semejanza de Triangulos,Geometria,Semejanza de Triangulos,62,True
8610,Geometria,Semejanza de Triangulos,Geometria,Semejanza de Triangulos,62,True
8611,Geometria,Semejanza de Triangulos,Geometria,Semejanza de Triangulos,62,True
8612,Geometria,Semejanza de Triangulos,Geometria,Semejanza de Triangulos,62,True
8613,Geometria,Semejanza de Triangulos,Geometria,Semejanza de Triangulos,62,True
8614,Geometria,Semejanza de Triangulos,Geometria,Semejanza de Triangulos,62,True
8615,Geometria,Semejanza de Triangulos,Geometria,Semejanza de Triangulos,62,True
8616,Geometria,Semejanza de Triangulos,Geometria,Semejanza de Triangulos,62,True
8617,Geometria,Semejanza de Triangulos,Geometria,Semejanza de Triangulos,62,True
8618,Geometria,Semejanza de Triangulos,Geometria,Semejanza de Triangulos,62,True
8619,Geometria,Semejanza de Triangulos,Geometria,Semejanza de Triangulos,62,True
8620,Geometria,Semejanza de Triangulos,Geometria,Semejanza de Triangulos,62,True
8621,Geometria,Semejanza de Triangulos,Geometria,Semejanza de Triangulos,62,True
8622,Geometria,Semejanza de Triangulos,Geometria,Semejanza de Triangulos,62,True
8623,Geometria,Semejanza de Triangulos,Geometria,Semejanza de Triangulos,62,True
8624,Geometria,Semejanza de Triangulos,Geometria,Semejanza de Triangulos,62,True
8625,Geometria,Semejanza de Triangulos,Geometria,Semejanza de Triangulos,62,True
8626,Geometria,Semejanza de Triangulos,Geometria,Semejanza de Triangulos,62,True
8627,Geometria,Semejanza de Triangulos,Geometria,Semejanza de Triangulos,62,True
8628,Geometria,Semejanza de Triangulos,Geometria,Semejanza de Triangulos,62,True
8629,Geometria,Semejanza de Triangulos,Geometria,Semejanza de Triangulos,62,True
8630,Geometria,Semejanza de Triangulos,Geometria,Semejanza de Triangulos,62,True
8631,Geometria,Semejanza de Triangulos,Geometria,Semejanza de Triangulos,62,True
8632,Geometria,Relaciones Metricas en la Circunferencia,Geometria,Relaciones Metricas en la Circunferencia,60,True
8633,Geometria,Relaciones Metricas en la Circunferencia,Geometria,Relaciones Metricas en la Circunferencia,60,True
8634,Geometria,Relaciones Metricas en la Circunferencia,Geometria,Relaciones Metricas en la Circunferencia,60,True
8635,Geometria,Relaciones Metricas en la Circunferencia,Geometria,Relaciones Metricas en la Circunferencia,60,True
8636,Geometria,Relaciones Metricas en la Circunferencia,Geometria,Relaciones Metricas en la Circunferencia,60,True
8637,Geometria,Relaciones Metricas en la Circunferencia,Geometria,Relaciones Metricas en la Circunferencia,60,True
8638,Geometria,Relaciones Metricas en la Circunferencia,Geometria,Relaciones Metricas en la Circunferencia,60,True
8639,Geometria,Relaciones Metricas en la Circunferencia,Geometria,Relaciones Metricas en la Circunferencia,60,True
8640,Geometria,Relaciones Metricas en la Circunferencia,Geometria,Relaciones Metricas en la Circunferencia,60,True
8641,Geometria,Relaciones Metricas en la Circunferencia,Geometria,Relaciones Metricas en la Circunferencia,60,True
8642,Geometria,Relaciones Metricas en la Circunferencia,Geometria,Relaciones Metricas en la Circunferencia,60,True
8643,Geometria,Relaciones Metricas en la Circunferencia,Geometria,Relaciones Metricas en la Circunferencia,60,True
8644,Geometria,Relaciones Metricas en la Circunferencia,Geometria,Relaciones Metricas en la Circunferencia,60,True
8645,Geometria,Relaciones Metricas en la Circunferencia,Geometria,Relaciones Metricas en la Circunferencia,60,True
8646,Geometria,Relaciones Metricas en la Circunferencia,Geometria,Relaciones Metricas en la Circunferencia,60,True
8647,Geometria,Relaciones Metricas en la Circunferencia,Geometria,Relaciones Metricas en la Circunferencia,60,True
8648,Geometria,Relaciones Metricas en la Circunferencia,Geometria,Relaciones Metricas en la Circunferencia,60,True
8649,Geometria,Relaciones Metricas en la Circunferencia,Geometria,Relaciones Metricas en la Circunferencia,60,True
8650,Geometria,Relaciones Metricas en la Circunferencia,Geometria,Relaciones Metricas en la Circunferencia,60,True
8651,Geometria,Relaciones Metricas en la Circunferencia,Geometria,Relaciones Metricas en la Circunferencia,60,True
8652,Geometria,Relaciones Metricas en la Circunferencia,Geometria,Relaciones Metricas en la Circunferencia,60,True
8653,Geometria,Relaciones Metricas en la Circunferencia,Geometria,Relaciones Metricas en la Circunferencia,60,True
8654,Geometria,Relaciones Metricas en la Circunferencia,Geometria,Relaciones Metricas en la Circunferencia,60,True
8655,Geometria,Relaciones Metricas en la Circunferencia,Geometria,Relaciones Metricas en la Circunferencia,60,True
8656,Geometria,Relaciones Metricas en la Circunferencia,Geometria,Relaciones Metricas en la Circunferencia,60,True
8657,Geometria,Relaciones Metricas en la Circunferencia,Geometria,Relaciones Metricas en la Circunferencia,60,True
8658,Geometria,Relaciones Metricas en la Circunferencia,Geometria,Relaciones Metricas en la Circunferencia,60,True
8659,Geometria,Relaciones Metricas en la Circunferencia,Geometria,Relaciones Metricas en la Circunferencia,60,True
8660,Geometria,Relaciones Metricas en la Circunferencia,Geometria,Relaciones Metricas en la Circunferencia,60,True
8661,Geometria,Relaciones Metricas en la Circunferencia,Geometria,Relaciones Metricas en la Circunferencia,60,True
8662,Geometria,Relaciones Metricas en el Triangulo Rectangulo,Geometria,Relaciones Metricas en el Triangulo Rectangulo,59,True
8663,Geometria,Relaciones Metricas en el Triangulo Rectangulo,Geometria,Relaciones Metricas en el Triangulo Rectangulo,59,True
8664,Geometria,Relaciones Metricas en el Triangulo Rectangulo,Geometria,Relaciones Metricas en el Triangulo Rectangulo,59,True
8665,Geometria,Relaciones Metricas en el Triangulo Rectangulo,Geometria,Relaciones Metricas en el Triangulo Rectangulo,59,True
8666,Geometria,Relaciones Metricas en el Triangulo Rectangulo,Geometria,Relaciones Metricas en el Triangulo Rectangulo,59,True
8667,Geometria,Relaciones Metricas en el Triangulo Rectangulo,Geometria,Relaciones Metricas en el Triangulo Rectangulo,59,True
8668,Geometria,Relaciones Metricas en el Triangulo Rectangulo,Geometria,Relaciones Metricas en el Triangulo Rectangulo,59,True
8669,Geometria,Relaciones Metricas en el Triangulo Rectangulo,Geometria,Relaciones Metricas en el Triangulo Rectangulo,59,True
8670,Geometria,Relaciones Metricas en el Triangulo Rectangulo,Geometria,Relaciones Metricas en el Triangulo Rectangulo,59,True
8671,Geometria,Relaciones Metricas en el Triangulo Rectangulo,Geometria,Relaciones Metricas en el Triangulo Rectangulo,59,True
8672,Geometria,Relaciones Metricas en el Triangulo Rectangulo,Geometria,Relaciones Metricas en el Triangulo Rectangulo,59,True
8673,Geometria,Relaciones Metricas en el Triangulo Rectangulo,Geometria,Relaciones Metricas en el Triangulo Rectangulo,59,True
8674,Geometria,Relaciones Metricas en el Triangulo Rectangulo,Geometria,Relaciones Metricas en el Triangulo Rectangulo,59,True
8675,Geometria,Relaciones Metricas en el Triangulo Rectangulo,Geometria,Relaciones Metricas en el Triangulo Rectangulo,59,True
8676,Geometria,Relaciones Metricas en el Triangulo Rectangulo,Geometria,Relaciones Metricas en el Triangulo Rectangulo,59,True
8677,Geometria,Relaciones Metricas en el Triangulo Rectangulo,Geometria,Relaciones Metricas en el Triangulo Rectangulo,59,True
8678,Geometria,Relaciones Metricas en el Triangulo Rectangulo,Geometria,Relaciones Metricas en el Triangulo Rectangulo,59,True
8679,Geometria,Relaciones Metricas en el Triangulo Rectangulo,Geometria,Relaciones Metricas en el Triangulo Rectangulo,59,True
8680,Geometria,Relaciones Metricas en el Triangulo Rectangulo,Geometria,Relaciones Metricas en el Triangulo Rectangulo,59,True
8681,Geometria,Relaciones Metricas en el Triangulo Rectangulo,Geometria,Relaciones Metricas en el Triangulo Rectangulo,59,True
8682,Geometria,Relaciones Metricas en el Triangulo Rectangulo,Geometria,Relaciones Metricas en el Triangulo Rectangulo,59,True
8683,Geometria,Relaciones Metricas en el Triangulo Rectangulo,Geometria,Relaciones Metricas en el Triangulo Rectangulo,59,True
8684,Geometria,Relaciones Metricas en el Triangulo Rectangulo,Geometria,Relaciones Metricas en el Triangulo Rectangulo,59,True
8685,Geometria,Relaciones Metricas en el Triangulo Rectangulo,Geometria,Relaciones Metricas en el Triangulo Rectangulo,59,True
8686,Geometria,Relaciones Metricas en el Triangulo Rectangulo,Geometria,Relaciones Metricas en el Triangulo Rectangulo,59,True
8687,Geometria,Relaciones Metricas en el Triangulo Rectangulo,Geometria,Relaciones Metricas en el Triangulo Rectangulo,59,True
8688,Geometria,Relaciones Metricas en el Triangulo Rectangulo,Geometria,Relaciones Metricas en el Triangulo Rectangulo,59,True
8689,Geometria,Relaciones Metricas en el Triangulo Rectangulo,Geometria,Relaciones Metricas en el Triangulo Rectangulo,59,True
8690,Geometria,Relaciones Metricas en el Triangulo Rectangulo,Geometria,Relaciones Metricas en el Triangulo Rectangulo,59,True
8691,Geometria,Relaciones Metricas en el Triangulo Rectangulo,Geometria,Relaciones Metricas en el Triangulo Rectangulo,59,True
8693,Geometria,Trazos Auxiliares,Geometria,Trazos Auxiliares,63,True
8694,Geometria,Trazos Auxiliares,Geometria,Trazos Auxiliares,63,True
8695,Geometria,Trazos Auxiliares,Geometria,Trazos Auxiliares,63,True
8696,Geometria,Trazos Auxiliares,Geometria,Trazos Auxiliares,63,True
8697,Geometria,Trazos Auxiliares,Geometria,Trazos Auxiliares,63,True
8698,Geometria,Trazos Auxiliares,Geometria,Trazos Auxiliares,63,True
8699,Geometria,Trazos Auxiliares,Geometria,Trazos Auxiliares,63,True
8700,Geometria,Trazos Auxiliares,Geometria,Trazos Auxiliares,63,True
8701,Geometria,Trazos Auxiliares,Geometria,Trazos Auxiliares,63,True
8702,Geometria,Trazos Auxiliares,Geometria,Trazos Auxiliares,63,True
8703,Geometria,Trazos Auxiliares,Geometria,Trazos Auxiliares,63,True
8704,Geometria,Trazos Auxiliares,Geometria,Trazos Auxiliares,63,True
8705,Geometria,Trazos Auxiliares,Geometria,Trazos Auxiliares,63,True
8706,Geometria,Trazos Auxiliares,Geometria,Trazos Auxiliares,63,True
8707,Geometria,Trazos Auxiliares,Geometria,Trazos Auxiliares,63,True
8708,Geometria,Trazos Auxiliares,Geometria,Trazos Auxiliares,63,True
8793,Geometria,Trazos Auxiliares,Geometria,Trazos Auxiliares,63,True
8794,Geometria,Trazos Auxiliares,Geometria,Trazos Auxiliares,63,True
8795,Geometria,Trazos Auxiliares,Geometria,Trazos Auxiliares,63,True
8796,Geometria,Trazos Auxiliares,Geometria,Trazos Auxiliares,63,True
8797,Geometria,Trazos Auxiliares,Geometria,Trazos Auxiliares,63,True
8798,Geometria,Trazos Auxiliares,Geometria,Trazos Auxiliares,63,True
8799,Geometria,Trazos Auxiliares,Geometria,Trazos Auxiliares,63,True
8800,Geometria,Trazos Auxiliares,Geometria,Trazos Auxiliares,63,True
8801,Geometria,Trazos Auxiliares,Geometria,Trazos Auxiliares,63,True
8802,Geometria,Trazos Auxiliares,Geometria,Trazos Auxiliares,63,True
8803,Geometria,Trazos Auxiliares,Geometria,Trazos Auxiliares,63,True
8804,Geometria,Trazos Auxiliares,Geometria,Trazos Auxiliares,63,True
8805,Geometria,Trazos Auxiliares,Geometria,Trazos Auxiliares,63,True
8806,Geometria,Trazos Auxiliares,Geometria,Trazos Auxiliares,63,True
8807,Geometria,Trazos Auxiliares,Geometria,Trazos Auxiliares,63,True
8808,Geometria,Trazos Auxiliares,Geometria,Trazos Auxiliares,63,True
8809,Geometria,Trazos Auxiliares,Geometria,Trazos Auxiliares,63,True
8810,Geometria,Trazos Auxiliares,Geometria,Trazos Auxiliares,63,True
8811,Geometria,Trazos Auxiliares,Geometria,Trazos Auxiliares,63,True
8812,Geometria,Trazos Auxiliares,Geometria,Trazos Auxiliares,63,True
8813,Geometria,Trazos Auxiliares,Geometria,Trazos Auxiliares,63,True
8814,Geometria,Trazos Auxiliares,Geometria,Trazos Auxiliares,63,True
8815,Geometria,Trazos Auxiliares,Geometria,Trazos Auxiliares,63,True
8816,Geometria,Trazos Auxiliares,Geometria,Trazos Auxiliares,63,True
8817,Geometria,Trazos Auxiliares,Geometria,Trazos Auxiliares,63,True
8818,Geometria,Trazos Auxiliares,Geometria,Trazos Auxiliares,63,True
8819,Geometria,Trazos Auxiliares,Geometria,Trazos Auxiliares,63,True
8820,Geometria,Trazos Auxiliares,Geometria,Trazos Auxiliares,63,True
8821,Geometria,Trazos Auxiliares,Geometria,Trazos Auxiliares,63,True
8822,Geometria,Trazos Auxiliares,Geometria,Trazos Auxiliares,63,True
8823,Geometria,Trazos Auxiliares,Geometria,Trazos Auxiliares,63,True
8824,Geometria,Trazos Auxiliares,Geometria,Trazos Auxiliares,63,True
8825,Geometria,Trazos Auxiliares,Geometria,Trazos Auxiliares,63,True
8826,Geometria,Trazos Auxiliares,Geometria,Trazos Auxiliares,63,True
8827,Geometria,Trazos Auxiliares,Geometria,Trazos Auxiliares,63,True
8828,Geometria,Trazos Auxiliares,Geometria,Trazos Auxiliares,63,True
8829,Geometria,Trazos Auxiliares,Geometria,Trazos Auxiliares,63,True
8830,Geometria,Trazos Auxiliares,Geometria,Trazos Auxiliares,63,True
8831,Geometria,Trazos Auxiliares,Geometria,Trazos Auxiliares,63,True
8832,Geometria,Trazos Auxiliares,Geometria,Trazos Auxiliares,63,True
8833,Geometria,Trazos Auxiliares,Geometria,Trazos Auxiliares,63,True
8834,Geometria,Trazos Auxiliares,Geometria,Trazos Auxiliares,63,True
8835,Geometria,Trazos Auxiliares,Geometria,Trazos Auxiliares,63,True
8836,Geometria,Trazos Auxiliares,Geometria,Trazos Auxiliares,63,True
8837,Geometria,Trazos Auxiliares,Geometria,Trazos Auxiliares,63,True
8838,Geometria,Trazos Auxiliares,Geometria,Trazos Auxiliares,63,True
8839,Geometria,Trazos Auxiliares,Geometria,Trazos Auxiliares,63,True
8840,Geometria,Trazos Auxiliares,Geometria,Trazos Auxiliares,63,True
8841,Geometria,Trazos Auxiliares,Geometria,Trazos Auxiliares,63,True
8842,Geometria,Trazos Auxiliares,Geometria,Trazos Auxiliares,63,True
8843,Geometria,Trazos Auxiliares,Geometria,Trazos Auxiliares,63,True
8844,Geometria,Trazos Auxiliares,Geometria,Trazos Auxiliares,63,True
8845,Geometria,Trazos Auxiliares,Geometria,Trazos Auxiliares,63,True
8846,Geometria,Trazos Auxiliares,Geometria,Trazos Auxiliares,63,True
8847,Geometria,Trazos Auxiliares,Geometria,Trazos Auxiliares,63,True
8848,Geometria,Trazos Auxiliares,Geometria,Trazos Auxiliares,63,True
8849,Geometria,Trazos Auxiliares,Geometria,Trazos Auxiliares,63,True
8850,Geometria,Trazos Auxiliares,Geometria,Trazos Auxiliares,63,True
8851,Geometria,Trazos Auxiliares,Geometria,Trazos Auxiliares,63,True
8852,Geometria,Trazos Auxiliares,Geometria,Trazos Auxiliares,63,True
8853,Geometria,Trazos Auxiliares,Geometria,Trazos Auxiliares,63,True
8854,Geometria,Trazos Auxiliares,Geometria,Trazos Auxiliares,63,True
8855,Geometria,Trazos Auxiliares,Geometria,Trazos Auxiliares,63,True
8856,Geometria,Trazos Auxiliares,Geometria,Trazos Auxiliares,63,True
8857,Geometria,Trazos Auxiliares,Geometria,Trazos Auxiliares,63,True
8858,Geometria,Trazos Auxiliares,Geometria,Trazos Auxiliares,63,True
8859,Geometria,Trazos Auxiliares,Geometria,Trazos Auxiliares,63,True
8860,Geometria,Trazos Auxiliares,Geometria,Trazos Auxiliares,63,True
8861,Geometria,Trazos Auxiliares,Geometria,Trazos Auxiliares,63,True
8862,Geometria,Trazos Auxiliares,Geometria,Trazos Auxiliares,63,True
8863,Geometria,Trazos Auxiliares,Geometria,Trazos Auxiliares,63,True
8864,Geometria,Trazos Auxiliares,Geometria,Trazos Auxiliares,63,True
8865,Geometria,Trazos Auxiliares,Geometria,Trazos Auxiliares,63,True
8866,Geometria,Trazos Auxiliares,Geometria,Trazos Auxiliares,63,True
8867,Geometria,Trazos Auxiliares,Geometria,Trazos Auxiliares,63,True
8868,Geometria,Trazos Auxiliares,Geometria,Trazos Auxiliares,63,True
8869,Geometria,Trazos Auxiliares,Geometria,Trazos Auxiliares,63,True
8870,Geometria,Trazos Auxiliares,Geometria,Trazos Auxiliares,63,True
8871,Geometria,Trazos Auxiliares,Geometria,Trazos Auxiliares,63,True
8872,Geometria,Trazos Auxiliares,Geometria,Trazos Auxiliares,63,True
8873,Geometria,areas de regiones triangulares,Geometria,Areas de Regiones Triangulares,44,True
8874,Geometria,areas de regiones triangulares,Geometria,Areas de Regiones Triangulares,44,True
8875,Geometria,areas de regiones triangulares,Geometria,Areas de Regiones Triangulares,44,True
8876,Geometria,areas de regiones triangulares,Geometria,Areas de Regiones Triangulares,44,True
8877,Geometria,areas de regiones triangulares,Geometria,Areas de Regiones Triangulares,44,True
8878,Geometria,areas de regiones triangulares,Geometria,Areas de Regiones Triangulares,44,True
8879,Geometria,areas de regiones triangulares,Geometria,Areas de Regiones Triangulares,44,True
8880,Geometria,areas de regiones triangulares,Geometria,Areas de Regiones Triangulares,44,True
8881,Geometria,areas de regiones triangulares,Geometria,Areas de Regiones Triangulares,44,True
8882,Geometria,areas de regiones triangulares,Geometria,Areas de Regiones Triangulares,44,True
8883,Geometria,areas de regiones triangulares,Geometria,Areas de Regiones Triangulares,44,True
8884,Geometria,areas de regiones triangulares,Geometria,Areas de Regiones Triangulares,44,True
8885,Geometria,areas de regiones triangulares,Geometria,Areas de Regiones Triangulares,44,True
8886,Geometria,areas de regiones triangulares,Geometria,Areas de Regiones Triangulares,44,True
8887,Geometria,areas de regiones triangulares,Geometria,Areas de Regiones Triangulares,44,True
8888,Geometria,areas de regiones triangulares,Geometria,Areas de Regiones Triangulares,44,True
8889,Geometria,areas de regiones triangulares,Geometria,Areas de Regiones Triangulares,44,True
8890,Geometria,areas de regiones triangulares,Geometria,Areas de Regiones Triangulares,44,True
8891,Geometria,areas de regiones triangulares,Geometria,Areas de Regiones Triangulares,44,True
8892,Geometria,areas de regiones triangulares,Geometria,Areas de Regiones Triangulares,44,True
8893,Geometria,areas de regiones triangulares,Geometria,Areas de Regiones Triangulares,44,True
8894,Geometria,areas de regiones triangulares,Geometria,Areas de Regiones Triangulares,44,True
8895,Geometria,areas de regiones triangulares,Geometria,Areas de Regiones Triangulares,44,True
8896,Geometria,areas de regiones triangulares,Geometria,Areas de Regiones Triangulares,44,True
8897,Geometria,areas de regiones triangulares,Geometria,Areas de Regiones Triangulares,44,True
8898,Geometria,areas de regiones triangulares,Geometria,Areas de Regiones Triangulares,44,True
8899,Geometria,areas de regiones triangulares,Geometria,Areas de Regiones Triangulares,44,True
8900,Geometria,areas de regiones triangulares,Geometria,Areas de Regiones Triangulares,44,True
8901,Geometria,areas de regiones triangulares,Geometria,Areas de Regiones Triangulares,44,True
8902,Geometria,areas de regiones triangulares,Geometria,Areas de Regiones Triangulares,44,True
8903,Geometria,segmentos,Geometria,Segmentos,61,True
8904,Geometria,segmentos,Geometria,Segmentos,61,True
8905,Geometria,segmentos,Geometria,Segmentos,61,True
8906,Geometria,segmentos,Geometria,Segmentos,61,True
8907,Geometria,segmentos,Geometria,Segmentos,61,True
8908,Geometria,segmentos,Geometria,Segmentos,61,True
8909,Geometria,segmentos,Geometria,Segmentos,61,True
8910,Geometria,angulos,Geometria,Angulos,38,True
8911,Geometria,angulos,Geometria,Angulos,38,True
8912,Geometria,angulos,Geometria,Angulos,38,True
8913,Geometria,angulos,Geometria,Angulos,38,True
8914,Geometria,angulos,Geometria,Angulos,38,True
8915,Geometria,angulos,Geometria,Angulos,38,True
8916,Geometria,angulos,Geometria,Angulos,38,True
8917,Geometria,angulos,Geometria,Angulos,38,True
8918,Geometria,conjuntos convexos,Geometria,Regiones Convexas,57,True
8919,Geometria,conjuntos convexos,Geometria,Regiones Convexas,57,True
8920,Geometria,conjuntos convexos,Geometria,Regiones Convexas,57,True
8921,Geometria,conjuntos convexos,Geometria,Regiones Convexas,57,True
8922,Geometria,conjuntos convexos,Geometria,Regiones Convexas,57,True
8923,Geometria,conjuntos convexos,Geometria,Regiones Convexas,57,True
8924,Geometria,conjuntos convexos,Geometria,Regiones Convexas,57,True
8925,Geometria,conjuntos convexos,Geometria,Regiones Convexas,57,True
8926,Geometria,conjuntos convexos,Geometria,Regiones Convexas,57,True
8927,Geometria,conjuntos convexos,Geometria,Regiones Convexas,57,True
8928,Geometria,conjuntos convexos,Geometria,Regiones Convexas,57,True
8929,Geometria,conjuntos convexos,Geometria,Regiones Convexas,57,True
8930,Geometria,conjuntos convexos,Geometria,Regiones Convexas,57,True
8931,Geometria,conjuntos convexos,Geometria,Regiones Convexas,57,True
8932,Geometria,conjuntos convexos,Geometria,Regiones Convexas,57,True
8933,Geometria,triangulos,Geometria,Triangulos,64,True
8934,Geometria,triangulos,Geometria,Triangulos,64,True
8935,Geometria,triangulos,Geometria,Triangulos,64,True
8936,Geometria,triangulos,Geometria,Triangulos,64,True
8937,Geometria,triangulos,Geometria,Triangulos,64,True
8938,Geometria,triangulos,Geometria,Triangulos,64,True
8939,Geometria,triangulos,Geometria,Triangulos,64,True
8940,Geometria,triangulos,Geometria,Triangulos,64,True
8941,Geometria,triangulos,Geometria,Triangulos,64,True
8942,Geometria,triangulos,Geometria,Triangulos,64,True
8943,Geometria,triangulos,Geometria,Triangulos,64,True
8944,Geometria,triangulos,Geometria,Triangulos,64,True
8945,Geometria,triangulos,Geometria,Triangulos,64,True
8946,Geometria,triangulos,Geometria,Triangulos,64,True
8947,Geometria,triangulos,Geometria,Triangulos,64,True
8948,Geometria,triangulos,Geometria,Triangulos,64,True
8949,Geometria,triangulos,Geometria,Triangulos,64,True
8950,Geometria,triangulos,Geometria,Triangulos,64,True
8951,Geometria,triangulos,Geometria,Triangulos,64,True
8952,Geometria,triangulos,Geometria,Triangulos,64,True
8953,Geometria,triangulos,Geometria,Triangulos,64,True
8954,Geometria,triangulos,Geometria,Triangulos,64,True
8955,Geometria,triangulos,Geometria,Triangulos,64,True
8956,Geometria,triangulos,Geometria,Triangulos,64,True
8957,Geometria,triangulos,Geometria,Triangulos,64,True
8958,Geometria,triangulos,Geometria,Triangulos,64,True
8959,Geometria,triangulos,Geometria,Triangulos,64,True
8960,Geometria,triangulos,Geometria,Triangulos,64,True
8961,Geometria,triangulos,Geometria,Triangulos,64,True
8962,Geometria,triangulos,Geometria,Triangulos,64,True
8963,Geometria,triangulos,Geometria,Triangulos,64,True
8964,Geometria,triangulos,Geometria,Triangulos,64,True
8965,Geometria,triangulos,Geometria,Triangulos,64,True
8966,Geometria,triangulos,Geometria,Triangulos,64,True
8967,Geometria,triangulos,Geometria,Triangulos,64,True
8968,Geometria,triangulos,Geometria,Triangulos,64,True
8969,Geometria,triangulos,Geometria,Triangulos,64,True
8970,Geometria,triangulos,Geometria,Triangulos,64,True
8971,Geometria,triangulos,Geometria,Triangulos,64,True
8972,Geometria,triangulos,Geometria,Triangulos,64,True
8973,Geometria,triangulos,Geometria,Triangulos,64,True
8974,Geometria,triangulos,Geometria,Triangulos,64,True
8975,Geometria,triangulos,Geometria,Triangulos,64,True
8976,Geometria,triangulos,Geometria,Triangulos,64,True
8977,Geometria,triangulos,Geometria,Triangulos,64,True
8978,Geometria,triangulos,Geometria,Triangulos,64,True
8979,Geometria,triangulos,Geometria,Triangulos,64,True
8980,Geometria,triangulos,Geometria,Triangulos,64,True
8981,Geometria,triangulos,Geometria,Triangulos,64,True
8982,Geometria,triangulos,Geometria,Triangulos,64,True
8983,Geometria,triangulos,Geometria,Triangulos,64,True
8984,Geometria,triangulos,Geometria,Triangulos,64,True
8985,Geometria,triangulos,Geometria,Triangulos,64,True
8986,Geometria,triangulos,Geometria,Triangulos,64,True
8987,Geometria,triangulos,Geometria,Triangulos,64,True
8988,Geometria,triangulos,Geometria,Triangulos,64,True
8989,Geometria,triangulos,Geometria,Triangulos,64,True
8990,Geometria,triangulos,Geometria,Triangulos,64,True
8991,Geometria,triangulos,Geometria,Triangulos,64,True
8992,Geometria,triangulos,Geometria,Triangulos,64,True
8993,Geometria,congruencia de triangulos,Geometria,Congruencia de Triangulos,47,True
8994,Geometria,congruencia de triangulos,Geometria,Congruencia de Triangulos,47,True
8995,Geometria,congruencia de triangulos,Geometria,Congruencia de Triangulos,47,True
8996,Geometria,congruencia de triangulos,Geometria,Congruencia de Triangulos,47,True
8997,Geometria,congruencia de triangulos,Geometria,Congruencia de Triangulos,47,True
8998,Geometria,congruencia de triangulos,Geometria,Congruencia de Triangulos,47,True
8999,Geometria,congruencia de triangulos,Geometria,Congruencia de Triangulos,47,True
9000,Geometria,congruencia de triangulos,Geometria,Congruencia de Triangulos,47,True
9001,Geometria,congruencia de triangulos,Geometria,Congruencia de Triangulos,47,True
9002,Geometria,congruencia de triangulos,Geometria,Congruencia de Triangulos,47,True
9003,Geometria,congruencia de triangulos,Geometria,Congruencia de Triangulos,47,True
9004,Geometria,congruencia de triangulos,Geometria,Congruencia de Triangulos,47,True
9005,Geometria,congruencia de triangulos,Geometria,Congruencia de Triangulos,47,True
9006,Geometria,congruencia de triangulos,Geometria,Congruencia de Triangulos,47,True
9007,Geometria,congruencia de triangulos,Geometria,Congruencia de Triangulos,47,True
9008,Geometria,congruencia de triangulos,Geometria,Congruencia de Triangulos,47,True
9009,Geometria,congruencia de triangulos,Geometria,Congruencia de Triangulos,47,True
9010,Geometria,congruencia de triangulos,Geometria,Congruencia de Triangulos,47,True
9011,Geometria,congruencia de triangulos,Geometria,Congruencia de Triangulos,47,True
9012,Geometria,congruencia de triangulos,Geometria,Congruencia de Triangulos,47,True
9013,Geometria,congruencia de triangulos,Geometria,Congruencia de Triangulos,47,True
9014,Geometria,congruencia de triangulos,Geometria,Congruencia de Triangulos,47,True
9015,Geometria,congruencia de triangulos,Geometria,Congruencia de Triangulos,47,True
9016,Geometria,congruencia de triangulos,Geometria,Congruencia de Triangulos,47,True
9017,Geometria,congruencia de triangulos,Geometria,Congruencia de Triangulos,47,True
9018,Geometria,congruencia de triangulos,Geometria,Congruencia de Triangulos,47,True
9019,Geometria,congruencia de triangulos,Geometria,Congruencia de Triangulos,47,True
9020,Geometria,congruencia de triangulos,Geometria,Congruencia de Triangulos,47,True
9021,Geometria,congruencia de triangulos,Geometria,Congruencia de Triangulos,47,True
9022,Geometria,congruencia de triangulos,Geometria,Congruencia de Triangulos,47,True
9023,Geometria,congruencia de triangulos,Geometria,Congruencia de Triangulos,47,True
9024,Geometria,congruencia de triangulos,Geometria,Congruencia de Triangulos,47,True
9025,Geometria,congruencia de triangulos,Geometria,Congruencia de Triangulos,47,True
9026,Geometria,congruencia de triangulos,Geometria,Congruencia de Triangulos,47,True
9027,Geometria,congruencia de triangulos,Geometria,Congruencia de Triangulos,47,True
9028,Geometria,congruencia de triangulos,Geometria,Congruencia de Triangulos,47,True
9029,Geometria,congruencia de triangulos,Geometria,Congruencia de Triangulos,47,True
9030,Geometria,congruencia de triangulos,Geometria,Congruencia de Triangulos,47,True
9031,Geometria,congruencia de triangulos,Geometria,Congruencia de Triangulos,47,True
9032,Geometria,congruencia de triangulos,Geometria,Congruencia de Triangulos,47,True
9033,Geometria,congruencia de triangulos,Geometria,Congruencia de Triangulos,47,True
9034,Geometria,congruencia de triangulos,Geometria,Congruencia de Triangulos,47,True
9035,Geometria,congruencia de triangulos,Geometria,Congruencia de Triangulos,47,True
9036,Geometria,congruencia de triangulos,Geometria,Congruencia de Triangulos,47,True
9037,Geometria,congruencia de triangulos,Geometria,Congruencia de Triangulos,47,True
9038,Geometria,congruencia de triangulos,Geometria,Congruencia de Triangulos,47,True
9039,Geometria,congruencia de triangulos,Geometria,Congruencia de Triangulos,47,True
9040,Geometria,congruencia de triangulos,Geometria,Congruencia de Triangulos,47,True
9041,Geometria,congruencia de triangulos,Geometria,Congruencia de Triangulos,47,True
9042,Geometria,congruencia de triangulos,Geometria,Congruencia de Triangulos,47,True
9043,Geometria,congruencia de triangulos,Geometria,Congruencia de Triangulos,47,True
9044,Geometria,congruencia de triangulos,Geometria,Congruencia de Triangulos,47,True
9045,Geometria,congruencia de triangulos,Geometria,Congruencia de Triangulos,47,True
9046,Geometria,congruencia de triangulos,Geometria,Congruencia de Triangulos,47,True
9047,Geometria,congruencia de triangulos,Geometria,Congruencia de Triangulos,47,True
9048,Geometria,congruencia de triangulos,Geometria,Congruencia de Triangulos,47,True
9049,Geometria,congruencia de triangulos,Geometria,Congruencia de Triangulos,47,True
9050,Geometria,congruencia de triangulos,Geometria,Congruencia de Triangulos,47,True
9051,Geometria,congruencia de triangulos,Geometria,Congruencia de Triangulos,47,True
9052,Geometria,congruencia de triangulos,Geometria,Congruencia de Triangulos,47,True
9053,Geometria,poligonos,Geometria,Poligonos,53,True
9054,Geometria,poligonos,Geometria,Poligonos,53,True
9055,Geometria,poligonos,Geometria,Poligonos,53,True
9056,Geometria,poligonos,Geometria,Poligonos,53,True
9057,Geometria,poligonos,Geometria,Poligonos,53,True
9058,Geometria,poligonos,Geometria,Poligonos,53,True
9059,Geometria,poligonos,Geometria,Poligonos,53,True
9060,Geometria,poligonos,Geometria,Poligonos,53,True
9061,Geometria,poligonos,Geometria,Poligonos,53,True
9062,Geometria,poligonos,Geometria,Poligonos,53,True
9063,Geometria,poligonos,Geometria,Poligonos,53,True
9064,Geometria,poligonos,Geometria,Poligonos,53,True
9065,Geometria,poligonos,Geometria,Poligonos,53,True
9066,Geometria,poligonos,Geometria,Poligonos,53,True
9067,Geometria,poligonos,Geometria,Poligonos,53,True
9068,Geometria,poligonos,Geometria,Poligonos,53,True
9069,Geometria,poligonos,Geometria,Poligonos,53,True
9070,Geometria,poligonos,Geometria,Poligonos,53,True
9071,Geometria,poligonos,Geometria,Poligonos,53,True
9072,Geometria,poligonos,Geometria,Poligonos,53,True
9073,Geometria,poligonos,Geometria,Poligonos,53,True
9074,Geometria,poligonos,Geometria,Poligonos,53,True
9075,Geometria,poligonos,Geometria,Poligonos,53,True
9076,Geometria,poligonos,Geometria,Poligonos,53,True
9077,Geometria,poligonos,Geometria,Poligonos,53,True
9078,Geometria,poligonos,Geometria,Poligonos,53,True
9079,Geometria,poligonos,Geometria,Poligonos,53,True
9080,Geometria,poligonos,Geometria,Poligonos,53,True
9081,Geometria,poligonos,Geometria,Poligonos,53,True
9082,Geometria,poligonos,Geometria,Poligonos,53,True
9083,Geometria,cuadrilateros,Geometria,Cuadrilateros,49,True
9084,Geometria,cuadrilateros,Geometria,Cuadrilateros,49,True
9085,Geometria,cuadrilateros,Geometria,Cuadrilateros,49,True
9086,Geometria,cuadrilateros,Geometria,Cuadrilateros,49,True
9087,Geometria,cuadrilateros,Geometria,Cuadrilateros,49,True
9088,Geometria,cuadrilateros,Geometria,Cuadrilateros,49,True
9089,Geometria,cuadrilateros,Geometria,Cuadrilateros,49,True
9090,Geometria,cuadrilateros,Geometria,Cuadrilateros,49,True
9091,Geometria,cuadrilateros,Geometria,Cuadrilateros,49,True
9092,Geometria,cuadrilateros,Geometria,Cuadrilateros,49,True
9093,Geometria,cuadrilateros,Geometria,Cuadrilateros,49,True
9094,Geometria,cuadrilateros,Geometria,Cuadrilateros,49,True
9095,Geometria,cuadrilateros,Geometria,Cuadrilateros,49,True
9096,Geometria,cuadrilateros,Geometria,Cuadrilateros,49,True
9097,Geometria,cuadrilateros,Geometria,Cuadrilateros,49,True
9098,Geometria,cuadrilateros,Geometria,Cuadrilateros,49,True
9099,Geometria,cuadrilateros,Geometria,Cuadrilateros,49,True
9100,Geometria,cuadrilateros,Geometria,Cuadrilateros,49,True
9101,Geometria,cuadrilateros,Geometria,Cuadrilateros,49,True
9102,Geometria,cuadrilateros,Geometria,Cuadrilateros,49,True
9103,Geometria,cuadrilateros,Geometria,Cuadrilateros,49,True
9104,Geometria,cuadrilateros,Geometria,Cuadrilateros,49,True
9105,Geometria,cuadrilateros,Geometria,Cuadrilateros,49,True
9106,Geometria,cuadrilateros,Geometria,Cuadrilateros,49,True
9107,Geometria,cuadrilateros,Geometria,Cuadrilateros,49,True
9108,Geometria,cuadrilateros,Geometria,Cuadrilateros,49,True
9109,Geometria,cuadrilateros,Geometria,Cuadrilateros,49,True
9110,Geometria,cuadrilateros,Geometria,Cuadrilateros,49,True
9111,Geometria,cuadrilateros,Geometria,Cuadrilateros,49,True
9112,Geometria,cuadrilateros,Geometria,Cuadrilateros,49,True
9113,Geometria,circunferencia,Geometria,Circunferencias,45,True
9114,Geometria,circunferencia,Geometria,Circunferencias,45,True
9115,Geometria,circunferencia,Geometria,Circunferencias,45,True
9116,Geometria,circunferencia,Geometria,Circunferencias,45,True
9117,Geometria,circunferencia,Geometria,Circunferencias,45,True
9118,Geometria,circunferencia,Geometria,Circunferencias,45,True
9119,Geometria,circunferencia,Geometria,Circunferencias,45,True
9120,Geometria,circunferencia,Geometria,Circunferencias,45,True
9121,Geometria,circunferencia,Geometria,Circunferencias,45,True
9122,Geometria,circunferencia,Geometria,Circunferencias,45,True
9123,Geometria,circunferencia,Geometria,Circunferencias,45,True
9124,Geometria,circunferencia,Geometria,Circunferencias,45,True
9125,Geometria,circunferencia,Geometria,Circunferencias,45,True
9126,Geometria,circunferencia,Geometria,Circunferencias,45,True
9127,Geometria,circunferencia,Geometria,Circunferencias,45,True
9128,Geometria,circunferencia,Geometria,Circunferencias,45,True
9129,Geometria,circunferencia,Geometria,Circunferencias,45,True
9130,Geometria,circunferencia,Geometria,Circunferencias,45,True
9131,Geometria,circunferencia,Geometria,Circunferencias,45,True
9132,Geometria,circunferencia,Geometria,Circunferencias,45,True
9133,Geometria,circunferencia,Geometria,Circunferencias,45,True
9134,Geometria,circunferencia,Geometria,Circunferencias,45,True
9135,Geometria,circunferencia,Geometria,Circunferencias,45,True
9136,Geometria,circunferencia,Geometria,Circunferencias,45,True
9137,Geometria,circunferencia,Geometria,Circunferencias,45,True
9138,Geometria,circunferencia,Geometria,Circunferencias,45,True
9139,Geometria,circunferencia,Geometria,Circunferencias,45,True
9140,Geometria,circunferencia,Geometria,Circunferencias,45,True
9141,Geometria,circunferencia,Geometria,Circunferencias,45,True
9142,Geometria,circunferencia,Geometria,Circunferencias,45,True
9143,Geometria,circunferencia,Geometria,Circunferencias,45,True
9144,Geometria,circunferencia,Geometria,Circunferencias,45,True
9145,Geometria,circunferencia,Geometria,Circunferencias,45,True
9146,Geometria,circunferencia,Geometria,Circunferencias,45,True
9147,Geometria,circunferencia,Geometria,Circunferencias,45,True
9148,Geometria,circunferencia,Geometria,Circunferencias,45,True
9149,Geometria,circunferencia,Geometria,Circunferencias,45,True
9150,Geometria,circunferencia,Geometria,Circunferencias,45,True
9151,Geometria,circunferencia,Geometria,Circunferencias,45,True
9152,Geometria,circunferencia,Geometria,Circunferencias,45,True
9153,Geometria,circunferencia,Geometria,Circunferencias,45,True
9154,Geometria,circunferencia,Geometria,Circunferencias,45,True
9155,Geometria,circunferencia,Geometria,Circunferencias,45,True
9156,Geometria,circunferencia,Geometria,Circunferencias,45,True
9157,Geometria,circunferencia,Geometria,Circunferencias,45,True
9158,Geometria,circunferencia,Geometria,Circunferencias,45,True
9159,Geometria,circunferencia,Geometria,Circunferencias,45,True
9160,Geometria,circunferencia,Geometria,Circunferencias,45,True
9161,Geometria,circunferencia,Geometria,Circunferencias,45,True
9162,Geometria,circunferencia,Geometria,Circunferencias,45,True
9163,Geometria,circunferencia,Geometria,Circunferencias,45,True
9164,Geometria,circunferencia,Geometria,Circunferencias,45,True
9165,Geometria,circunferencia,Geometria,Circunferencias,45,True
9166,Geometria,circunferencia,Geometria,Circunferencias,45,True
9167,Geometria,circunferencia,Geometria,Circunferencias,45,True
9168,Geometria,circunferencia,Geometria,Circunferencias,45,True
9169,Geometria,circunferencia,Geometria,Circunferencias,45,True
9170,Geometria,circunferencia,Geometria,Circunferencias,45,True
9171,Geometria,circunferencia,Geometria,Circunferencias,45,True
9172,Geometria,circunferencia,Geometria,Circunferencias,45,True
9203,Geometria,proporcionalidad de segmentos,Geometria,Proporcionalidad de Segmentos,56,True
9204,Geometria,proporcionalidad de segmentos,Geometria,Proporcionalidad de Segmentos,56,True
9205,Geometria,proporcionalidad de segmentos,Geometria,Proporcionalidad de Segmentos,56,True
9206,Geometria,proporcionalidad de segmentos,Geometria,Proporcionalidad de Segmentos,56,True
9207,Geometria,proporcionalidad de segmentos,Geometria,Proporcionalidad de Segmentos,56,True
9208,Geometria,proporcionalidad de segmentos,Geometria,Proporcionalidad de Segmentos,56,True
9209,Geometria,proporcionalidad de segmentos,Geometria,Proporcionalidad de Segmentos,56,True
9210,Geometria,proporcionalidad de segmentos,Geometria,Proporcionalidad de Segmentos,56,True
9211,Geometria,proporcionalidad de segmentos,Geometria,Proporcionalidad de Segmentos,56,True
9212,Geometria,proporcionalidad de segmentos,Geometria,Proporcionalidad de Segmentos,56,True
9213,Geometria,proporcionalidad de segmentos,Geometria,Proporcionalidad de Segmentos,56,True
9214,Geometria,proporcionalidad de segmentos,Geometria,Proporcionalidad de Segmentos,56,True
9215,Geometria,proporcionalidad de segmentos,Geometria,Proporcionalidad de Segmentos,56,True
9216,Geometria,proporcionalidad de segmentos,Geometria,Proporcionalidad de Segmentos,56,True
9217,Geometria,proporcionalidad de segmentos,Geometria,Proporcionalidad de Segmentos,56,True
9218,Geometria,proporcionalidad de segmentos,Geometria,Proporcionalidad de Segmentos,56,True
9219,Geometria,proporcionalidad de segmentos,Geometria,Proporcionalidad de Segmentos,56,True
9220,Geometria,proporcionalidad de segmentos,Geometria,Proporcionalidad de Segmentos,56,True
9221,Geometria,proporcionalidad de segmentos,Geometria,Proporcionalidad de Segmentos,56,True
9222,Geometria,proporcionalidad de segmentos,Geometria,Proporcionalidad de Segmentos,56,True
9223,Geometria,proporcionalidad de segmentos,Geometria,Proporcionalidad de Segmentos,56,True
9224,Geometria,proporcionalidad de segmentos,Geometria,Proporcionalidad de Segmentos,56,True
9225,Geometria,proporcionalidad de segmentos,Geometria,Proporcionalidad de Segmentos,56,True
9226,Geometria,proporcionalidad de segmentos,Geometria,Proporcionalidad de Segmentos,56,True
9227,Geometria,proporcionalidad de segmentos,Geometria,Proporcionalidad de Segmentos,56,True
9228,Geometria,proporcionalidad de segmentos,Geometria,Proporcionalidad de Segmentos,56,True
9229,Geometria,proporcionalidad de segmentos,Geometria,Proporcionalidad de Segmentos,56,True
9230,Geometria,proporcionalidad de segmentos,Geometria,Proporcionalidad de Segmentos,56,True
9231,Geometria,proporcionalidad de segmentos,Geometria,Proporcionalidad de Segmentos,56,True
9232,Geometria,proporcionalidad de segmentos,Geometria,Proporcionalidad de Segmentos,56,True
9233,Geometria,semejanza de triangulos,Geometria,Semejanza de Triangulos,62,True
9234,Geometria,semejanza de triangulos,Geometria,Semejanza de Triangulos,62,True
9235,Geometria,semejanza de triangulos,Geometria,Semejanza de Triangulos,62,True
9236,Geometria,semejanza de triangulos,Geometria,Semejanza de Triangulos,62,True
9237,Geometria,semejanza de triangulos,Geometria,Semejanza de Triangulos,62,True
9238,Geometria,semejanza de triangulos,Geometria,Semejanza de Triangulos,62,True
9239,Geometria,semejanza de triangulos,Geometria,Semejanza de Triangulos,62,True
9240,Geometria,semejanza de triangulos,Geometria,Semejanza de Triangulos,62,True
9241,Geometria,semejanza de triangulos,Geometria,Semejanza de Triangulos,62,True
9242,Geometria,semejanza de triangulos,Geometria,Semejanza de Triangulos,62,True
9243,Geometria,semejanza de triangulos,Geometria,Semejanza de Triangulos,62,True
9244,Geometria,semejanza de triangulos,Geometria,Semejanza de Triangulos,62,True
9245,Geometria,semejanza de triangulos,Geometria,Semejanza de Triangulos,62,True
9246,Geometria,semejanza de triangulos,Geometria,Semejanza de Triangulos,62,True
9247,Geometria,semejanza de triangulos,Geometria,Semejanza de Triangulos,62,True
9248,Geometria,semejanza de triangulos,Geometria,Semejanza de Triangulos,62,True
9249,Geometria,semejanza de triangulos,Geometria,Semejanza de Triangulos,62,True
9250,Geometria,semejanza de triangulos,Geometria,Semejanza de Triangulos,62,True
9251,Geometria,semejanza de triangulos,Geometria,Semejanza de Triangulos,62,True
9252,Geometria,semejanza de triangulos,Geometria,Semejanza de Triangulos,62,True
9253,Geometria,semejanza de triangulos,Geometria,Semejanza de Triangulos,62,True
9254,Geometria,semejanza de triangulos,Geometria,Semejanza de Triangulos,62,True
9255,Geometria,semejanza de triangulos,Geometria,Semejanza de Triangulos,62,True
9256,Geometria,semejanza de triangulos,Geometria,Semejanza de Triangulos,62,True
9257,Geometria,semejanza de triangulos,Geometria,Semejanza de Triangulos,62,True
9258,Geometria,semejanza de triangulos,Geometria,Semejanza de Triangulos,62,True
9259,Geometria,semejanza de triangulos,Geometria,Semejanza de Triangulos,62,True
9260,Geometria,semejanza de triangulos,Geometria,Semejanza de Triangulos,62,True
9261,Geometria,semejanza de triangulos,Geometria,Semejanza de Triangulos,62,True
9262,Geometria,semejanza de triangulos,Geometria,Semejanza de Triangulos,62,True
9263,Geometria,relaciones metricas,Geometria,Relaciones Metricas,58,True
9264,Geometria,relaciones metricas,Geometria,Relaciones Metricas,58,True
9265,Geometria,relaciones metricas,Geometria,Relaciones Metricas,58,True
9266,Geometria,relaciones metricas,Geometria,Relaciones Metricas,58,True
9267,Geometria,relaciones metricas,Geometria,Relaciones Metricas,58,True
9268,Geometria,relaciones metricas,Geometria,Relaciones Metricas,58,True
9269,Geometria,relaciones metricas,Geometria,Relaciones Metricas,58,True
9270,Geometria,relaciones metricas,Geometria,Relaciones Metricas,58,True
9271,Geometria,relaciones metricas,Geometria,Relaciones Metricas,58,True
9272,Geometria,relaciones metricas,Geometria,Relaciones Metricas,58,True
9273,Geometria,relaciones metricas,Geometria,Relaciones Metricas,58,True
9274,Geometria,relaciones metricas,Geometria,Relaciones Metricas,58,True
9275,Geometria,relaciones metricas,Geometria,Relaciones Metricas,58,True
9276,Geometria,relaciones metricas,Geometria,Relaciones Metricas,58,True
9277,Geometria,relaciones metricas,Geometria,Relaciones Metricas,58,True
9278,Geometria,relaciones metricas,Geometria,Relaciones Metricas,58,True
9279,Geometria,relaciones metricas,Geometria,Relaciones Metricas,58,True
9280,Geometria,relaciones metricas,Geometria,Relaciones Metricas,58,True
9281,Geometria,relaciones metricas,Geometria,Relaciones Metricas,58,True
9282,Geometria,relaciones metricas,Geometria,Relaciones Metricas,58,True
9283,Geometria,relaciones metricas,Geometria,Relaciones Metricas,58,True
9284,Geometria,relaciones metricas,Geometria,Relaciones Metricas,58,True
9285,Geometria,relaciones metricas,Geometria,Relaciones Metricas,58,True
9286,Geometria,relaciones metricas,Geometria,Relaciones Metricas,58,True
9287,Geometria,relaciones metricas,Geometria,Relaciones Metricas,58,True
9288,Geometria,relaciones metricas,Geometria,Relaciones Metricas,58,True
9289,Geometria,relaciones metricas,Geometria,Relaciones Metricas,58,True
9290,Geometria,relaciones metricas,Geometria,Relaciones Metricas,58,True
9291,Geometria,relaciones metricas,Geometria,Relaciones Metricas,58,True
9292,Geometria,relaciones metricas,Geometria,Relaciones Metricas,58,True
9299,Geometria,poligonos regulares,Geometria,Poligonos Regulares,54,True
9300,Geometria,poligonos regulares,Geometria,Poligonos Regulares,54,True
9301,Geometria,poligonos regulares,Geometria,Poligonos Regulares,54,True
9302,Geometria,poligonos regulares,Geometria,Poligonos Regulares,54,True
9303,Geometria,poligonos regulares,Geometria,Poligonos Regulares,54,True
9304,Geometria,poligonos regulares,Geometria,Poligonos Regulares,54,True
9305,Geometria,poligonos regulares,Geometria,Poligonos Regulares,54,True
9306,Geometria,poligonos regulares,Geometria,Poligonos Regulares,54,True
9307,Geometria,poligonos regulares,Geometria,Poligonos Regulares,54,True
9308,Geometria,poligonos regulares,Geometria,Poligonos Regulares,54,True
9309,Geometria,poligonos regulares,Geometria,Poligonos Regulares,54,True
9310,Geometria,poligonos regulares,Geometria,Poligonos Regulares,54,True
9311,Geometria,poligonos regulares,Geometria,Poligonos Regulares,54,True
9312,Geometria,poligonos regulares,Geometria,Poligonos Regulares,54,True
9313,Geometria,poligonos regulares,Geometria,Poligonos Regulares,54,True
9314,Geometria,poligonos regulares,Geometria,Poligonos Regulares,54,True
9315,Geometria,poligonos regulares,Geometria,Poligonos Regulares,54,True
9316,Geometria,poligonos regulares,Geometria,Poligonos Regulares,54,True
9317,Geometria,poligonos regulares,Geometria,Poligonos Regulares,54,True
9318,Geometria,poligonos regulares,Geometria,Poligonos Regulares,54,True
9319,Geometria,poligonos regulares,Geometria,Poligonos Regulares,54,True
9320,Geometria,poligonos regulares,Geometria,Poligonos Regulares,54,True
9321,Geometria,poligonos regulares,Geometria,Poligonos Regulares,54,True
9322,Geometria,poligonos regulares,Geometria,Poligonos Regulares,54,True
9323,Geometria,poligonos regulares,Geometria,Poligonos Regulares,54,True
9324,Geometria,poligonos regulares,Geometria,Poligonos Regulares,54,True
9325,Geometria,poligonos regulares,Geometria,Poligonos Regulares,54,True
9326,Geometria,poligonos regulares,Geometria,Poligonos Regulares,54,True
9327,Geometria,poligonos regulares,Geometria,Poligonos Regulares,54,True
9328,Geometria,poligonos regulares,Geometria,Poligonos Regulares,54,True
9329,Geometria,relaciones metricas,Geometria,Relaciones Metricas,58,True
9330,Geometria,relaciones metricas,Geometria,Relaciones Metricas,58,True
9331,Geometria,relaciones metricas,Geometria,Relaciones Metricas,58,True
9332,Geometria,relaciones metricas,Geometria,Relaciones Metricas,58,True
9333,Geometria,relaciones metricas,Geometria,Relaciones Metricas,58,True
9334,Geometria,relaciones metricas,Geometria,Relaciones Metricas,58,True
9335,Geometria,relaciones metricas,Geometria,Relaciones Metricas,58,True
9336,Geometria,relaciones metricas,Geometria,Relaciones Metricas,58,True
9337,Geometria,relaciones metricas,Geometria,Relaciones Metricas,58,True
9338,Geometria,relaciones metricas,Geometria,Relaciones Metricas,58,True
9339,Geometria,relaciones metricas,Geometria,Relaciones Metricas,58,True
9340,Geometria,relaciones metricas,Geometria,Relaciones Metricas,58,True
9341,Geometria,relaciones metricas,Geometria,Relaciones Metricas,58,True
9342,Geometria,relaciones metricas,Geometria,Relaciones Metricas,58,True
9343,Geometria,relaciones metricas,Geometria,Relaciones Metricas,58,True
9344,Geometria,relaciones metricas,Geometria,Relaciones Metricas,58,True
9345,Geometria,relaciones metricas,Geometria,Relaciones Metricas,58,True
9346,Geometria,relaciones metricas,Geometria,Relaciones Metricas,58,True
9347,Geometria,relaciones metricas,Geometria,Relaciones Metricas,58,True
9348,Geometria,relaciones metricas,Geometria,Relaciones Metricas,58,True
9349,Geometria,relaciones metricas,Geometria,Relaciones Metricas,58,True
9350,Geometria,relaciones metricas,Geometria,Relaciones Metricas,58,True
9351,Geometria,relaciones metricas,Geometria,Relaciones Metricas,58,True
9352,Geometria,relaciones metricas,Geometria,Relaciones Metricas,58,True
9353,Geometria,relaciones metricas,Geometria,Relaciones Metricas,58,True
9354,Geometria,relaciones metricas,Geometria,Relaciones Metricas,58,True
9355,Geometria,relaciones metricas,Geometria,Relaciones Metricas,58,True
9356,Geometria,relaciones metricas,Geometria,Relaciones Metricas,58,True
9357,Geometria,relaciones metricas,Geometria,Relaciones Metricas,58,True
9358,Geometria,relaciones metricas,Geometria,Relaciones Metricas,58,True
9359,Geometria,areas de regiones,Geometria,Areas de Regiones,41,True
9360,Geometria,areas de regiones,Geometria,Areas de Regiones,41,True
9361,Geometria,areas de regiones,Geometria,Areas de Regiones,41,True
9362,Geometria,areas de regiones,Geometria,Areas de Regiones,41,True
9363,Geometria,areas de regiones,Geometria,Areas de Regiones,41,True
9364,Geometria,areas de regiones,Geometria,Areas de Regiones,41,True
9365,Geometria,areas de regiones,Geometria,Areas de Regiones,41,True
9366,Geometria,areas de regiones,Geometria,Areas de Regiones,41,True
9367,Geometria,areas de regiones,Geometria,Areas de Regiones,41,True
9368,Geometria,areas de regiones,Geometria,Areas de Regiones,41,True
9369,Geometria,areas de regiones,Geometria,Areas de Regiones,41,True
9370,Geometria,areas de regiones,Geometria,Areas de Regiones,41,True
9371,Geometria,areas de regiones,Geometria,Areas de Regiones,41,True
9372,Geometria,areas de regiones,Geometria,Areas de Regiones,41,True
9373,Geometria,areas de regiones,Geometria,Areas de Regiones,41,True
9374,Geometria,areas de regiones,Geometria,Areas de Regiones,41,True
9375,Geometria,areas de regiones,Geometria,Areas de Regiones,41,True
9376,Geometria,areas de regiones,Geometria,Areas de Regiones,41,True
9377,Geometria,areas de regiones,Geometria,Areas de Regiones,41,True
9378,Geometria,areas de regiones,Geometria,Areas de Regiones,41,True
9379,Geometria,areas de regiones,Geometria,Areas de Regiones,41,True
9380,Geometria,areas de regiones,Geometria,Areas de Regiones,41,True
9381,Geometria,areas de regiones,Geometria,Areas de Regiones,41,True
9382,Geometria,areas de regiones,Geometria,Areas de Regiones,41,True
9383,Geometria,areas de regiones,Geometria,Areas de Regiones,41,True
9384,Geometria,areas de regiones,Geometria,Areas de Regiones,41,True
9385,Geometria,areas de regiones,Geometria,Areas de Regiones,41,True
9386,Geometria,areas de regiones,Geometria,Areas de Regiones,41,True
9387,Geometria,areas de regiones,Geometria,Areas de Regiones,41,True
9388,Geometria,areas de regiones,Geometria,Areas de Regiones,41,True
9389,geometria,semana_1_tri_ngulos,Geometria,Triangulos,64,True
9390,geometria,semana_1_tri_ngulos,Geometria,Triangulos,64,True
9391,geometria,semana_1_tri_ngulos,Geometria,Triangulos,64,True
9392,geometria,semana_1_tri_ngulos,Geometria,Triangulos,64,True
9393,geometria,semana_1_tri_ngulos,Geometria,Triangulos,64,True
9394,geometria,semana_1_tri_ngulos,Geometria,Triangulos,64,True
9395,geometria,semana_1_tri_ngulos,Geometria,Triangulos,64,True
9396,geometria,semana_1_tri_ngulos,Geometria,Triangulos,64,True
9397,geometria,semana_1_tri_ngulos,Geometria,Triangulos,64,True
9398,geometria,semana_1_tri_ngulos,Geometria,Triangulos,64,True
9399,geometria,semana_1_tri_ngulos,Geometria,Triangulos,64,True
9400,geometria,semana_1_tri_ngulos,Geometria,Triangulos,64,True
9401,geometria,semana_1_tri_ngulos,Geometria,Triangulos,64,True
9402,geometria,semana_1_tri_ngulos,Geometria,Triangulos,64,True
9403,geometria,semana_1_tri_ngulos,Geometria,Triangulos,64,True
9404,geometria,semana_1_tri_ngulos,Geometria,Triangulos,64,True
9405,geometria,semana_1_tri_ngulos,Geometria,Triangulos,64,True
9406,geometria,semana_1_tri_ngulos,Geometria,Triangulos,64,True
9407,geometria,semana_1_tri_ngulos,Geometria,Triangulos,64,True
9408,geometria,semana_1_tri_ngulos,Geometria,Triangulos,64,True
9409,geometria,semana_1_tri_ngulos,Geometria,Triangulos,64,True
9410,geometria,semana_1_tri_ngulos,Geometria,Triangulos,64,True
9411,geometria,semana_1_tri_ngulos,Geometria,Triangulos,64,True
9412,geometria,semana_1_tri_ngulos,Geometria,Triangulos,64,True
9413,geometria,semana_1_tri_ngulos,Geometria,Triangulos,64,True
9414,geometria,semana_1_tri_ngulos,Geometria,Triangulos,64,True
9415,geometria,semana_1_tri_ngulos,Geometria,Triangulos,64,True
9416,geometria,semana_1_tri_ngulos,Geometria,Triangulos,64,True
9417,geometria,semana_1_tri_ngulos,Geometria,Triangulos,64,True
9418,geometria,semana_1_tri_ngulos,Geometria,Triangulos,64,True
9419,Geometria,triangulo,Geometria,Triangulos,64,True
9420,Geometria,triángulos,Geometria,Triangulos,64,True
9423,Geometria,triangulo,Geometria,Triangulos,64,True
9424,Geometria,triangulo,Geometria,Triangulos,64,True
9427,geometria,semana_2_l_neas_notables_asociadas_al_tri_ngulo,Geometria,Lineas Notables,51,True
9435,geometria,semana_2_l_neas_notables_asociadas_al_tri_ngulo,Geometria,Lineas Notables,51,True
9436,Geometria,triangulo,Geometria,Triangulos,64,True
9437,Geometria,triángulos,Geometria,Triangulos,64,True
9438,Geometria,triángulos,Geometria,Triangulos,64,True
9439,geometria,triangulo,Geometria,Triangulos,64,True
9441,Geometria,triangulo,Geometria,Triangulos,64,True
9442,geometria,semana_2_l_neas_notables_asociadas_al_tri_ngulo,Geometria,Lineas Notables,51,True
9443,Geometria,triangulo,Geometria,Triangulos,64,True
9444,Geometria,triángulos,Geometria,Triangulos,64,True
9446,geometria,triangulo,Geometria,Triangulos,64,True
9449,Geometria,semana_2_l_neas_notables_asociadas_al_tri_ngulo,Geometria,Lineas Notables,51,True
9450,geometria,semana_3_congruencia_de_tri_ngulos,Geometria,Congruencia de Triangulos,47,True
9451,geometria,semana_3_congruencia_de_tri_ngulos,Geometria,Congruencia de Triangulos,47,True
9452,geometria,semana_3_congruencia_de_tri_ngulos,Geometria,Congruencia de Triangulos,47,True
9453,geometria,semana_3_congruencia_de_tri_ngulos,Geometria,Congruencia de Triangulos,47,True
9454,geometria,semana_3_congruencia_de_tri_ngulos,Geometria,Congruencia de Triangulos,47,True
9455,geometria,semana_3_congruencia_de_tri_ngulos,Geometria,Congruencia de Triangulos,47,True
9456,geometria,semana_3_congruencia_de_tri_ngulos,Geometria,Congruencia de Triangulos,47,True
9457,geometria,semana_3_congruencia_de_tri_ngulos,Geometria,Congruencia de Triangulos,47,True
9458,geometria,semana_3_congruencia_de_tri_ngulos,Geometria,Congruencia de Triangulos,47,True
9459,geometria,semana_3_congruencia_de_tri_ngulos,Geometria,Congruencia de Triangulos,47,True
9460,geometria,semana_3_congruencia_de_tri_ngulos,Geometria,Congruencia de Triangulos,47,True
9461,geometria,semana_3_congruencia_de_tri_ngulos,Geometria,Congruencia de Triangulos,47,True
9462,geometria,semana_3_congruencia_de_tri_ngulos,Geometria,Congruencia de Triangulos,47,True
9463,geometria,semana_3_congruencia_de_tri_ngulos,Geometria,Congruencia de Triangulos,47,True
9464,geometria,semana_3_congruencia_de_tri_ngulos,Geometria,Congruencia de Triangulos,47,True
9465,geometria,semana_3_congruencia_de_tri_ngulos,Geometria,Congruencia de Triangulos,47,True
9466,geometria,semana_3_congruencia_de_tri_ngulos,Geometria,Congruencia de Triangulos,47,True
9467,geometria,semana_3_congruencia_de_tri_ngulos,Geometria,Congruencia de Triangulos,47,True
9468,geometria,semana_3_congruencia_de_tri_ngulos,Geometria,Congruencia de Triangulos,47,True
9469,geometria,semana_3_congruencia_de_tri_ngulos,Geometria,Congruencia de Triangulos,47,True
9470,geometria,semana_3_congruencia_de_tri_ngulos,Geometria,Congruencia de Triangulos,47,True
9471,geometria,semana_3_congruencia_de_tri_ngulos,Geometria,Congruencia de Triangulos,47,True
9472,geometria,semana_3_congruencia_de_tri_ngulos,Geometria,Congruencia de Triangulos,47,True
9473,geometria,semana_3_congruencia_de_tri_ngulos,Geometria,Congruencia de Triangulos,47,True
9474,geometria,semana_3_congruencia_de_tri_ngulos,Geometria,Congruencia de Triangulos,47,True
9475,geometria,semana_3_congruencia_de_tri_ngulos,Geometria,Congruencia de Triangulos,47,True
9476,geometria,semana_3_congruencia_de_tri_ngulos,Geometria,Congruencia de Triangulos,47,True
9477,geometria,semana_3_congruencia_de_tri_ngulos,Geometria,Congruencia de Triangulos,47,True
9478,geometria,semana_3_congruencia_de_tri_ngulos,Geometria,Congruencia de Triangulos,47,True
9479,geometria,semana_3_congruencia_de_tri_ngulos,Geometria,Congruencia de Triangulos,47,True
9480,geometria,semana_4_aplicaciones_de_congruencia,Geometria,Aplicaciones de Congruencia,40,True
9481,geometria,semana_4_aplicaciones_de_congruencia,Geometria,Aplicaciones de Congruencia,40,True
9482,geometria,semana_4_aplicaciones_de_congruencia,Geometria,Aplicaciones de Congruencia,40,True
9483,geometria,semana_4_aplicaciones_de_congruencia,Geometria,Aplicaciones de Congruencia,40,True
9484,geometria,semana_4_aplicaciones_de_congruencia,Geometria,Aplicaciones de Congruencia,40,True
9485,geometria,semana_4_aplicaciones_de_congruencia,Geometria,Aplicaciones de Congruencia,40,True
9486,geometria,semana_4_aplicaciones_de_congruencia,Geometria,Aplicaciones de Congruencia,40,True
9487,geometria,semana_4_aplicaciones_de_congruencia,Geometria,Aplicaciones de Congruencia,40,True
9488,geometria,semana_4_aplicaciones_de_congruencia,Geometria,Aplicaciones de Congruencia,40,True
9489,geometria,semana_4_aplicaciones_de_congruencia,Geometria,Aplicaciones de Congruencia,40,True
9490,geometria,semana_4_aplicaciones_de_congruencia,Geometria,Aplicaciones de Congruencia,40,True
9491,geometria,semana_4_aplicaciones_de_congruencia,Geometria,Aplicaciones de Congruencia,40,True
9492,geometria,semana_4_aplicaciones_de_congruencia,Geometria,Aplicaciones de Congruencia,40,True
9493,geometria,semana_4_aplicaciones_de_congruencia,Geometria,Aplicaciones de Congruencia,40,True
9494,geometria,semana_4_aplicaciones_de_congruencia,Geometria,Aplicaciones de Congruencia,40,True
9495,geometria,semana_4_aplicaciones_de_congruencia,Geometria,Aplicaciones de Congruencia,40,True
9496,geometria,semana_4_aplicaciones_de_congruencia,Geometria,Aplicaciones de Congruencia,40,True
9497,geometria,semana_4_aplicaciones_de_congruencia,Geometria,Aplicaciones de Congruencia,40,True
9498,geometria,semana_4_aplicaciones_de_congruencia,Geometria,Aplicaciones de Congruencia,40,True
9499,geometria,semana_4_aplicaciones_de_congruencia,Geometria,Aplicaciones de Congruencia,40,True
9500,geometria,semana_4_aplicaciones_de_congruencia,Geometria,Aplicaciones de Congruencia,40,True
9501,geometria,semana_4_aplicaciones_de_congruencia,Geometria,Aplicaciones de Congruencia,40,True
9502,geometria,semana_4_aplicaciones_de_congruencia,Geometria,Aplicaciones de Congruencia,40,True
9503,geometria,semana_4_aplicaciones_de_congruencia,Geometria,Aplicaciones de Congruencia,40,True
9504,geometria,semana_4_aplicaciones_de_congruencia,Geometria,Aplicaciones de Congruencia,40,True
9505,geometria,semana_4_aplicaciones_de_congruencia,Geometria,Aplicaciones de Congruencia,40,True
9506,geometria,semana_4_aplicaciones_de_congruencia,Geometria,Aplicaciones de Congruencia,40,True
9507,geometria,semana_4_aplicaciones_de_congruencia,Geometria,Aplicaciones de Congruencia,40,True
9508,geometria,semana_4_aplicaciones_de_congruencia,Geometria,Aplicaciones de Congruencia,40,True
9509,geometria,semana_4_aplicaciones_de_congruencia,Geometria,Aplicaciones de Congruencia,40,True
9511,geometria,semana_5_cuadril_teros_1,Geometria,Cuadrilateros,49,True
9512,geometria,semana_5_cuadril_teros_1,Geometria,Cuadrilateros,49,True
9513,geometria,semana_5_cuadril_teros_1,Geometria,Cuadrilateros,49,True
9514,geometria,semana_5_cuadril_teros_1,Geometria,Cuadrilateros,49,True
9515,geometria,semana_5_cuadril_teros_1,Geometria,Cuadrilateros,49,True
9516,geometria,semana_5_cuadril_teros_1,Geometria,Cuadrilateros,49,True
9517,geometria,semana_5_cuadril_teros_1,Geometria,Cuadrilateros,49,True
9518,geometria,semana_5_cuadril_teros_1,Geometria,Cuadrilateros,49,True
9519,geometria,semana_5_cuadril_teros_1,Geometria,Cuadrilateros,49,True
9520,geometria,semana_5_cuadril_teros_1,Geometria,Cuadrilateros,49,True
9521,geometria,semana_5_cuadril_teros_1,Geometria,Cuadrilateros,49,True
9522,geometria,semana_5_cuadril_teros_1,Geometria,Cuadrilateros,49,True
9523,geometria,semana_5_cuadril_teros_1,Geometria,Cuadrilateros,49,True
9524,geometria,semana_5_cuadril_teros_1,Geometria,Cuadrilateros,49,True
9525,geometria,semana_5_cuadril_teros_1,Geometria,Cuadrilateros,49,True
9526,geometria,semana_5_cuadril_teros_1,Geometria,Cuadrilateros,49,True
9527,geometria,semana_5_cuadril_teros_1,Geometria,Cuadrilateros,49,True
9528,geometria,semana_5_cuadril_teros_1,Geometria,Cuadrilateros,49,True
9529,geometria,semana_5_cuadril_teros_1,Geometria,Cuadrilateros,49,True
9530,geometria,semana_5_cuadril_teros_1,Geometria,Cuadrilateros,49,True
9531,geometria,semana_5_cuadril_teros_1,Geometria,Cuadrilateros,49,True
9532,geometria,semana_5_cuadril_teros_1,Geometria,Cuadrilateros,49,True
9533,geometria,semana_5_cuadril_teros_1,Geometria,Cuadrilateros,49,True
9534,geometria,semana_5_cuadril_teros_1,Geometria,Cuadrilateros,49,True
9535,geometria,semana_5_cuadril_teros_1,Geometria,Cuadrilateros,49,True
9536,geometria,semana_5_cuadril_teros_1,Geometria,Cuadrilateros,49,True
9537,geometria,semana_5_cuadril_teros_1,Geometria,Cuadrilateros,49,True
9538,geometria,semana_5_cuadril_teros_1,Geometria,Cuadrilateros,49,True
9539,geometria,semana_5_cuadril_teros_1,Geometria,Cuadrilateros,49,True
9540,geometria,semana_6_cuadril_teros_2,Geometria,Cuadrilateros,49,True
9541,geometria,semana_6_cuadril_teros_2,Geometria,Cuadrilateros,49,True
9542,geometria,semana_6_cuadril_teros_2,Geometria,Cuadrilateros,49,True
9543,geometria,semana_6_cuadril_teros_2,Geometria,Cuadrilateros,49,True
9544,geometria,semana_6_cuadril_teros_2,Geometria,Cuadrilateros,49,True
9545,geometria,semana_6_cuadril_teros_2,Geometria,Cuadrilateros,49,True
9546,geometria,semana_6_cuadril_teros_2,Geometria,Cuadrilateros,49,True
9547,geometria,semana_6_cuadril_teros_2,Geometria,Cuadrilateros,49,True
9548,geometria,semana_6_cuadril_teros_2,Geometria,Cuadrilateros,49,True
9549,geometria,semana_6_cuadril_teros_2,Geometria,Cuadrilateros,49,True
9550,geometria,semana_6_cuadril_teros_2,Geometria,Cuadrilateros,49,True
9551,geometria,semana_6_cuadril_teros_2,Geometria,Cuadrilateros,49,True
9552,geometria,semana_6_cuadril_teros_2,Geometria,Cuadrilateros,49,True
9553,geometria,semana_6_cuadril_teros_2,Geometria,Cuadrilateros,49,True
9554,geometria,semana_6_cuadril_teros_2,Geometria,Cuadrilateros,49,True
9555,geometria,semana_6_cuadril_teros_2,Geometria,Cuadrilateros,49,True
9556,geometria,semana_6_cuadril_teros_2,Geometria,Cuadrilateros,49,True
9557,geometria,semana_6_cuadril_teros_2,Geometria,Cuadrilateros,49,True
9558,geometria,semana_6_cuadril_teros_2,Geometria,Cuadrilateros,49,True
9559,geometria,semana_6_cuadril_teros_2,Geometria,Cuadrilateros,49,True
9560,geometria,semana_6_cuadril_teros_2,Geometria,Cuadrilateros,49,True
9561,geometria,semana_6_cuadril_teros_2,Geometria,Cuadrilateros,49,True
9562,geometria,semana_6_cuadril_teros_2,Geometria,Cuadrilateros,49,True
9563,geometria,semana_6_cuadril_teros_2,Geometria,Cuadrilateros,49,True
9564,geometria,semana_6_cuadril_teros_2,Geometria,Cuadrilateros,49,True
9565,geometria,semana_6_cuadril_teros_2,Geometria,Cuadrilateros,49,True
9566,geometria,semana_6_cuadril_teros_2,Geometria,Cuadrilateros,49,True
9567,geometria,semana_6_cuadril_teros_2,Geometria,Cuadrilateros,49,True
9568,geometria,semana_6_cuadril_teros_2,Geometria,Cuadrilateros,49,True
9569,geometria,semana_6_cuadril_teros_2,Geometria,Cuadrilateros,49,True
9570,geometria,semana_6_cuadril_teros_2,Geometria,Cuadrilateros,49,True
9572,geometria,semana_7_pol_gonos,Geometria,Poligonos,53,True
9573,geometria,semana_7_pol_gonos,Geometria,Poligonos,53,True
9574,geometria,semana_7_pol_gonos,Geometria,Poligonos,53,True
9575,geometria,semana_7_pol_gonos,Geometria,Poligonos,53,True
9576,geometria,semana_7_pol_gonos,Geometria,Poligonos,53,True
9577,geometria,semana_7_pol_gonos,Geometria,Poligonos,53,True
9578,geometria,semana_7_pol_gonos,Geometria,Poligonos,53,True
9579,geometria,semana_7_pol_gonos,Geometria,Poligonos,53,True
9580,geometria,semana_7_pol_gonos,Geometria,Poligonos,53,True
9581,geometria,semana_7_pol_gonos,Geometria,Poligonos,53,True
9582,geometria,semana_7_pol_gonos,Geometria,Poligonos,53,True
9583,geometria,semana_7_pol_gonos,Geometria,Poligonos,53,True
9584,geometria,semana_7_pol_gonos,Geometria,Poligonos,53,True
9585,geometria,semana_7_pol_gonos,Geometria,Poligonos,53,True
9586,geometria,semana_7_pol_gonos,Geometria,Poligonos,53,True
9587,geometria,semana_7_pol_gonos,Geometria,Poligonos,53,True
9588,geometria,semana_7_pol_gonos,Geometria,Poligonos,53,True
9589,geometria,semana_7_pol_gonos,Geometria,Poligonos,53,True
9590,geometria,semana_7_pol_gonos,Geometria,Poligonos,53,True
9591,geometria,semana_7_pol_gonos,Geometria,Poligonos,53,True
9592,geometria,semana_7_pol_gonos,Geometria,Poligonos,53,True
9593,geometria,semana_7_pol_gonos,Geometria,Poligonos,53,True
9594,geometria,semana_7_pol_gonos,Geometria,Poligonos,53,True
9595,geometria,semana_7_pol_gonos,Geometria,Poligonos,53,True
9596,geometria,semana_7_pol_gonos,Geometria,Poligonos,53,True
9597,geometria,semana_7_pol_gonos,Geometria,Poligonos,53,True
9598,geometria,semana_7_pol_gonos,Geometria,Poligonos,53,True
9599,geometria,semana_7_pol_gonos,Geometria,Poligonos,53,True
9600,geometria,semana_7_pol_gonos,Geometria,Poligonos,53,True
9601,geometria,semana_7_pol_gonos,Geometria,Poligonos,53,True
9602,geometria,semana_8_circunferencia,Geometria,Circunferencias,45,True
9603,geometria,semana_8_circunferencia,Geometria,Circunferencias,45,True
9604,geometria,semana_8_circunferencia,Geometria,Circunferencias,45,True
9605,geometria,semana_8_circunferencia,Geometria,Circunferencias,45,True
9606,geometria,semana_8_circunferencia,Geometria,Circunferencias,45,True
9607,geometria,semana_8_circunferencia,Geometria,Circunferencias,45,True
9608,geometria,semana_8_circunferencia,Geometria,Circunferencias,45,True
9609,geometria,semana_8_circunferencia,Geometria,Circunferencias,45,True
9610,geometria,semana_8_circunferencia,Geometria,Circunferencias,45,True
9611,geometria,semana_8_circunferencia,Geometria,Circunferencias,45,True
9612,geometria,semana_8_circunferencia,Geometria,Circunferencias,45,True
9613,geometria,semana_8_circunferencia,Geometria,Circunferencias,45,True
9614,geometria,semana_8_circunferencia,Geometria,Circunferencias,45,True
9615,geometria,semana_8_circunferencia,Geometria,Circunferencias,45,True
9616,geometria,semana_8_circunferencia,Geometria,Circunferencias,45,True
9617,geometria,semana_8_circunferencia,Geometria,Circunferencias,45,True
9618,geometria,semana_8_circunferencia,Geometria,Circunferencias,45,True
9619,geometria,semana_8_circunferencia,Geometria,Circunferencias,45,True
9620,geometria,semana_8_circunferencia,Geometria,Circunferencias,45,True
9621,geometria,semana_8_circunferencia,Geometria,Circunferencias,45,True
9622,geometria,semana_8_circunferencia,Geometria,Circunferencias,45,True
9623,geometria,semana_8_circunferencia,Geometria,Circunferencias,45,True
9624,geometria,semana_8_circunferencia,Geometria,Circunferencias,45,True
9625,geometria,semana_8_circunferencia,Geometria,Circunferencias,45,True
9626,geometria,semana_8_circunferencia,Geometria,Circunferencias,45,True
9627,geometria,semana_8_circunferencia,Geometria,Circunferencias,45,True
9628,geometria,semana_8_circunferencia,Geometria,Circunferencias,45,True
9629,geometria,semana_8_circunferencia,Geometria,Circunferencias,45,True
9630,geometria,semana_8_circunferencia,Geometria,Circunferencias,45,True
9631,geometria,semana_9_circunferencia_2,Geometria,Circunferencias,45,True
9632,geometria,semana_9_circunferencia_2,Geometria,Circunferencias,45,True
9633,geometria,semana_9_circunferencia_2,Geometria,Circunferencias,45,True
9634,geometria,semana_9_circunferencia_2,Geometria,Circunferencias,45,True
9635,geometria,semana_9_circunferencia_2,Geometria,Circunferencias,45,True
9636,geometria,semana_9_circunferencia_2,Geometria,Circunferencias,45,True
9637,geometria,semana_9_circunferencia_2,Geometria,Circunferencias,45,True
9638,geometria,semana_9_circunferencia_2,Geometria,Circunferencias,45,True
9639,geometria,semana_9_circunferencia_2,Geometria,Circunferencias,45,True
9640,geometria,semana_9_circunferencia_2,Geometria,Circunferencias,45,True
9641,geometria,semana_9_circunferencia_2,Geometria,Circunferencias,45,True
9642,geometria,semana_9_circunferencia_2,Geometria,Circunferencias,45,True
9643,geometria,semana_9_circunferencia_2,Geometria,Circunferencias,45,True
9644,geometria,semana_9_circunferencia_2,Geometria,Circunferencias,45,True
9645,geometria,semana_9_circunferencia_2,Geometria,Circunferencias,45,True
9646,geometria,semana_9_circunferencia_2,Geometria,Circunferencias,45,True
9647,geometria,semana_9_circunferencia_2,Geometria,Circunferencias,45,True
9648,geometria,semana_9_circunferencia_2,Geometria,Circunferencias,45,True
9649,geometria,semana_9_circunferencia_2,Geometria,Circunferencias,45,True
9650,geometria,semana_9_circunferencia_2,Geometria,Circunferencias,45,True
9651,geometria,semana_9_circunferencia_2,Geometria,Circunferencias,45,True
9652,geometria,semana_9_circunferencia_2,Geometria,Circunferencias,45,True
9653,geometria,semana_9_circunferencia_2,Geometria,Circunferencias,45,True
9654,geometria,semana_9_circunferencia_2,Geometria,Circunferencias,45,True
9655,geometria,semana_9_circunferencia_2,Geometria,Circunferencias,45,True
9656,geometria,semana_9_circunferencia_2,Geometria,Circunferencias,45,True
9657,geometria,semana_9_circunferencia_2,Geometria,Circunferencias,45,True
9658,geometria,semana_9_circunferencia_2,Geometria,Circunferencias,45,True
9659,geometria,semana_9_circunferencia_2,Geometria,Circunferencias,45,True
9660,geometria,semana_9_circunferencia_2,Geometria,Circunferencias,45,True
9661,geometria,semana_10_proporcionalidad_de_segmentos,Geometria,Proporcionalidad de Segmentos,56,True
9662,geometria,semana_10_proporcionalidad_de_segmentos,Geometria,Proporcionalidad de Segmentos,56,True
9663,geometria,semana_10_proporcionalidad_de_segmentos,Geometria,Proporcionalidad de Segmentos,56,True
9664,geometria,semana_10_proporcionalidad_de_segmentos,Geometria,Proporcionalidad de Segmentos,56,True
9665,geometria,semana_10_proporcionalidad_de_segmentos,Geometria,Proporcionalidad de Segmentos,56,True
9666,geometria,semana_10_proporcionalidad_de_segmentos,Geometria,Proporcionalidad de Segmentos,56,True
9667,geometria,semana_10_proporcionalidad_de_segmentos,Geometria,Proporcionalidad de Segmentos,56,True
9668,geometria,semana_10_proporcionalidad_de_segmentos,Geometria,Proporcionalidad de Segmentos,56,True
9669,geometria,semana_10_proporcionalidad_de_segmentos,Geometria,Proporcionalidad de Segmentos,56,True
9670,geometria,semana_10_proporcionalidad_de_segmentos,Geometria,Proporcionalidad de Segmentos,56,True
9671,geometria,semana_10_proporcionalidad_de_segmentos,Geometria,Proporcionalidad de Segmentos,56,True
9672,geometria,semana_10_proporcionalidad_de_segmentos,Geometria,Proporcionalidad de Segmentos,56,True
9673,geometria,semana_10_proporcionalidad_de_segmentos,Geometria,Proporcionalidad de Segmentos,56,True
9674,geometria,semana_10_proporcionalidad_de_segmentos,Geometria,Proporcionalidad de Segmentos,56,True
9675,geometria,semana_10_proporcionalidad_de_segmentos,Geometria,Proporcionalidad de Segmentos,56,True
9676,geometria,semana_10_proporcionalidad_de_segmentos,Geometria,Proporcionalidad de Segmentos,56,True
9677,geometria,semana_10_proporcionalidad_de_segmentos,Geometria,Proporcionalidad de Segmentos,56,True
9678,geometria,semana_10_proporcionalidad_de_segmentos,Geometria,Proporcionalidad de Segmentos,56,True
9679,geometria,semana_10_proporcionalidad_de_segmentos,Geometria,Proporcionalidad de Segmentos,56,True
9680,geometria,semana_10_proporcionalidad_de_segmentos,Geometria,Proporcionalidad de Segmentos,56,True
9681,geometria,semana_10_proporcionalidad_de_segmentos,Geometria,Proporcionalidad de Segmentos,56,True
9682,geometria,semana_10_proporcionalidad_de_segmentos,Geometria,Proporcionalidad de Segmentos,56,True
9683,geometria,semana_10_proporcionalidad_de_segmentos,Geometria,Proporcionalidad de Segmentos,56,True
9684,geometria,semana_10_proporcionalidad_de_segmentos,Geometria,Proporcionalidad de Segmentos,56,True
9685,geometria,semana_10_proporcionalidad_de_segmentos,Geometria,Proporcionalidad de Segmentos,56,True
9686,geometria,semana_10_proporcionalidad_de_segmentos,Geometria,Proporcionalidad de Segmentos,56,True
9687,geometria,semana_10_proporcionalidad_de_segmentos,Geometria,Proporcionalidad de Segmentos,56,True
9688,geometria,semana_10_proporcionalidad_de_segmentos,Geometria,Proporcionalidad de Segmentos,56,True
9689,geometria,semana_10_proporcionalidad_de_segmentos,Geometria,Proporcionalidad de Segmentos,56,True
9690,geometria,semana_10_proporcionalidad_de_segmentos,Geometria,Proporcionalidad de Segmentos,56,True
9691,geometria,semana_11_semejanza_de_tri_ngulos,Geometria,Semejanza de Triangulos,62,True
9692,geometria,semana_11_semejanza_de_tri_ngulos,Geometria,Semejanza de Triangulos,62,True
9693,geometria,semana_11_semejanza_de_tri_ngulos,Geometria,Semejanza de Triangulos,62,True
9694,geometria,semana_11_semejanza_de_tri_ngulos,Geometria,Semejanza de Triangulos,62,True
9695,geometria,semana_11_semejanza_de_tri_ngulos,Geometria,Semejanza de Triangulos,62,True
9696,geometria,semana_11_semejanza_de_tri_ngulos,Geometria,Semejanza de Triangulos,62,True
9697,geometria,semana_11_semejanza_de_tri_ngulos,Geometria,Semejanza de Triangulos,62,True
9698,geometria,semana_11_semejanza_de_tri_ngulos,Geometria,Semejanza de Triangulos,62,True
9699,geometria,semana_11_semejanza_de_tri_ngulos,Geometria,Semejanza de Triangulos,62,True
9700,geometria,semana_11_semejanza_de_tri_ngulos,Geometria,Semejanza de Triangulos,62,True
9701,geometria,semana_11_semejanza_de_tri_ngulos,Geometria,Semejanza de Triangulos,62,True
9702,geometria,semana_11_semejanza_de_tri_ngulos,Geometria,Semejanza de Triangulos,62,True
9703,geometria,semana_11_semejanza_de_tri_ngulos,Geometria,Semejanza de Triangulos,62,True
9704,geometria,semana_11_semejanza_de_tri_ngulos,Geometria,Semejanza de Triangulos,62,True
9705,geometria,semana_11_semejanza_de_tri_ngulos,Geometria,Semejanza de Triangulos,62,True
9706,geometria,semana_11_semejanza_de_tri_ngulos,Geometria,Semejanza de Triangulos,62,True
9707,geometria,semana_11_semejanza_de_tri_ngulos,Geometria,Semejanza de Triangulos,62,True
9708,geometria,semana_11_semejanza_de_tri_ngulos,Geometria,Semejanza de Triangulos,62,True
9709,geometria,semana_11_semejanza_de_tri_ngulos,Geometria,Semejanza de Triangulos,62,True
9710,geometria,semana_11_semejanza_de_tri_ngulos,Geometria,Semejanza de Triangulos,62,True
9711,geometria,semana_11_semejanza_de_tri_ngulos,Geometria,Semejanza de Triangulos,62,True
9712,geometria,semana_11_semejanza_de_tri_ngulos,Geometria,Semejanza de Triangulos,62,True
9713,geometria,semana_11_semejanza_de_tri_ngulos,Geometria,Semejanza de Triangulos,62,True
9714,geometria,semana_11_semejanza_de_tri_ngulos,Geometria,Semejanza de Triangulos,62,True
9715,geometria,semana_11_semejanza_de_tri_ngulos,Geometria,Semejanza de Triangulos,62,True
9716,geometria,semana_11_semejanza_de_tri_ngulos,Geometria,Semejanza de Triangulos,62,True
9717,geometria,semana_11_semejanza_de_tri_ngulos,Geometria,Semejanza de Triangulos,62,True
9718,geometria,semana_11_semejanza_de_tri_ngulos,Geometria,Semejanza de Triangulos,62,True
9719,geometria,semana_11_semejanza_de_tri_ngulos,Geometria,Semejanza de Triangulos,62,True
9720,geometria,semana_11_semejanza_de_tri_ngulos,Geometria,Semejanza de Triangulos,62,True
9721,geometria,semana_12_puntos_notables,Geometria,Lineas Notables,51,True
9722,geometria,semana_12_puntos_notables,Geometria,Lineas Notables,51,True
9723,geometria,semana_12_puntos_notables,Geometria,Lineas Notables,51,True
9725,geometria,semana_12_puntos_notables,Geometria,Lineas Notables,51,True
9726,geometria,semana_12_puntos_notables,Geometria,Lineas Notables,51,True
9727,geometria,semana_12_puntos_notables,Geometria,Lineas Notables,51,True
9728,geometria,semana_12_puntos_notables,Geometria,Lineas Notables,51,True
9729,geometria,semana_12_puntos_notables,Geometria,Lineas Notables,51,True
9730,geometria,semana_12_puntos_notables,Geometria,Lineas Notables,51,True
9731,geometria,semana_12_puntos_notables,Geometria,Lineas Notables,51,True
9732,geometria,semana_12_puntos_notables,Geometria,Lineas Notables,51,True
9733,geometria,semana_12_puntos_notables,Geometria,Lineas Notables,51,True
9734,geometria,semana_12_puntos_notables,Geometria,Lineas Notables,51,True
9735,geometria,semana_12_puntos_notables,Geometria,Lineas Notables,51,True
9736,geometria,semana_12_puntos_notables,Geometria,Lineas Notables,51,True
9737,geometria,semana_12_puntos_notables,Geometria,Lineas Notables,51,True
9738,geometria,semana_12_puntos_notables,Geometria,Lineas Notables,51,True
9739,geometria,semana_12_puntos_notables,Geometria,Lineas Notables,51,True
9740,geometria,semana_12_puntos_notables,Geometria,Lineas Notables,51,True
9741,geometria,semana_12_puntos_notables,Geometria,Lineas Notables,51,True
9742,geometria,semana_12_puntos_notables,Geometria,Lineas Notables,51,True
9743,geometria,semana_12_puntos_notables,Geometria,Lineas Notables,51,True
9744,geometria,semana_12_puntos_notables,Geometria,Lineas Notables,51,True
9745,geometria,semana_12_puntos_notables,Geometria,Lineas Notables,51,True
9746,geometria,semana_12_puntos_notables,Geometria,Lineas Notables,51,True
9747,geometria,semana_12_puntos_notables,Geometria,Lineas Notables,51,True
9748,geometria,semana_12_puntos_notables,Geometria,Lineas Notables,51,True
9749,geometria,semana_12_puntos_notables,Geometria,Lineas Notables,51,True
9750,geometria,semana_12_puntos_notables,Geometria,Lineas Notables,51,True
9751,geometria,semana_12_puntos_notables,Geometria,Lineas Notables,51,True
9752,geometria,semana_13_relaciones_m_tricas,Geometria,Relaciones Metricas,58,True
9753,geometria,semana_13_relaciones_m_tricas,Geometria,Relaciones Metricas,58,True
9754,geometria,semana_13_relaciones_m_tricas,Geometria,Relaciones Metricas,58,True
9755,geometria,semana_13_relaciones_m_tricas,Geometria,Relaciones Metricas,58,True
9756,geometria,semana_13_relaciones_m_tricas,Geometria,Relaciones Metricas,58,True
9757,geometria,semana_13_relaciones_m_tricas,Geometria,Relaciones Metricas,58,True
9758,geometria,semana_13_relaciones_m_tricas,Geometria,Relaciones Metricas,58,True
9759,geometria,semana_13_relaciones_m_tricas,Geometria,Relaciones Metricas,58,True
9760,geometria,semana_13_relaciones_m_tricas,Geometria,Relaciones Metricas,58,True
9761,geometria,semana_13_relaciones_m_tricas,Geometria,Relaciones Metricas,58,True
9762,geometria,semana_13_relaciones_m_tricas,Geometria,Relaciones Metricas,58,True
9763,geometria,semana_13_relaciones_m_tricas,Geometria,Relaciones Metricas,58,True
9764,geometria,semana_13_relaciones_m_tricas,Geometria,Relaciones Metricas,58,True
9765,geometria,semana_13_relaciones_m_tricas,Geometria,Relaciones Metricas,58,True
9766,geometria,semana_13_relaciones_m_tricas,Geometria,Relaciones Metricas,58,True
9767,geometria,semana_13_relaciones_m_tricas,Geometria,Relaciones Metricas,58,True
9768,geometria,semana_13_relaciones_m_tricas,Geometria,Relaciones Metricas,58,True
9769,geometria,semana_13_relaciones_m_tricas,Geometria,Relaciones Metricas,58,True
9770,geometria,semana_13_relaciones_m_tricas,Geometria,Relaciones Metricas,58,True
9771,geometria,semana_13_relaciones_m_tricas,Geometria,Relaciones Metricas,58,True
9772,geometria,semana_13_relaciones_m_tricas,Geometria,Relaciones Metricas,58,True
9773,geometria,semana_13_relaciones_m_tricas,Geometria,Relaciones Metricas,58,True
9774,geometria,semana_13_relaciones_m_tricas,Geometria,Relaciones Metricas,58,True
9775,geometria,semana_13_relaciones_m_tricas,Geometria,Relaciones Metricas,58,True
9776,geometria,semana_13_relaciones_m_tricas,Geometria,Relaciones Metricas,58,True
9777,geometria,semana_13_relaciones_m_tricas,Geometria,Relaciones Metricas,58,True
9778,geometria,semana_13_relaciones_m_tricas,Geometria,Relaciones Metricas,58,True
9779,geometria,semana_13_relaciones_m_tricas,Geometria,Relaciones Metricas,58,True
9780,geometria,semana_13_relaciones_m_tricas,Geometria,Relaciones Metricas,58,True
9781,geometria,semana_13_relaciones_m_tricas,Geometria,Relaciones Metricas,58,True
9783,geometria,semana_14_relaciones_m_tricas_entre_ngulos_y_pol_gonos,Geometria,Relaciones Metricas,58,True
9784,geometria,semana_14_relaciones_m_tricas_entre_ngulos_y_pol_gonos,Geometria,Relaciones Metricas,58,True
9785,geometria,semana_14_relaciones_m_tricas_entre_ngulos_y_pol_gonos,Geometria,Relaciones Metricas,58,True
9786,geometria,semana_14_relaciones_m_tricas_entre_ngulos_y_pol_gonos,Geometria,Relaciones Metricas,58,True
9787,geometria,semana_14_relaciones_m_tricas_entre_ngulos_y_pol_gonos,Geometria,Relaciones Metricas,58,True
9788,geometria,semana_14_relaciones_m_tricas_entre_ngulos_y_pol_gonos,Geometria,Relaciones Metricas,58,True
9789,geometria,semana_14_relaciones_m_tricas_entre_ngulos_y_pol_gonos,Geometria,Relaciones Metricas,58,True
9790,geometria,semana_14_relaciones_m_tricas_entre_ngulos_y_pol_gonos,Geometria,Relaciones Metricas,58,True
9791,geometria,semana_14_relaciones_m_tricas_entre_ngulos_y_pol_gonos,Geometria,Relaciones Metricas,58,True
9792,geometria,semana_14_relaciones_m_tricas_entre_ngulos_y_pol_gonos,Geometria,Relaciones Metricas,58,True
9793,geometria,semana_14_relaciones_m_tricas_entre_ngulos_y_pol_gonos,Geometria,Relaciones Metricas,58,True
9794,geometria,semana_14_relaciones_m_tricas_entre_ngulos_y_pol_gonos,Geometria,Relaciones Metricas,58,True
9795,geometria,semana_14_relaciones_m_tricas_entre_ngulos_y_pol_gonos,Geometria,Relaciones Metricas,58,True
9796,geometria,semana_14_relaciones_m_tricas_entre_ngulos_y_pol_gonos,Geometria,Relaciones Metricas,58,True
9797,geometria,semana_14_relaciones_m_tricas_entre_ngulos_y_pol_gonos,Geometria,Relaciones Metricas,58,True
9798,geometria,semana_14_relaciones_m_tricas_entre_ngulos_y_pol_gonos,Geometria,Relaciones Metricas,58,True
9799,geometria,semana_14_relaciones_m_tricas_entre_ngulos_y_pol_gonos,Geometria,Relaciones Metricas,58,True
9800,geometria,semana_14_relaciones_m_tricas_entre_ngulos_y_pol_gonos,Geometria,Relaciones Metricas,58,True
9801,geometria,semana_14_relaciones_m_tricas_entre_ngulos_y_pol_gonos,Geometria,Relaciones Metricas,58,True
9802,geometria,semana_14_relaciones_m_tricas_entre_ngulos_y_pol_gonos,Geometria,Relaciones Metricas,58,True
9803,geometria,semana_14_relaciones_m_tricas_entre_ngulos_y_pol_gonos,Geometria,Relaciones Metricas,58,True
9804,geometria,semana_14_relaciones_m_tricas_entre_ngulos_y_pol_gonos,Geometria,Relaciones Metricas,58,True
9805,geometria,semana_14_relaciones_m_tricas_entre_ngulos_y_pol_gonos,Geometria,Relaciones Metricas,58,True
9806,geometria,semana_14_relaciones_m_tricas_entre_ngulos_y_pol_gonos,Geometria,Relaciones Metricas,58,True
9807,geometria,semana_14_relaciones_m_tricas_entre_ngulos_y_pol_gonos,Geometria,Relaciones Metricas,58,True
9808,geometria,semana_14_relaciones_m_tricas_entre_ngulos_y_pol_gonos,Geometria,Relaciones Metricas,58,True
9809,geometria,semana_14_relaciones_m_tricas_entre_ngulos_y_pol_gonos,Geometria,Relaciones Metricas,58,True
9810,geometria,semana_14_relaciones_m_tricas_entre_ngulos_y_pol_gonos,Geometria,Relaciones Metricas,58,True
9811,geometria,semana_14_relaciones_m_tricas_entre_ngulos_y_pol_gonos,Geometria,Relaciones Metricas,58,True
9812,geometria,semana_14_relaciones_m_tricas_entre_ngulos_y_pol_gonos,Geometria,Relaciones Metricas,58,True
9813,geometria,semana_15_pol_gonos_regulares,Geometria,Poligonos Regulares,54,True
9814,geometria,semana_15_pol_gonos_regulares,Geometria,Poligonos Regulares,54,True
9815,geometria,semana_15_pol_gonos_regulares,Geometria,Poligonos Regulares,54,True
9817,geometria,semana_15_pol_gonos_regulares,Geometria,Poligonos Regulares,54,True
9818,geometria,semana_15_pol_gonos_regulares,Geometria,Poligonos Regulares,54,True
9819,geometria,semana_15_pol_gonos_regulares,Geometria,Poligonos Regulares,54,True
9820,geometria,semana_15_pol_gonos_regulares,Geometria,Poligonos Regulares,54,True
9821,geometria,semana_15_pol_gonos_regulares,Geometria,Poligonos Regulares,54,True
9822,geometria,semana_15_pol_gonos_regulares,Geometria,Poligonos Regulares,54,True
9823,geometria,semana_15_pol_gonos_regulares,Geometria,Poligonos Regulares,54,True
9824,geometria,semana_15_pol_gonos_regulares,Geometria,Poligonos Regulares,54,True
9825,geometria,semana_15_pol_gonos_regulares,Geometria,Poligonos Regulares,54,True
9826,geometria,semana_15_pol_gonos_regulares,Geometria,Poligonos Regulares,54,True
9827,geometria,semana_15_pol_gonos_regulares,Geometria,Poligonos Regulares,54,True
9828,geometria,semana_15_pol_gonos_regulares,Geometria,Poligonos Regulares,54,True
9829,geometria,semana_15_pol_gonos_regulares,Geometria,Poligonos Regulares,54,True
9830,geometria,semana_15_pol_gonos_regulares,Geometria,Poligonos Regulares,54,True
9831,geometria,semana_15_pol_gonos_regulares,Geometria,Poligonos Regulares,54,True
9832,geometria,semana_15_pol_gonos_regulares,Geometria,Poligonos Regulares,54,True
9833,geometria,semana_15_pol_gonos_regulares,Geometria,Poligonos Regulares,54,True
9834,geometria,semana_15_pol_gonos_regulares,Geometria,Poligonos Regulares,54,True
9835,geometria,semana_15_pol_gonos_regulares,Geometria,Poligonos Regulares,54,True
9836,geometria,semana_15_pol_gonos_regulares,Geometria,Poligonos Regulares,54,True
9837,geometria,semana_15_pol_gonos_regulares,Geometria,Poligonos Regulares,54,True
9838,geometria,semana_15_pol_gonos_regulares,Geometria,Poligonos Regulares,54,True
9839,geometria,semana_15_pol_gonos_regulares,Geometria,Poligonos Regulares,54,True
9840,geometria,semana_15_pol_gonos_regulares,Geometria,Poligonos Regulares,54,True
9841,geometria,semana_15_pol_gonos_regulares,Geometria,Poligonos Regulares,54,True
9842,geometria,semana_15_pol_gonos_regulares,Geometria,Poligonos Regulares,54,True
9843,geometria,semana_3_congruencia_de_tri_ngulos,Geometria,Congruencia de Triangulos,47,True
9844,geometria,semana_5_cuadril_teros_1,Geometria,Cuadrilateros,49,True
9845,geometria,semana_1_tri_ngulos,Geometria,Triangulos,64,True
9846,geometria,semana_1_tri_ngulos,Geometria,Triangulos,64,True
9847,geometria,semana_1_tri_ngulos,Geometria,Triangulos,64,True
9848,geometria,semana_1_tri_ngulos,Geometria,Triangulos,64,True
9849,geometria,semana_1_tri_ngulos,Geometria,Triangulos,64,True
9850,geometria,semana_1_tri_ngulos,Geometria,Triangulos,64,True
9851,geometria,semana_1_tri_ngulos,Geometria,Triangulos,64,True
9852,geometria,semana_1_tri_ngulos,Geometria,Triangulos,64,True
9853,geometria,semana_1_tri_ngulos,Geometria,Triangulos,64,True
9854,geometria,semana_2_l_neas_notables_asociadas_al_tri_ngulo,Geometria,Lineas Notables,51,True
9858,Geometria,triangulo,Geometria,Triangulos,64,True
9859,Geometria,triangulo,Geometria,Triangulos,64,True
9861,Geometria,triangulo,Geometria,Triangulos,64,True
9863,geometria,semana_2_l_neas_notables_asociadas_al_tri_ngulo,Geometria,Lineas Notables,51,True
9865,geometria,semana_2_l_neas_notables_asociadas_al_tri_ngulo,Geometria,Lineas Notables,51,True
9866,geometria,semana_3_congruencia_de_tri_ngulos,Geometria,Congruencia de Triangulos,47,True
9867,geometria,triangulo,Geometria,Triangulos,64,True
9868,geometria,semana_4_aplicaciones_de_congruencia,Geometria,Aplicaciones de Congruencia,40,True
9869,geometria,semana_4_aplicaciones_de_congruencia,Geometria,Aplicaciones de Congruencia,40,True
9870,geometria,semana_4_aplicaciones_de_congruencia,Geometria,Aplicaciones de Congruencia,40,True
9871,geometria,semana_4_aplicaciones_de_congruencia,Geometria,Aplicaciones de Congruencia,40,True
9872,geometria,semana_4_aplicaciones_de_congruencia,Geometria,Aplicaciones de Congruencia,40,True
9873,geometria,semana_4_aplicaciones_de_congruencia,Geometria,Aplicaciones de Congruencia,40,True
9874,geometria,semana_4_aplicaciones_de_congruencia,Geometria,Aplicaciones de Congruencia,40,True
9875,geometria,semana_4_aplicaciones_de_congruencia,Geometria,Aplicaciones de Congruencia,40,True
9876,geometria,semana_4_aplicaciones_de_congruencia,Geometria,Aplicaciones de Congruencia,40,True
9877,geometria,semana_4_aplicaciones_de_congruencia,Geometria,Aplicaciones de Congruencia,40,True
9879,geometria,semana_5_cuadril_teros_1,Geometria,Cuadrilateros,49,True
9880,geometria,semana_5_cuadril_teros_1,Geometria,Cuadrilateros,49,True
9881,geometria,semana_5_cuadril_teros_1,Geometria,Cuadrilateros,49,True
9882,geometria,semana_5_cuadril_teros_1,Geometria,Cuadrilateros,49,True
9883,geometria,semana_5_cuadril_teros_1,Geometria,Cuadrilateros,49,True
9884,geometria,semana_5_cuadril_teros_1,Geometria,Cuadrilateros,49,True
9885,geometria,semana_5_cuadril_teros_1,Geometria,Cuadrilateros,49,True
9886,geometria,semana_5_cuadril_teros_1,Geometria,Cuadrilateros,49,True
9887,geometria,semana_8_circunferencia,Geometria,Circunferencias,45,True
9888,geometria,semana_6_cuadril_teros_2,Geometria,Cuadrilateros,49,True
9889,geometria,semana_6_cuadril_teros_2,Geometria,Cuadrilateros,49,True
9890,geometria,semana_6_cuadril_teros_2,Geometria,Cuadrilateros,49,True
9891,geometria,semana_6_cuadril_teros_2,Geometria,Cuadrilateros,49,True
9892,geometria,semana_6_cuadril_teros_2,Geometria,Cuadrilateros,49,True
9893,geometria,semana_6_cuadril_teros_2,Geometria,Cuadrilateros,49,True
9894,geometria,semana_6_cuadril_teros_2,Geometria,Cuadrilateros,49,True
9895,geometria,semana_6_cuadril_teros_2,Geometria,Cuadrilateros,49,True
9896,geometria,semana_6_cuadril_teros_2,Geometria,Cuadrilateros,49,True
9900,geometria,semana_7_pol_gonos,Geometria,Poligonos,53,True
9901,geometria,semana_7_pol_gonos,Geometria,Poligonos,53,True
9902,geometria,semana_7_pol_gonos,Geometria,Poligonos,53,True
9903,geometria,semana_7_pol_gonos,Geometria,Poligonos,53,True
9904,geometria,semana_7_pol_gonos,Geometria,Poligonos,53,True
9905,geometria,semana_7_pol_gonos,Geometria,Poligonos,53,True
9906,geometria,semana_7_pol_gonos,Geometria,Poligonos,53,True
9907,geometria,semana_7_pol_gonos,Geometria,Poligonos,53,True
9908,geometria,semana_7_pol_gonos,Geometria,Poligonos,53,True
9909,geometria,semana_8_circunferencia,Geometria,Circunferencias,45,True
9910,geometria,semana_8_circunferencia,Geometria,Circunferencias,45,True
9911,geometria,semana_8_circunferencia,Geometria,Circunferencias,45,True
9912,geometria,semana_8_circunferencia,Geometria,Circunferencias,45,True
9913,geometria,semana_8_circunferencia,Geometria,Circunferencias,45,True
9914,geometria,semana_8_circunferencia,Geometria,Circunferencias,45,True
9915,geometria,semana_8_circunferencia,Geometria,Circunferencias,45,True
9916,geometria,semana_8_circunferencia,Geometria,Circunferencias,45,True
9917,geometria,semana_8_circunferencia,Geometria,Circunferencias,45,True
9918,geometria,semana_8_circunferencia,Geometria,Circunferencias,45,True
9919,geometria,semana_9_circunferencia_2,Geometria,Circunferencias,45,True
9920,geometria,semana_9_circunferencia_2,Geometria,Circunferencias,45,True
9921,geometria,semana_9_circunferencia_2,Geometria,Circunferencias,45,True
9922,geometria,semana_9_circunferencia_2,Geometria,Circunferencias,45,True
9923,geometria,semana_9_circunferencia_2,Geometria,Circunferencias,45,True
9924,geometria,semana_9_circunferencia_2,Geometria,Circunferencias,45,True
9925,geometria,semana_9_circunferencia_2,Geometria,Circunferencias,45,True
9926,geometria,semana_9_circunferencia_2,Geometria,Circunferencias,45,True
9927,geometria,semana_9_circunferencia_2,Geometria,Circunferencias,45,True
9928,geometria,semana_9_circunferencia_2,Geometria,Circunferencias,45,True
9929,geometria,semana_10_proporcionalidad_de_segmentos,Geometria,Proporcionalidad de Segmentos,56,True
9930,geometria,semana_10_proporcionalidad_de_segmentos,Geometria,Proporcionalidad de Segmentos,56,True
9931,geometria,semana_10_proporcionalidad_de_segmentos,Geometria,Proporcionalidad de Segmentos,56,True
9932,geometria,semana_10_proporcionalidad_de_segmentos,Geometria,Proporcionalidad de Segmentos,56,True
9933,geometria,semana_10_proporcionalidad_de_segmentos,Geometria,Proporcionalidad de Segmentos,56,True
9934,geometria,semana_10_proporcionalidad_de_segmentos,Geometria,Proporcionalidad de Segmentos,56,True
9935,geometria,semana_10_proporcionalidad_de_segmentos,Geometria,Proporcionalidad de Segmentos,56,True
9936,geometria,semana_10_proporcionalidad_de_segmentos,Geometria,Proporcionalidad de Segmentos,56,True
9937,geometria,semana_10_proporcionalidad_de_segmentos,Geometria,Proporcionalidad de Segmentos,56,True
9938,geometria,semana_10_proporcionalidad_de_segmentos,Geometria,Proporcionalidad de Segmentos,56,True
9939,geometria,semana_10_proporcionalidad_de_segmentos,Geometria,Proporcionalidad de Segmentos,56,True
9940,geometria,semana_10_proporcionalidad_de_segmentos,Geometria,Proporcionalidad de Segmentos,56,True
9942,geometria,semana_11_semejanza_de_tri_ngulos,Geometria,Semejanza de Triangulos,62,True
9943,geometria,semana_11_semejanza_de_tri_ngulos,Geometria,Semejanza de Triangulos,62,True
9944,geometria,semana_11_semejanza_de_tri_ngulos,Geometria,Semejanza de Triangulos,62,True
9945,geometria,semana_11_semejanza_de_tri_ngulos,Geometria,Semejanza de Triangulos,62,True
9946,geometria,semana_11_semejanza_de_tri_ngulos,Geometria,Semejanza de Triangulos,62,True
9947,geometria,semana_11_semejanza_de_tri_ngulos,Geometria,Semejanza de Triangulos,62,True
9948,geometria,semana_11_semejanza_de_tri_ngulos,Geometria,Semejanza de Triangulos,62,True
9949,geometria,semana_11_semejanza_de_tri_ngulos,Geometria,Semejanza de Triangulos,62,True
9950,geometria,semana_11_semejanza_de_tri_ngulos,Geometria,Semejanza de Triangulos,62,True
9951,geometria,semana_11_semejanza_de_tri_ngulos,Geometria,Semejanza de Triangulos,62,True
9952,geometria,semana_12_puntos_notables,Geometria,Lineas Notables,51,True
9953,geometria,semana_12_puntos_notables,Geometria,Lineas Notables,51,True
9954,geometria,semana_12_puntos_notables,Geometria,Lineas Notables,51,True
9955,geometria,semana_12_puntos_notables,Geometria,Lineas Notables,51,True
9956,geometria,semana_12_puntos_notables,Geometria,Lineas Notables,51,True
9957,geometria,semana_12_puntos_notables,Geometria,Lineas Notables,51,True
9958,geometria,semana_12_puntos_notables,Geometria,Lineas Notables,51,True
9959,geometria,semana_12_puntos_notables,Geometria,Lineas Notables,51,True
9960,geometria,semana_12_puntos_notables,Geometria,Lineas Notables,51,True
9961,geometria,semana_12_puntos_notables,Geometria,Lineas Notables,51,True
9962,geometria,semana_12_puntos_notables,Geometria,Lineas Notables,51,True
9963,geometria,semana_13_relaciones_m_tricas,Geometria,Relaciones Metricas,58,True
9964,geometria,semana_13_relaciones_m_tricas,Geometria,Relaciones Metricas,58,True
9965,geometria,semana_13_relaciones_m_tricas,Geometria,Relaciones Metricas,58,True
9966,geometria,semana_13_relaciones_m_tricas,Geometria,Relaciones Metricas,58,True
9967,geometria,semana_13_relaciones_m_tricas,Geometria,Relaciones Metricas,58,True
9968,geometria,semana_13_relaciones_m_tricas,Geometria,Relaciones Metricas,58,True
9969,geometria,semana_13_relaciones_m_tricas,Geometria,Relaciones Metricas,58,True
9970,geometria,semana_13_relaciones_m_tricas,Geometria,Relaciones Metricas,58,True
9971,geometria,semana_13_relaciones_m_tricas,Geometria,Relaciones Metricas,58,True
9972,geometria,semana_13_relaciones_m_tricas,Geometria,Relaciones Metricas,58,True
9973,geometria,semana_14_relaciones_m_tricas_entre_ngulos_y_pol_gonos,Geometria,Relaciones Metricas,58,True
9974,geometria,semana_14_relaciones_m_tricas_entre_ngulos_y_pol_gonos,Geometria,Relaciones Metricas,58,True
9975,geometria,semana_14_relaciones_m_tricas_entre_ngulos_y_pol_gonos,Geometria,Relaciones Metricas,58,True
9976,geometria,semana_14_relaciones_m_tricas_entre_ngulos_y_pol_gonos,Geometria,Relaciones Metricas,58,True
9977,geometria,semana_14_relaciones_m_tricas_entre_ngulos_y_pol_gonos,Geometria,Relaciones Metricas,58,True
9978,geometria,semana_14_relaciones_m_tricas_entre_ngulos_y_pol_gonos,Geometria,Relaciones Metricas,58,True
9979,geometria,semana_14_relaciones_m_tricas_entre_ngulos_y_pol_gonos,Geometria,Relaciones Metricas,58,True
9980,geometria,semana_14_relaciones_m_tricas_entre_ngulos_y_pol_gonos,Geometria,Relaciones Metricas,58,True
9981,geometria,semana_14_relaciones_m_tricas_entre_ngulos_y_pol_gonos,Geometria,Relaciones Metricas,58,True
9982,geometria,semana_14_relaciones_m_tricas_entre_ngulos_y_pol_gonos,Geometria,Relaciones Metricas,58,True
9983,geometria,semana_14_relaciones_m_tricas_entre_ngulos_y_pol_gonos,Geometria,Relaciones Metricas,58,True
9984,geometria,semana_14_relaciones_m_tricas_entre_ngulos_y_pol_gonos,Geometria,Relaciones Metricas,58,True
9985,geometria,semana_14_relaciones_m_tricas_entre_ngulos_y_pol_gonos,Geometria,Relaciones Metricas,58,True
9986,geometria,semana_14_relaciones_m_tricas_entre_ngulos_y_pol_gonos,Geometria,Relaciones Metricas,58,True
9987,geometria,semana_15_pol_gonos_regulares,Geometria,Poligonos Regulares,54,True
9988,geometria,semana_15_pol_gonos_regulares,Geometria,Poligonos Regulares,54,True
9989,geometria,semana_15_pol_gonos_regulares,Geometria,Poligonos Regulares,54,True
9990,geometria,semana_15_pol_gonos_regulares,Geometria,Poligonos Regulares,54,True
9991,geometria,semana_15_pol_gonos_regulares,Geometria,Poligonos Regulares,54,True
9992,geometria,semana_15_pol_gonos_regulares,Geometria,Poligonos Regulares,54,True
9993,geometria,semana_15_pol_gonos_regulares,Geometria,Poligonos Regulares,54,True
9994,geometria,semana_15_pol_gonos_regulares,Geometria,Poligonos Regulares,54,True
9995,geometria,semana_15_pol_gonos_regulares,Geometria,Poligonos Regulares,54,True
9996,geometria,semana_15_pol_gonos_regulares,Geometria,Poligonos Regulares,54,True
9997,geometria,semana_15_pol_gonos_regulares,Geometria,Poligonos Regulares,54,True
10001,geometria,semana_17_relaciones_de_reas,Geometria,Areas de Regiones,41,True
10010,geometria,semana_9_circunferencia_2,Geometria,Circunferencias,45,True
10011,geometria,semana_1_tri_ngulos,Geometria,Triangulos,64,True
10012,geometria,semana_5_cuadril_teros_1,Geometria,Cuadrilateros,49,True
10013,geometria,semana_7_pol_gonos,Geometria,Poligonos,53,True
10014,geometria,semana_8_circunferencia,Geometria,Circunferencias,45,True
10015,Álgebra,Ecuaciones de primer grado,Algebra,Ecuaciones Lineales,9,True
10016,Álgebra,Ecuaciones de primer grado,Algebra,Ecuaciones Lineales,9,True
10017,Álgebra,Ecuaciones de primer grado,Algebra,Ecuaciones Lineales,9,True
10018,Álgebra,Ecuaciones de primer grado,Algebra,Ecuaciones Lineales,9,True
10019,Álgebra,Ecuaciones de primer grado,Algebra,Ecuaciones Lineales,9,True
10020,Álgebra,Ecuaciones de primer grado,Algebra,Ecuaciones Lineales,9,True
10021,Álgebra,Ecuaciones de primer grado,Algebra,Ecuaciones Lineales,9,True
10022,Álgebra,Ecuaciones de primer grado,Algebra,Ecuaciones Lineales,9,True
10023,Álgebra,Ecuaciones de primer grado,Algebra,Ecuaciones Lineales,9,True
10024,Álgebra,Ecuaciones de primer grado,Algebra,Ecuaciones Lineales,9,True
10025,Álgebra,Ecuaciones de primer grado,Algebra,Ecuaciones Lineales,9,True
10026,Álgebra,Ecuaciones de primer grado,Algebra,Ecuaciones Lineales,9,True
10027,Álgebra,Ecuaciones de primer grado,Algebra,Ecuaciones Lineales,9,True
10028,Álgebra,Ecuaciones de primer grado,Algebra,Ecuaciones Lineales,9,True
10029,Álgebra,Ecuaciones de primer grado,Algebra,Ecuaciones Lineales,9,True
10030,Álgebra,Ecuaciones de primer grado,Algebra,Ecuaciones Lineales,9,True
10031,Álgebra,Ecuaciones de primer grado,Algebra,Ecuaciones Lineales,9,True
10032,Álgebra,Ecuaciones de primer grado,Algebra,Ecuaciones Lineales,9,True
10033,Álgebra,Ecuaciones de primer grado,Algebra,Ecuaciones Lineales,9,True
10034,Álgebra,Ecuaciones de primer grado,Algebra,Ecuaciones Lineales,9,True
10035,Álgebra,Ecuaciones de primer y segundo grado,Algebra,Ecuaciones Cuadraticas,7,True
10036,Álgebra,Ecuaciones de primer y segundo grado,Algebra,Ecuaciones Cuadraticas,7,True
10037,Álgebra,Ecuaciones de primer y segundo grado,Algebra,Ecuaciones Cuadraticas,7,True
10038,Álgebra,Ecuaciones de primer y segundo grado,Algebra,Ecuaciones Cuadraticas,7,True
10039,Álgebra,Ecuaciones de primer y segundo grado,Algebra,Ecuaciones Cuadraticas,7,True
10040,Álgebra,Ecuaciones de primer y segundo grado,Algebra,Ecuaciones Cuadraticas,7,True
10041,Álgebra,Ecuaciones de primer y segundo grado,Algebra,Ecuaciones Cuadraticas,7,True
10042,Álgebra,Ecuaciones de primer y segundo grado,Algebra,Ecuaciones Cuadraticas,7,True
10043,Álgebra,Ecuaciones de primer y segundo grado,Algebra,Ecuaciones Cuadraticas,7,True
10044,Álgebra,Ecuaciones de primer y segundo grado,Algebra,Ecuaciones Cuadraticas,7,True
10045,Álgebra,Ecuaciones de primer y segundo grado,Algebra,Ecuaciones Cuadraticas,7,True
10046,Álgebra,Ecuaciones de primer y segundo grado,Algebra,Ecuaciones Cuadraticas,7,True
10047,Álgebra,Ecuaciones de primer y segundo grado,Algebra,Ecuaciones Cuadraticas,7,True
10048,Álgebra,Ecuaciones de primer y segundo grado,Algebra,Ecuaciones Cuadraticas,7,True
10049,Álgebra,Ecuaciones de primer y segundo grado,Algebra,Ecuaciones Cuadraticas,7,True
10050,Álgebra,Ecuaciones de primer y segundo grado,Algebra,Ecuaciones Cuadraticas,7,True
10051,Álgebra,Ecuaciones de primer y segundo grado,Algebra,Ecuaciones Cuadraticas,7,True
10052,Álgebra,Ecuaciones de primer y segundo grado,Algebra,Ecuaciones Cuadraticas,7,True
10053,Álgebra,Ecuaciones de primer y segundo grado,Algebra,Ecuaciones Cuadraticas,7,True
10054,Álgebra,Ecuaciones de primer y segundo grado,Algebra,Ecuaciones Cuadraticas,7,True
10055,Álgebra,Ecuaciones de primer y segundo grado,Algebra,Ecuaciones Cuadraticas,7,True
10056,Álgebra,Ecuaciones de primer y segundo grado,Algebra,Ecuaciones Cuadraticas,7,True
10057,Álgebra,Ecuaciones de primer y segundo grado,Algebra,Ecuaciones Cuadraticas,7,True
10058,Álgebra,Ecuaciones de primer y segundo grado,Algebra,Ecuaciones Cuadraticas,7,True
10059,Álgebra,Ecuaciones de primer y segundo grado,Algebra,Ecuaciones Cuadraticas,7,True
10060,Álgebra,Ecuaciones de primer y segundo grado,Algebra,Ecuaciones Cuadraticas,7,True
10061,Álgebra,Ecuaciones de primer y segundo grado,Algebra,Ecuaciones Cuadraticas,7,True
10062,Álgebra,Ecuaciones de primer y segundo grado,Algebra,Ecuaciones Cuadraticas,7,True
10063,Álgebra,Ecuaciones de primer y segundo grado,Algebra,Ecuaciones Cuadraticas,7,True
10064,Álgebra,Ecuaciones de primer y segundo grado,Algebra,Ecuaciones Cuadraticas,7,True
10065,Álgebra,Ecuaciones de primer y segundo grado,Algebra,Ecuaciones Cuadraticas,7,True
10066,Álgebra,Ecuaciones de primer y segundo grado,Algebra,Ecuaciones Cuadraticas,7,True
10067,Álgebra,Ecuaciones de primer y segundo grado,Algebra,Ecuaciones Cuadraticas,7,True
10068,Álgebra,Ecuaciones de primer y segundo grado,Algebra,Ecuaciones Cuadraticas,7,True
10069,Álgebra,Ecuaciones de primer y segundo grado,Algebra,Ecuaciones Cuadraticas,7,True
10070,Álgebra,Ecuaciones de primer y segundo grado,Algebra,Ecuaciones Cuadraticas,7,True
10071,Álgebra,Ecuaciones de primer y segundo grado,Algebra,Ecuaciones Cuadraticas,7,True
10072,Álgebra,Ecuaciones de primer y segundo grado,Algebra,Ecuaciones Cuadraticas,7,True
10073,Álgebra,Ecuaciones de primer y segundo grado,Algebra,Ecuaciones Cuadraticas,7,True
10074,Álgebra,Ecuaciones de primer y segundo grado,Algebra,Ecuaciones Cuadraticas,7,True
10075,Álgebra,Ecuaciones de primer y segundo grado,Algebra,Ecuaciones Cuadraticas,7,True
10076,Álgebra,Ecuaciones de primer y segundo grado,Algebra,Ecuaciones Cuadraticas,7,True
10077,Álgebra,Ecuaciones de primer y segundo grado,Algebra,Ecuaciones Cuadraticas,7,True
10078,Álgebra,Ecuaciones de primer y segundo grado,Algebra,Ecuaciones Cuadraticas,7,True
10079,Álgebra,Ecuaciones de primer y segundo grado,Algebra,Ecuaciones Cuadraticas,7,True
10080,Álgebra,Ecuaciones de primer y segundo grado,Algebra,Ecuaciones Cuadraticas,7,True
10081,Álgebra,Ecuaciones de primer y segundo grado,Algebra,Ecuaciones Cuadraticas,7,True
10082,Álgebra,Ecuaciones de primer y segundo grado,Algebra,Ecuaciones Cuadraticas,7,True
10083,Álgebra,Ecuaciones de primer y segundo grado,Algebra,Ecuaciones Cuadraticas,7,True
10084,Álgebra,Ecuaciones de primer y segundo grado,Algebra,Ecuaciones Cuadraticas,7,True
10085,Álgebra,Ecuaciones de primer y segundo grado,Algebra,Ecuaciones Cuadraticas,7,True
10086,Álgebra,Ecuaciones de primer y segundo grado,Algebra,Ecuaciones Cuadraticas,7,True
10087,Álgebra,Ecuaciones de primer y segundo grado,Algebra,Ecuaciones Cuadraticas,7,True
10088,Álgebra,Ecuaciones de primer y segundo grado,Algebra,Ecuaciones Cuadraticas,7,True
10089,Álgebra,Ecuaciones de primer y segundo grado,Algebra,Ecuaciones Cuadraticas,7,True
10090,Álgebra,Ecuaciones de primer y segundo grado,Algebra,Ecuaciones Cuadraticas,7,True
10091,Álgebra,Ecuaciones de primer y segundo grado,Algebra,Ecuaciones Cuadraticas,7,True
10092,Álgebra,Ecuaciones de primer y segundo grado,Algebra,Ecuaciones Cuadraticas,7,True
10093,Álgebra,Ecuaciones de primer y segundo grado,Algebra,Ecuaciones Cuadraticas,7,True
10094,Álgebra,Ecuaciones de primer y segundo grado,Algebra,Ecuaciones Cuadraticas,7,True
10095,Álgebra,Sistema de ecuaciones,Algebra,Sistemas de Ecuaciones Lineales,31,True
10096,Álgebra,Sistema de ecuaciones,Algebra,Sistemas de Ecuaciones Lineales,31,True
10097,Álgebra,Sistema de ecuaciones,Algebra,Sistemas de Ecuaciones Lineales,31,True
10098,Álgebra,Sistema de ecuaciones,Algebra,Sistemas de Ecuaciones Lineales,31,True
10099,Álgebra,Sistema de ecuaciones,Algebra,Sistemas de Ecuaciones Lineales,31,True
10100,Álgebra,Sistema de ecuaciones,Algebra,Sistemas de Ecuaciones Lineales,31,True
10101,Álgebra,Sistema de ecuaciones,Algebra,Sistemas de Ecuaciones Lineales,31,True
10102,Álgebra,Sistema de ecuaciones,Algebra,Sistemas de Ecuaciones Lineales,31,True
10103,Álgebra,Sistema de ecuaciones,Algebra,Sistemas de Ecuaciones Lineales,31,True
10104,Álgebra,Sistema de ecuaciones,Algebra,Sistemas de Ecuaciones Lineales,31,True
10105,Álgebra,Sistema de ecuaciones,Algebra,Sistemas de Ecuaciones Lineales,31,True
10106,Álgebra,Sistema de ecuaciones,Algebra,Sistemas de Ecuaciones Lineales,31,True
10107,Álgebra,Sistema de ecuaciones,Algebra,Sistemas de Ecuaciones Lineales,31,True
10108,Álgebra,Sistema de ecuaciones,Algebra,Sistemas de Ecuaciones Lineales,31,True
10109,Álgebra,Sistema de ecuaciones,Algebra,Sistemas de Ecuaciones Lineales,31,True
10110,Álgebra,Sistema de ecuaciones,Algebra,Sistemas de Ecuaciones Lineales,31,True
10111,Álgebra,Sistema de ecuaciones,Algebra,Sistemas de Ecuaciones Lineales,31,True
10112,Álgebra,Sistema de ecuaciones,Algebra,Sistemas de Ecuaciones Lineales,31,True
10113,Álgebra,Sistema de ecuaciones,Algebra,Sistemas de Ecuaciones Lineales,31,True
10114,Álgebra,Sistema de ecuaciones,Algebra,Sistemas de Ecuaciones Lineales,31,True
10115,Álgebra,Sistema de ecuaciones,Algebra,Sistemas de Ecuaciones Lineales,31,True
10116,Álgebra,Sistema de ecuaciones,Algebra,Sistemas de Ecuaciones Lineales,31,True
10117,Álgebra,Sistema de ecuaciones,Algebra,Sistemas de Ecuaciones Lineales,31,True
10118,Álgebra,Sistema de ecuaciones,Algebra,Sistemas de Ecuaciones Lineales,31,True
10119,Álgebra,Sistema de ecuaciones,Algebra,Sistemas de Ecuaciones Lineales,31,True
10120,Álgebra,Sistema de ecuaciones,Algebra,Sistemas de Ecuaciones Lineales,31,True
10121,Álgebra,Sistema de ecuaciones,Algebra,Sistemas de Ecuaciones Lineales,31,True
10122,Álgebra,Sistema de ecuaciones,Algebra,Sistemas de Ecuaciones Lineales,31,True
10123,Álgebra,Sistema de ecuaciones,Algebra,Sistemas de Ecuaciones Lineales,31,True
10124,Álgebra,Sistema de ecuaciones,Algebra,Sistemas de Ecuaciones Lineales,31,True
10125,Álgebra,Sistema de ecuaciones,Algebra,Sistemas de Ecuaciones Lineales,31,True
10126,Álgebra,Sistema de ecuaciones,Algebra,Sistemas de Ecuaciones Lineales,31,True
10127,Álgebra,Sistema de ecuaciones,Algebra,Sistemas de Ecuaciones Lineales,31,True
10128,Álgebra,Sistema de ecuaciones,Algebra,Sistemas de Ecuaciones Lineales,31,True
10129,Álgebra,Sistema de ecuaciones,Algebra,Sistemas de Ecuaciones Lineales,31,True
10130,Álgebra,Sistema de ecuaciones,Algebra,Sistemas de Ecuaciones Lineales,31,True
10131,Álgebra,Sistema de ecuaciones,Algebra,Sistemas de Ecuaciones Lineales,31,True
10132,Álgebra,Sistema de ecuaciones,Algebra,Sistemas de Ecuaciones Lineales,31,True
10133,Álgebra,Sistema de ecuaciones,Algebra,Sistemas de Ecuaciones Lineales,31,True
10134,Álgebra,Sistema de ecuaciones,Algebra,Sistemas de Ecuaciones Lineales,31,True
10135,Álgebra,Sistema de ecuaciones,Algebra,Sistemas de Ecuaciones Lineales,31,True
10136,Álgebra,Sistema de ecuaciones,Algebra,Sistemas de Ecuaciones Lineales,31,True
10137,Álgebra,Sistema de ecuaciones,Algebra,Sistemas de Ecuaciones Lineales,31,True
10138,Álgebra,Sistema de ecuaciones,Algebra,Sistemas de Ecuaciones Lineales,31,True
10139,Álgebra,Sistema de ecuaciones,Algebra,Sistemas de Ecuaciones Lineales,31,True
10140,Álgebra,Sistema de ecuaciones,Algebra,Sistemas de Ecuaciones Lineales,31,True
10141,Álgebra,Sistema de ecuaciones,Algebra,Sistemas de Ecuaciones Lineales,31,True
10142,Álgebra,Sistema de ecuaciones,Algebra,Sistemas de Ecuaciones Lineales,31,True
10143,Álgebra,Sistema de ecuaciones,Algebra,Sistemas de Ecuaciones Lineales,31,True
10144,Álgebra,Sistema de ecuaciones,Algebra,Sistemas de Ecuaciones Lineales,31,True
10145,Álgebra,Sistema de ecuaciones,Algebra,Sistemas de Ecuaciones Lineales,31,True
10146,Álgebra,Sistema de ecuaciones,Algebra,Sistemas de Ecuaciones Lineales,31,True
10147,Álgebra,Sistema de ecuaciones,Algebra,Sistemas de Ecuaciones Lineales,31,True
10148,Álgebra,Sistema de ecuaciones,Algebra,Sistemas de Ecuaciones Lineales,31,True
10149,Álgebra,Sistema de ecuaciones,Algebra,Sistemas de Ecuaciones Lineales,31,True
10150,Álgebra,Sistema de ecuaciones,Algebra,Sistemas de Ecuaciones Lineales,31,True
10151,Álgebra,Sistema de ecuaciones,Algebra,Sistemas de Ecuaciones Lineales,31,True
10152,Álgebra,Sistema de ecuaciones,Algebra,Sistemas de Ecuaciones Lineales,31,True
10153,Álgebra,Sistema de ecuaciones,Algebra,Sistemas de Ecuaciones Lineales,31,True
10154,Álgebra,Sistema de ecuaciones,Algebra,Sistemas de Ecuaciones Lineales,31,True
