split,source_root,original_sample_id,sample_id,group,instance,problem_boxes,number_boxes,answer_boxes,image,label,metadata
train,E:\Banco de Preguntas\2. GEOMETRIA\1. Cuzcano\Julio Orihuela\S11-Áreas_de_regiones_planas\temporales\propuestos\datasets\problem_detector_corrections,areas-de-regiones-planas__propuestos__p0331__S11-_reas_de_reg_870640012a,398b5b8d_0398cbbe344b2a94,,,5,4,5,images/train/398b5b8d_0398cbbe344b2a94.png,labels/train/398b5b8d_0398cbbe344b2a94.txt,metadata/train/398b5b8d_0398cbbe344b2a94.json
train,E:\Banco de Preguntas\2. GEOMETRIA\1. Cuzcano\Julio Orihuela\S11-Áreas_de_regiones_planas\temporales\propuestos\datasets\problem_detector_corrections,areas-de-regiones-planas__propuestos__p0309__S11-_reas_de_reg_25050d1aa2,398b5b8d_03d6a2d8be430ed7,,,6,5,5,images/train/398b5b8d_03d6a2d8be430ed7.png,labels/train/398b5b8d_03d6a2d8be430ed7.txt,metadata/train/398b5b8d_03d6a2d8be430ed7.json
train,E:\Banco de Preguntas\2. GEOMETRIA\1. Cuzcano\Julio Orihuela\S11-Áreas_de_regiones_planas\temporales\propuestos\datasets\problem_detector_corrections,areas-de-regiones-planas__propuestos__p0327__S11-_reas_de_reg_3f4a6da724,398b5b8d_07ddb7cc61ec10f5,,,8,6,6,images/train/398b5b8d_07ddb7cc61ec10f5.png,labels/train/398b5b8d_07ddb7cc61ec10f5.txt,metadata/train/398b5b8d_07ddb7cc61ec10f5.json
train,E:\Banco de Preguntas\2. GEOMETRIA\1. Cuzcano\Julio Orihuela\S11-Áreas_de_regiones_planas\temporales\propuestos\datasets\problem_detector_corrections,areas-de-regiones-planas__propuestos__p0317__S11-_reas_de_reg_35535d7e2e,398b5b8d_0976462be0a0cd4d,,,7,5,6,images/train/398b5b8d_0976462be0a0cd4d.png,labels/train/398b5b8d_0976462be0a0cd4d.txt,metadata/train/398b5b8d_0976462be0a0cd4d.json
train,E:\Banco de Preguntas\2. GEOMETRIA\1. Cuzcano\Julio Orihuela\S11-Áreas_de_regiones_planas\temporales\propuestos\datasets\problem_detector_corrections,areas-de-regiones-planas__propuestos__p0324__S11-_reas_de_reg_5f0b61798a,398b5b8d_0c347b0a862c5ce1,,,8,6,6,images/train/398b5b8d_0c347b0a862c5ce1.png,labels/train/398b5b8d_0c347b0a862c5ce1.txt,metadata/train/398b5b8d_0c347b0a862c5ce1.json
train,E:\Banco de Preguntas\2. GEOMETRIA\1. Cuzcano\Julio Orihuela\S11-Áreas_de_regiones_planas\temporales\propuestos\datasets\problem_detector_corrections,areas-de-regiones-planas__propuestos__p0342__S11-_reas_de_reg_fc9ee81841,398b5b8d_0eeedac930b76cdd,,,7,5,5,images/train/398b5b8d_0eeedac930b76cdd.png,labels/train/398b5b8d_0eeedac930b76cdd.txt,metadata/train/398b5b8d_0eeedac930b76cdd.json
train,E:\Banco de Preguntas\2. GEOMETRIA\1. Cuzcano\Julio Orihuela\S11-Áreas_de_regiones_planas\temporales\propuestos\datasets\problem_detector_corrections,areas-de-regiones-planas__propuestos__p0311__S11-_reas_de_reg_fd2a3808f8,398b5b8d_14db60173f814d7f,,,6,5,4,images/train/398b5b8d_14db60173f814d7f.png,labels/train/398b5b8d_14db60173f814d7f.txt,metadata/train/398b5b8d_14db60173f814d7f.json
train,E:\Banco de Preguntas\2. GEOMETRIA\1. Cuzcano\Julio Orihuela\S11-Áreas_de_regiones_planas\temporales\propuestos\datasets\problem_detector_corrections,areas-de-regiones-planas__propuestos__p0351__S11-_reas_de_reg_964f736c59,398b5b8d_19d7b7579c1316d8,,,6,5,6,images/train/398b5b8d_19d7b7579c1316d8.png,labels/train/398b5b8d_19d7b7579c1316d8.txt,metadata/train/398b5b8d_19d7b7579c1316d8.json
train,E:\Banco de Preguntas\2. GEOMETRIA\1. Cuzcano\Julio Orihuela\S11-Áreas_de_regiones_planas\temporales\propuestos\datasets\problem_detector_corrections,areas-de-regiones-planas__propuestos__p0302__S11-_reas_de_reg_a772bfef2f,398b5b8d_26b32a09f6fc58e2,,,7,5,6,images/train/398b5b8d_26b32a09f6fc58e2.png,labels/train/398b5b8d_26b32a09f6fc58e2.txt,metadata/train/398b5b8d_26b32a09f6fc58e2.json
train,E:\Banco de Preguntas\2. GEOMETRIA\1. Cuzcano\Julio Orihuela\S11-Áreas_de_regiones_planas\temporales\propuestos\datasets\problem_detector_corrections,areas-de-regiones-planas__propuestos__p0347__S11-_reas_de_reg_9049c1c4ba,398b5b8d_26df7c15db374402,,,7,7,7,images/train/398b5b8d_26df7c15db374402.png,labels/train/398b5b8d_26df7c15db374402.txt,metadata/train/398b5b8d_26df7c15db374402.json
train,E:\Banco de Preguntas\2. GEOMETRIA\1. Cuzcano\Julio Orihuela\S11-Áreas_de_regiones_planas\temporales\propuestos\datasets\problem_detector_corrections,areas-de-regiones-planas__propuestos__p0320__S11-_reas_de_reg_fd4fb1c53b,398b5b8d_27daf4ec268a87d3,,,4,4,4,images/train/398b5b8d_27daf4ec268a87d3.png,labels/train/398b5b8d_27daf4ec268a87d3.txt,metadata/train/398b5b8d_27daf4ec268a87d3.json
train,E:\Banco de Preguntas\2. GEOMETRIA\1. Cuzcano\Julio Orihuela\S11-Áreas_de_regiones_planas\temporales\propuestos\datasets\problem_detector_corrections,areas-de-regiones-planas__propuestos__p0296__S11-_reas_de_reg_8edd3e1195,398b5b8d_28223b690337e30b,,,8,7,8,images/train/398b5b8d_28223b690337e30b.png,labels/train/398b5b8d_28223b690337e30b.txt,metadata/train/398b5b8d_28223b690337e30b.json
train,E:\Banco de Preguntas\2. GEOMETRIA\1. Cuzcano\Julio Orihuela\S11-Áreas_de_regiones_planas\temporales\propuestos\datasets\problem_detector_corrections,areas-de-regiones-planas__propuestos__p0346__S11-_reas_de_reg_760c996f22,398b5b8d_2c6576213c625387,,,7,7,7,images/train/398b5b8d_2c6576213c625387.png,labels/train/398b5b8d_2c6576213c625387.txt,metadata/train/398b5b8d_2c6576213c625387.json
train,E:\Banco de Preguntas\2. GEOMETRIA\1. Cuzcano\Julio Orihuela\S11-Áreas_de_regiones_planas\temporales\propuestos\datasets\problem_detector_corrections,areas-de-regiones-planas__propuestos__p0350__S11-_reas_de_reg_f7be29bba5,398b5b8d_3493142b70649cd2,,,7,6,5,images/train/398b5b8d_3493142b70649cd2.png,labels/train/398b5b8d_3493142b70649cd2.txt,metadata/train/398b5b8d_3493142b70649cd2.json
train,E:\Banco de Preguntas\2. GEOMETRIA\1. Cuzcano\Julio Orihuela\S11-Áreas_de_regiones_planas\temporales\propuestos\datasets\problem_detector_corrections,areas-de-regiones-planas__propuestos__p0339__S11-_reas_de_reg_2308158fcc,398b5b8d_3ebbc85077af6124,,,7,6,6,images/train/398b5b8d_3ebbc85077af6124.png,labels/train/398b5b8d_3ebbc85077af6124.txt,metadata/train/398b5b8d_3ebbc85077af6124.json
train,E:\Banco de Preguntas\2. GEOMETRIA\1. Cuzcano\Julio Orihuela\S11-Áreas_de_regiones_planas\temporales\propuestos\datasets\problem_detector_corrections,areas-de-regiones-planas__propuestos__p0299__S11-_reas_de_reg_41b13dba84,398b5b8d_40c4fdf6a5ae9adf,,,6,6,6,images/train/398b5b8d_40c4fdf6a5ae9adf.png,labels/train/398b5b8d_40c4fdf6a5ae9adf.txt,metadata/train/398b5b8d_40c4fdf6a5ae9adf.json
train,E:\Banco de Preguntas\2. GEOMETRIA\1. Cuzcano\Julio Orihuela\S11-Áreas_de_regiones_planas\temporales\propuestos\datasets\problem_detector_corrections,areas-de-regiones-planas__propuestos__p0349__S11-_reas_de_reg_0625651c32,398b5b8d_4b8f8698257f39c9,,,6,5,5,images/train/398b5b8d_4b8f8698257f39c9.png,labels/train/398b5b8d_4b8f8698257f39c9.txt,metadata/train/398b5b8d_4b8f8698257f39c9.json
train,E:\Banco de Preguntas\2. GEOMETRIA\1. Cuzcano\Julio Orihuela\S11-Áreas_de_regiones_planas\temporales\propuestos\datasets\problem_detector_corrections,areas-de-regiones-planas__propuestos__p0313__S11-_reas_de_reg_501fd3395b,398b5b8d_52d085401c92a205,,,7,7,6,images/train/398b5b8d_52d085401c92a205.png,labels/train/398b5b8d_52d085401c92a205.txt,metadata/train/398b5b8d_52d085401c92a205.json
train,E:\Banco de Preguntas\2. GEOMETRIA\1. Cuzcano\Julio Orihuela\S11-Áreas_de_regiones_planas\temporales\propuestos\datasets\problem_detector_corrections,areas-de-regiones-planas__propuestos__p0343__S11-_reas_de_reg_fd62f6d3d7,398b5b8d_5612025786a907ac,,,7,5,5,images/train/398b5b8d_5612025786a907ac.png,labels/train/398b5b8d_5612025786a907ac.txt,metadata/train/398b5b8d_5612025786a907ac.json
train,E:\Banco de Preguntas\2. GEOMETRIA\1. Cuzcano\Julio Orihuela\S11-Áreas_de_regiones_planas\temporales\propuestos\datasets\problem_detector_corrections,areas-de-regiones-planas__propuestos__p0301__S11-_reas_de_reg_7a7b051c6b,398b5b8d_5b994e7b7315a80f,,,7,7,6,images/train/398b5b8d_5b994e7b7315a80f.png,labels/train/398b5b8d_5b994e7b7315a80f.txt,metadata/train/398b5b8d_5b994e7b7315a80f.json
train,E:\Banco de Preguntas\2. GEOMETRIA\1. Cuzcano\Julio Orihuela\S11-Áreas_de_regiones_planas\temporales\propuestos\datasets\problem_detector_corrections,areas-de-regiones-planas__propuestos__p0345__S11-_reas_de_reg_173dfb41fa,398b5b8d_5d24835b621d3fc0,,,5,3,4,images/train/398b5b8d_5d24835b621d3fc0.png,labels/train/398b5b8d_5d24835b621d3fc0.txt,metadata/train/398b5b8d_5d24835b621d3fc0.json
train,E:\Banco de Preguntas\2. GEOMETRIA\1. Cuzcano\Julio Orihuela\S11-Áreas_de_regiones_planas\temporales\propuestos\datasets\problem_detector_corrections,areas-de-regiones-planas__propuestos__p0336__S11-_reas_de_reg_930f65dfc6,398b5b8d_5dd4e1d772bbad67,,,7,7,6,images/train/398b5b8d_5dd4e1d772bbad67.png,labels/train/398b5b8d_5dd4e1d772bbad67.txt,metadata/train/398b5b8d_5dd4e1d772bbad67.json
train,E:\Banco de Preguntas\2. GEOMETRIA\1. Cuzcano\Julio Orihuela\S11-Áreas_de_regiones_planas\temporales\propuestos\datasets\problem_detector_corrections,areas-de-regiones-planas__propuestos__p0323__S11-_reas_de_reg_94189efc77,398b5b8d_672580b3dba036fd,,,8,6,6,images/train/398b5b8d_672580b3dba036fd.png,labels/train/398b5b8d_672580b3dba036fd.txt,metadata/train/398b5b8d_672580b3dba036fd.json
train,E:\Banco de Preguntas\2. GEOMETRIA\1. Cuzcano\Julio Orihuela\S11-Áreas_de_regiones_planas\temporales\propuestos\datasets\problem_detector_corrections,areas-de-regiones-planas__propuestos__p0330__S11-_reas_de_reg_a6fd3f738f,398b5b8d_6adb1f19c8942693,,,7,5,5,images/train/398b5b8d_6adb1f19c8942693.png,labels/train/398b5b8d_6adb1f19c8942693.txt,metadata/train/398b5b8d_6adb1f19c8942693.json
train,E:\Banco de Preguntas\2. GEOMETRIA\1. Cuzcano\Julio Orihuela\S11-Áreas_de_regiones_planas\temporales\propuestos\datasets\problem_detector_corrections,areas-de-regiones-planas__propuestos__p0318__S11-_reas_de_reg_1f955abb26,398b5b8d_6d7c34f1ec1ca5d5,,,5,4,3,images/train/398b5b8d_6d7c34f1ec1ca5d5.png,labels/train/398b5b8d_6d7c34f1ec1ca5d5.txt,metadata/train/398b5b8d_6d7c34f1ec1ca5d5.json
train,E:\Banco de Preguntas\2. GEOMETRIA\1. Cuzcano\Julio Orihuela\S11-Áreas_de_regiones_planas\temporales\propuestos\datasets\problem_detector_corrections,areas-de-regiones-planas__propuestos__p0341__S11-_reas_de_reg_0954c9227d,398b5b8d_7b5d079856e37954,,,6,5,4,images/train/398b5b8d_7b5d079856e37954.png,labels/train/398b5b8d_7b5d079856e37954.txt,metadata/train/398b5b8d_7b5d079856e37954.json
train,E:\Banco de Preguntas\2. GEOMETRIA\1. Cuzcano\Julio Orihuela\S11-Áreas_de_regiones_planas\temporales\propuestos\datasets\problem_detector_corrections,areas-de-regiones-planas__propuestos__p0322__S11-_reas_de_reg_3eee786252,398b5b8d_8091cba713572330,,,5,5,4,images/train/398b5b8d_8091cba713572330.png,labels/train/398b5b8d_8091cba713572330.txt,metadata/train/398b5b8d_8091cba713572330.json
train,E:\Banco de Preguntas\2. GEOMETRIA\1. Cuzcano\Julio Orihuela\S11-Áreas_de_regiones_planas\temporales\propuestos\datasets\problem_detector_corrections,areas-de-regiones-planas__propuestos__p0325__S11-_reas_de_reg_d21aff3fce,398b5b8d_86d45b4b6c0bdb2a,,,7,5,6,images/train/398b5b8d_86d45b4b6c0bdb2a.png,labels/train/398b5b8d_86d45b4b6c0bdb2a.txt,metadata/train/398b5b8d_86d45b4b6c0bdb2a.json
train,E:\Banco de Preguntas\2. GEOMETRIA\1. Cuzcano\Julio Orihuela\S11-Áreas_de_regiones_planas\temporales\propuestos\datasets\problem_detector_corrections,areas-de-regiones-planas__propuestos__p0333__S11-_reas_de_reg_43074ec526,398b5b8d_885c83c6617f0b7c,,,3,2,2,images/train/398b5b8d_885c83c6617f0b7c.png,labels/train/398b5b8d_885c83c6617f0b7c.txt,metadata/train/398b5b8d_885c83c6617f0b7c.json
train,E:\Banco de Preguntas\2. GEOMETRIA\1. Cuzcano\Julio Orihuela\S11-Áreas_de_regiones_planas\temporales\propuestos\datasets\problem_detector_corrections,areas-de-regiones-planas__propuestos__p0328__S11-_reas_de_reg_6acbe6eb37,398b5b8d_8f263e0b503e3ecc,,,6,5,6,images/train/398b5b8d_8f263e0b503e3ecc.png,labels/train/398b5b8d_8f263e0b503e3ecc.txt,metadata/train/398b5b8d_8f263e0b503e3ecc.json
train,E:\Banco de Preguntas\2. GEOMETRIA\1. Cuzcano\Julio Orihuela\S11-Áreas_de_regiones_planas\temporales\propuestos\datasets\problem_detector_corrections,areas-de-regiones-planas__propuestos__p0310__S11-_reas_de_reg_72121573d7,398b5b8d_95f5b35d3203ef5d,,,6,5,6,images/train/398b5b8d_95f5b35d3203ef5d.png,labels/train/398b5b8d_95f5b35d3203ef5d.txt,metadata/train/398b5b8d_95f5b35d3203ef5d.json
train,E:\Banco de Preguntas\2. GEOMETRIA\1. Cuzcano\Julio Orihuela\S11-Áreas_de_regiones_planas\temporales\propuestos\datasets\problem_detector_corrections,areas-de-regiones-planas__propuestos__p0352__S11-_reas_de_reg_008bd0fd51,398b5b8d_9f065891aaac4593,,,5,5,5,images/train/398b5b8d_9f065891aaac4593.png,labels/train/398b5b8d_9f065891aaac4593.txt,metadata/train/398b5b8d_9f065891aaac4593.json
train,E:\Banco de Preguntas\2. GEOMETRIA\1. Cuzcano\Julio Orihuela\S11-Áreas_de_regiones_planas\temporales\propuestos\datasets\problem_detector_corrections,areas-de-regiones-planas__propuestos__p0298__S11-_reas_de_reg_4c4c4f3e69,398b5b8d_9ffe3769ab3045ad,,,6,6,6,images/train/398b5b8d_9ffe3769ab3045ad.png,labels/train/398b5b8d_9ffe3769ab3045ad.txt,metadata/train/398b5b8d_9ffe3769ab3045ad.json
train,E:\Banco de Preguntas\2. GEOMETRIA\1. Cuzcano\Julio Orihuela\S11-Áreas_de_regiones_planas\temporales\propuestos\datasets\problem_detector_corrections,areas-de-regiones-planas__propuestos__p0332__S11-_reas_de_reg_ce73d83780,398b5b8d_a24def69c6f31dd0,,,6,5,5,images/train/398b5b8d_a24def69c6f31dd0.png,labels/train/398b5b8d_a24def69c6f31dd0.txt,metadata/train/398b5b8d_a24def69c6f31dd0.json
train,E:\Banco de Preguntas\2. GEOMETRIA\1. Cuzcano\Julio Orihuela\S11-Áreas_de_regiones_planas\temporales\propuestos\datasets\problem_detector_corrections,areas-de-regiones-planas__propuestos__p0326__S11-_reas_de_reg_e8060355c4,398b5b8d_aedf3a633b98ff0f,,,6,5,4,images/train/398b5b8d_aedf3a633b98ff0f.png,labels/train/398b5b8d_aedf3a633b98ff0f.txt,metadata/train/398b5b8d_aedf3a633b98ff0f.json
train,E:\Banco de Preguntas\2. GEOMETRIA\1. Cuzcano\Julio Orihuela\S11-Áreas_de_regiones_planas\temporales\propuestos\datasets\problem_detector_corrections,areas-de-regiones-planas__propuestos__p0337__S11-_reas_de_reg_e1f7905772,398b5b8d_b094fb578cb1e6ba,,,5,4,4,images/train/398b5b8d_b094fb578cb1e6ba.png,labels/train/398b5b8d_b094fb578cb1e6ba.txt,metadata/train/398b5b8d_b094fb578cb1e6ba.json
train,E:\Banco de Preguntas\2. GEOMETRIA\1. Cuzcano\Julio Orihuela\S11-Áreas_de_regiones_planas\temporales\propuestos\datasets\problem_detector_corrections,areas-de-regiones-planas__propuestos__p0303__S11-_reas_de_reg_0f9b76934c,398b5b8d_b4804a7619293a02,,,6,5,5,images/train/398b5b8d_b4804a7619293a02.png,labels/train/398b5b8d_b4804a7619293a02.txt,metadata/train/398b5b8d_b4804a7619293a02.json
train,E:\Banco de Preguntas\2. GEOMETRIA\1. Cuzcano\Julio Orihuela\S11-Áreas_de_regiones_planas\temporales\propuestos\datasets\problem_detector_corrections,areas-de-regiones-planas__propuestos__p0321__S11-_reas_de_reg_66e0362c94,398b5b8d_c2c8acea67941568,,,2,2,2,images/train/398b5b8d_c2c8acea67941568.png,labels/train/398b5b8d_c2c8acea67941568.txt,metadata/train/398b5b8d_c2c8acea67941568.json
train,E:\Banco de Preguntas\2. GEOMETRIA\1. Cuzcano\Julio Orihuela\S11-Áreas_de_regiones_planas\temporales\propuestos\datasets\problem_detector_corrections,areas-de-regiones-planas__propuestos__p0335__S11-_reas_de_reg_194ef3474f,398b5b8d_c3c2c6d2021cbcc5,,,5,5,5,images/train/398b5b8d_c3c2c6d2021cbcc5.png,labels/train/398b5b8d_c3c2c6d2021cbcc5.txt,metadata/train/398b5b8d_c3c2c6d2021cbcc5.json
train,E:\Banco de Preguntas\2. GEOMETRIA\1. Cuzcano\Julio Orihuela\S11-Áreas_de_regiones_planas\temporales\propuestos\datasets\problem_detector_corrections,areas-de-regiones-planas__propuestos__p0334__S11-_reas_de_reg_875368e03f,398b5b8d_c97bb30dc5c70847,,,5,5,5,images/train/398b5b8d_c97bb30dc5c70847.png,labels/train/398b5b8d_c97bb30dc5c70847.txt,metadata/train/398b5b8d_c97bb30dc5c70847.json
train,E:\Banco de Preguntas\2. GEOMETRIA\1. Cuzcano\Julio Orihuela\S11-Áreas_de_regiones_planas\temporales\propuestos\datasets\problem_detector_corrections,areas-de-regiones-planas__propuestos__p0340__S11-_reas_de_reg_e0747b0ab6,398b5b8d_cbcbcc3457668f12,,,7,6,5,images/train/398b5b8d_cbcbcc3457668f12.png,labels/train/398b5b8d_cbcbcc3457668f12.txt,metadata/train/398b5b8d_cbcbcc3457668f12.json
train,E:\Banco de Preguntas\2. GEOMETRIA\1. Cuzcano\Julio Orihuela\S11-Áreas_de_regiones_planas\temporales\propuestos\datasets\problem_detector_corrections,areas-de-regiones-planas__propuestos__p0304__S11-_reas_de_reg_039efabdfb,398b5b8d_d0c0374654c06aa8,,,5,5,4,images/train/398b5b8d_d0c0374654c06aa8.png,labels/train/398b5b8d_d0c0374654c06aa8.txt,metadata/train/398b5b8d_d0c0374654c06aa8.json
train,E:\Banco de Preguntas\2. GEOMETRIA\1. Cuzcano\Julio Orihuela\S11-Áreas_de_regiones_planas\temporales\propuestos\datasets\problem_detector_corrections,areas-de-regiones-planas__propuestos__p0297__S11-_reas_de_reg_70a67cae4e,398b5b8d_e3d6d17f4062167c,,,6,6,6,images/train/398b5b8d_e3d6d17f4062167c.png,labels/train/398b5b8d_e3d6d17f4062167c.txt,metadata/train/398b5b8d_e3d6d17f4062167c.json
train,E:\Banco de Preguntas\2. GEOMETRIA\1. Cuzcano\Julio Orihuela\S11-Áreas_de_regiones_planas\temporales\propuestos\datasets\problem_detector_corrections,areas-de-regiones-planas__propuestos__p0305__S11-_reas_de_reg_a10af9a52e,398b5b8d_e58e1a42632413fd,,,4,2,3,images/train/398b5b8d_e58e1a42632413fd.png,labels/train/398b5b8d_e58e1a42632413fd.txt,metadata/train/398b5b8d_e58e1a42632413fd.json
train,E:\Banco de Preguntas\2. GEOMETRIA\1. Cuzcano\Julio Orihuela\S11-Áreas_de_regiones_planas\temporales\propuestos\datasets\problem_detector_corrections,areas-de-regiones-planas__propuestos__p0338__S11-_reas_de_reg_5679092839,398b5b8d_eef772fcad9df52d,,,7,5,6,images/train/398b5b8d_eef772fcad9df52d.png,labels/train/398b5b8d_eef772fcad9df52d.txt,metadata/train/398b5b8d_eef772fcad9df52d.json
train,E:\Banco de Preguntas\2. GEOMETRIA\1. Cuzcano\Julio Orihuela\S11-Áreas_de_regiones_planas\temporales\propuestos\datasets\problem_detector_corrections,areas-de-regiones-planas__propuestos__p0300__S11-_reas_de_reg_1915684e55,398b5b8d_f15340862c174e7f,,,6,6,6,images/train/398b5b8d_f15340862c174e7f.png,labels/train/398b5b8d_f15340862c174e7f.txt,metadata/train/398b5b8d_f15340862c174e7f.json
train,E:\Banco de Preguntas\2. GEOMETRIA\1. Cuzcano\Julio Orihuela\S11-Áreas_de_regiones_planas\temporales\propuestos\datasets\problem_detector_corrections,areas-de-regiones-planas__propuestos__p0312__S11-_reas_de_reg_2ba77be563,398b5b8d_f3a3d897e09836fa,,,5,5,5,images/train/398b5b8d_f3a3d897e09836fa.png,labels/train/398b5b8d_f3a3d897e09836fa.txt,metadata/train/398b5b8d_f3a3d897e09836fa.json
train,E:\Banco de Preguntas\2. GEOMETRIA\1. Cuzcano\Julio Orihuela\S11-Áreas_de_regiones_planas\temporales\propuestos\datasets\problem_detector_corrections,areas-de-regiones-planas__propuestos__p0344__S11-_reas_de_reg_e101a45b4b,398b5b8d_fa84158ad78fb27e,,,6,4,4,images/train/398b5b8d_fa84158ad78fb27e.png,labels/train/398b5b8d_fa84158ad78fb27e.txt,metadata/train/398b5b8d_fa84158ad78fb27e.json
train,E:\Banco de Preguntas\2. GEOMETRIA\1. Cuzcano\Julio Orihuela\S11-Áreas_de_regiones_planas\temporales\propuestos\datasets\problem_detector_corrections,areas-de-regiones-planas__propuestos__p0316__S11-_reas_de_reg_300db57abf,398b5b8d_fc3ae5bf916782ff,,,7,5,5,images/train/398b5b8d_fc3ae5bf916782ff.png,labels/train/398b5b8d_fc3ae5bf916782ff.txt,metadata/train/398b5b8d_fc3ae5bf916782ff.json
train,E:\Github\Auditor-IA\.cache\transcriptor_runs\datasets\problem_detector_multiclass_100_lab_20260624,0080_aseuni__aseuni-semianual-geometria__semana_4_aplicaciones_de_congruencia__ASEUNI_SEMIANUAL_-_GEOMETRIA__p0019,670a2a6a_0179c800fde104cf,aseuni,aseuni-semianual-geometria__semana_4_aplicaciones_de_congruencia,7,5,6,images/train/670a2a6a_0179c800fde104cf.png,labels/train/670a2a6a_0179c800fde104cf.txt,metadata/train/670a2a6a_0179c800fde104cf.json
train,E:\Github\Auditor-IA\.cache\transcriptor_runs\datasets\problem_detector_multiclass_100_lab_20260624,0069_aseuni__aseuni-semianual-geometria__semana_19_reas_de_regiones_circulares__ASEUNI_SEMIANUAL_-_GEOMETRIA__p0106,670a2a6a_03cbef07121c5142,aseuni,aseuni-semianual-geometria__semana_19_reas_de_regiones_circulares,6,5,6,images/train/670a2a6a_03cbef07121c5142.png,labels/train/670a2a6a_03cbef07121c5142.txt,metadata/train/670a2a6a_03cbef07121c5142.json
train,E:\Github\Auditor-IA\.cache\transcriptor_runs\datasets\problem_detector_multiclass_100_lab_20260624,0050_nostradamus__academia-nostradamus-semestral-2022-i__semana_n_14_-_relacion_fdde6914e5__ACADEMIA_NOSTRADAMUS_SEMEST_443ee606d5,670a2a6a_049bde48e738ba2a,nostradamus,academia-nostradamus-semestral-2022-i__semana_n_14_-_relacion_fdde6914e5,11,9,9,images/train/670a2a6a_049bde48e738ba2a.png,labels/train/670a2a6a_049bde48e738ba2a.txt,metadata/train/670a2a6a_049bde48e738ba2a.json
train,E:\Github\Auditor-IA\.cache\transcriptor_runs\datasets\problem_detector_multiclass_100_lab_20260624,0091_aseuni__aseuni-semianual-geometria__semana_15_pol_gonos_regulares__ASEUNI_SEMIANUAL_-_GEOMETRIA__p0081,670a2a6a_19baf866358bd8e1,aseuni,aseuni-semianual-geometria__semana_15_pol_gonos_regulares,10,10,9,images/train/670a2a6a_19baf866358bd8e1.png,labels/train/670a2a6a_19baf866358bd8e1.txt,metadata/train/670a2a6a_19baf866358bd8e1.json
train,E:\Github\Auditor-IA\.cache\transcriptor_runs\datasets\problem_detector_multiclass_100_lab_20260624,0011_nostradamus__academia-nostradamus-semestral-2022-i__semana_n_10_-_puntos_notables__ACADEMIA_NOSTRADAMUS_SEMESTRAL_a454bc9027,670a2a6a_1be485dbec150db5,nostradamus,academia-nostradamus-semestral-2022-i__semana_n_10_-_puntos_notables,8,7,7,images/train/670a2a6a_1be485dbec150db5.png,labels/train/670a2a6a_1be485dbec150db5.txt,metadata/train/670a2a6a_1be485dbec150db5.json
train,E:\Github\Auditor-IA\.cache\transcriptor_runs\datasets\problem_detector_multiclass_100_lab_20260624,0029_julio_orihuela__areas-de-regiones-planas__resueltos__S11-_reas_de_regiones_planas__p0128,670a2a6a_1df8cbe5740d9f4d,julio_orihuela,areas-de-regiones-planas__resueltos,5,5,4,images/train/670a2a6a_1df8cbe5740d9f4d.png,labels/train/670a2a6a_1df8cbe5740d9f4d.txt,metadata/train/670a2a6a_1df8cbe5740d9f4d.json
train,E:\Github\Auditor-IA\.cache\transcriptor_runs\datasets\problem_detector_multiclass_100_lab_20260624,0088_aseuni__aseuni-semianual-geometria__semana_14_relaciones_m_tricas_ent_e80006f893__ASEUNI_SEMIANUAL_-_GEOMETRIA__p0076,670a2a6a_1e9f0eb15bf76366,aseuni,aseuni-semianual-geometria__semana_14_relaciones_m_tricas_ent_e80006f893,10,8,9,images/train/670a2a6a_1e9f0eb15bf76366.png,labels/train/670a2a6a_1e9f0eb15bf76366.txt,metadata/train/670a2a6a_1e9f0eb15bf76366.json
train,E:\Github\Auditor-IA\.cache\transcriptor_runs\datasets\problem_detector_multiclass_100_lab_20260624,0028_aseuni__aseuni-semianual-geometria__semana_5_cuadril_teros_1__ASEUNI_SEMIANUAL_-_GEOMETRIA__p0027,670a2a6a_1ea52b582cc96651,aseuni,aseuni-semianual-geometria__semana_5_cuadril_teros_1,10,9,10,images/train/670a2a6a_1ea52b582cc96651.png,labels/train/670a2a6a_1ea52b582cc96651.txt,metadata/train/670a2a6a_1ea52b582cc96651.json
train,E:\Github\Auditor-IA\.cache\transcriptor_runs\datasets\problem_detector_multiclass_100_lab_20260624,0064_nostradamus__academia-nostradamus-semestral-2022-i__semana_n_06_-_poligonos__ACADEMIA_NOSTRADAMUS_SEMESTRAL_2022_-_I__p0019,670a2a6a_217548a4a3ba2715,nostradamus,academia-nostradamus-semestral-2022-i__semana_n_06_-_poligonos,13,11,12,images/train/670a2a6a_217548a4a3ba2715.png,labels/train/670a2a6a_217548a4a3ba2715.txt,metadata/train/670a2a6a_217548a4a3ba2715.json
train,E:\Github\Auditor-IA\.cache\transcriptor_runs\datasets\problem_detector_multiclass_100_lab_20260624,0099_julio_orihuela__areas-de-regiones-planas__propuestos__S11-_reas_de_regiones_planas__p0303,670a2a6a_2416192e1c416f27,julio_orihuela,areas-de-regiones-planas__propuestos,6,5,5,images/train/670a2a6a_2416192e1c416f27.png,labels/train/670a2a6a_2416192e1c416f27.txt,metadata/train/670a2a6a_2416192e1c416f27.json
train,E:\Github\Auditor-IA\.cache\transcriptor_runs\datasets\problem_detector_multiclass_100_lab_20260624,0097_julio_orihuela__areas-de-regiones-planas__resueltos__S11-_reas_de_regiones_planas__p0119,670a2a6a_269a306346f9c41e,julio_orihuela,areas-de-regiones-planas__resueltos,4,4,4,images/train/670a2a6a_269a306346f9c41e.png,labels/train/670a2a6a_269a306346f9c41e.txt,metadata/train/670a2a6a_269a306346f9c41e.json
train,E:\Github\Auditor-IA\.cache\transcriptor_runs\datasets\problem_detector_multiclass_100_lab_20260624,0084_julio_orihuela__areas-de-regiones-planas__propuestos__S11-_reas_de_regiones_planas__p0329,670a2a6a_31700bc9e569f3b3,julio_orihuela,areas-de-regiones-planas__propuestos,6,6,5,images/train/670a2a6a_31700bc9e569f3b3.png,labels/train/670a2a6a_31700bc9e569f3b3.txt,metadata/train/670a2a6a_31700bc9e569f3b3.json
train,E:\Github\Auditor-IA\.cache\transcriptor_runs\datasets\problem_detector_multiclass_100_lab_20260624,0047_aseuni__aseuni-semianual-geometria__semana_1_tri_ngulos__ASEUNI_SEMIANUAL_-_GEOMETRIA__p0005,670a2a6a_32aca1398c7590a3,aseuni,aseuni-semianual-geometria__semana_1_tri_ngulos,8,7,7,images/train/670a2a6a_32aca1398c7590a3.png,labels/train/670a2a6a_32aca1398c7590a3.txt,metadata/train/670a2a6a_32aca1398c7590a3.json
train,E:\Github\Auditor-IA\.cache\transcriptor_runs\datasets\problem_detector_multiclass_100_lab_20260624,0089_nostradamus__academia-nostradamus-semestral-2022-i__semana_n_12_-_semejanz_94e8b432d5__ACADEMIA_NOSTRADAMUS_SEMEST_e79461e0ba,670a2a6a_32af7d4323e76be7,nostradamus,academia-nostradamus-semestral-2022-i__semana_n_12_-_semejanz_94e8b432d5,4,3,4,images/train/670a2a6a_32af7d4323e76be7.png,labels/train/670a2a6a_32af7d4323e76be7.txt,metadata/train/670a2a6a_32af7d4323e76be7.json
train,E:\Github\Auditor-IA\.cache\transcriptor_runs\datasets\problem_detector_multiclass_100_lab_20260624,0094_aseuni__aseuni-semianual-geometria__semana_13_relaciones_m_tricas__ASEUNI_SEMIANUAL_-_GEOMETRIA__p0073,670a2a6a_368f2cf8c754b1b9,aseuni,aseuni-semianual-geometria__semana_13_relaciones_m_tricas,7,7,7,images/train/670a2a6a_368f2cf8c754b1b9.png,labels/train/670a2a6a_368f2cf8c754b1b9.txt,metadata/train/670a2a6a_368f2cf8c754b1b9.json
train,E:\Github\Auditor-IA\.cache\transcriptor_runs\datasets\problem_detector_multiclass_100_lab_20260624,0090_aseuni__aseuni-semianual-geometria__semana_3_congruencia_de_tri_ngulos__ASEUNI_SEMIANUAL_-_GEOMETRIA__p0013,670a2a6a_380eaa4b4dd15a93,aseuni,aseuni-semianual-geometria__semana_3_congruencia_de_tri_ngulos,7,6,6,images/train/670a2a6a_380eaa4b4dd15a93.png,labels/train/670a2a6a_380eaa4b4dd15a93.txt,metadata/train/670a2a6a_380eaa4b4dd15a93.json
train,E:\Github\Auditor-IA\.cache\transcriptor_runs\datasets\problem_detector_multiclass_100_lab_20260624,0073_julio_orihuela__areas-de-regiones-planas__resueltos__S11-_reas_de_regiones_planas_p0142_2,670a2a6a_384cab51cea52ab7,julio_orihuela,areas-de-regiones-planas__resueltos,5,5,5,images/train/670a2a6a_384cab51cea52ab7.png,labels/train/670a2a6a_384cab51cea52ab7.txt,metadata/train/670a2a6a_384cab51cea52ab7.json
train,E:\Github\Auditor-IA\.cache\transcriptor_runs\datasets\problem_detector_multiclass_100_lab_20260624,0051_julio_orihuela__areas-de-regiones-planas__propuestos__S11-_reas_de_regiones_planas__p0309,670a2a6a_391a37c54dafa0b9,julio_orihuela,areas-de-regiones-planas__propuestos,6,5,5,images/train/670a2a6a_391a37c54dafa0b9.png,labels/train/670a2a6a_391a37c54dafa0b9.txt,metadata/train/670a2a6a_391a37c54dafa0b9.json
train,E:\Github\Auditor-IA\.cache\transcriptor_runs\datasets\problem_detector_multiclass_100_lab_20260624,0010_julio_orihuela__areas-de-regiones-planas__propuestos__S11-_reas_de_regiones_planas__p0342,670a2a6a_3c7988234cd9254f,julio_orihuela,areas-de-regiones-planas__propuestos,7,5,5,images/train/670a2a6a_3c7988234cd9254f.png,labels/train/670a2a6a_3c7988234cd9254f.txt,metadata/train/670a2a6a_3c7988234cd9254f.json
train,E:\Github\Auditor-IA\.cache\transcriptor_runs\datasets\problem_detector_multiclass_100_lab_20260624,0030_aseuni__aseuni-semianual-geometria__semana_19_reas_de_regiones_circulares__ASEUNI_SEMIANUAL_-_GEOMETRIA__p0104,670a2a6a_4165839967893ec9,aseuni,aseuni-semianual-geometria__semana_19_reas_de_regiones_circulares,6,5,6,images/train/670a2a6a_4165839967893ec9.png,labels/train/670a2a6a_4165839967893ec9.txt,metadata/train/670a2a6a_4165839967893ec9.json
train,E:\Github\Auditor-IA\.cache\transcriptor_runs\datasets\problem_detector_multiclass_100_lab_20260624,0083_aseuni__aseuni-semianual-geometria__semana_13_relaciones_m_tricas__ASEUNI_SEMIANUAL_-_GEOMETRIA__p0071,670a2a6a_4211c608806576bf,aseuni,aseuni-semianual-geometria__semana_13_relaciones_m_tricas,10,9,9,images/train/670a2a6a_4211c608806576bf.png,labels/train/670a2a6a_4211c608806576bf.txt,metadata/train/670a2a6a_4211c608806576bf.json
train,E:\Github\Auditor-IA\.cache\transcriptor_runs\datasets\problem_detector_multiclass_100_lab_20260624,0002_julio_orihuela__areas-de-regiones-planas__resueltos__S11-_reas_de_regiones_planas_p0147_2,670a2a6a_43ece9fe235f01c1,julio_orihuela,areas-de-regiones-planas__resueltos,5,5,5,images/train/670a2a6a_43ece9fe235f01c1.png,labels/train/670a2a6a_43ece9fe235f01c1.txt,metadata/train/670a2a6a_43ece9fe235f01c1.json
train,E:\Github\Auditor-IA\.cache\transcriptor_runs\datasets\problem_detector_multiclass_100_lab_20260624,0032_julio_orihuela__areas-de-regiones-planas__resueltos__S11-_reas_de_regiones_planas__p0126,670a2a6a_43f755bf04a72b9f,julio_orihuela,areas-de-regiones-planas__resueltos,6,6,6,images/train/670a2a6a_43f755bf04a72b9f.png,labels/train/670a2a6a_43f755bf04a72b9f.txt,metadata/train/670a2a6a_43f755bf04a72b9f.json
train,E:\Github\Auditor-IA\.cache\transcriptor_runs\datasets\problem_detector_multiclass_100_lab_20260624,0003_julio_orihuela__areas-de-regiones-planas__propuestos__S11-_reas_de_regiones_planas__p0306,670a2a6a_4616979aaf538f4a,julio_orihuela,areas-de-regiones-planas__propuestos,5,5,4,images/train/670a2a6a_4616979aaf538f4a.png,labels/train/670a2a6a_4616979aaf538f4a.txt,metadata/train/670a2a6a_4616979aaf538f4a.json
train,E:\Github\Auditor-IA\.cache\transcriptor_runs\datasets\problem_detector_multiclass_100_lab_20260624,0005_julio_orihuela__areas-de-regiones-planas__propuestos__S11-_reas_de_regiones_planas__p0347,670a2a6a_46566b69f7b98943,julio_orihuela,areas-de-regiones-planas__propuestos,7,7,7,images/train/670a2a6a_46566b69f7b98943.png,labels/train/670a2a6a_46566b69f7b98943.txt,metadata/train/670a2a6a_46566b69f7b98943.json
train,E:\Github\Auditor-IA\.cache\transcriptor_runs\datasets\problem_detector_multiclass_100_lab_20260624,0062_nostradamus__academia-nostradamus-semestral-2022-i__semana_n_02_-_triangulos__ACADEMIA_NOSTRADAMUS_SEMESTRAL_2022_-_I__p0005,670a2a6a_49725ebbc84335a0,nostradamus,academia-nostradamus-semestral-2022-i__semana_n_02_-_triangulos,13,12,11,images/train/670a2a6a_49725ebbc84335a0.png,labels/train/670a2a6a_49725ebbc84335a0.txt,metadata/train/670a2a6a_49725ebbc84335a0.json
train,E:\Github\Auditor-IA\.cache\transcriptor_runs\datasets\problem_detector_multiclass_100_lab_20260624,0093_aseuni__aseuni-semianual-geometria__semana_16_reas_de_regiones_triangulares__ASEUNI_SEMIANUAL_-_GEOMETRIA__p0088,670a2a6a_4b4dfd8b20d30dc6,aseuni,aseuni-semianual-geometria__semana_16_reas_de_regiones_triangulares,6,6,6,images/train/670a2a6a_4b4dfd8b20d30dc6.png,labels/train/670a2a6a_4b4dfd8b20d30dc6.txt,metadata/train/670a2a6a_4b4dfd8b20d30dc6.json
train,E:\Github\Auditor-IA\.cache\transcriptor_runs\datasets\problem_detector_multiclass_100_lab_20260624,0082_julio_orihuela__areas-de-regiones-planas__resueltos__S11-_reas_de_regiones_planas__p0094,670a2a6a_5175d4edfcbfc624,julio_orihuela,areas-de-regiones-planas__resueltos,8,6,7,images/train/670a2a6a_5175d4edfcbfc624.png,labels/train/670a2a6a_5175d4edfcbfc624.txt,metadata/train/670a2a6a_5175d4edfcbfc624.json
train,E:\Github\Auditor-IA\.cache\transcriptor_runs\datasets\problem_detector_multiclass_100_lab_20260624,0004_aseuni__aseuni-semianual-geometria__semana_6_cuadril_teros_2__ASEUNI_SEMIANUAL_-_GEOMETRIA__p0030,670a2a6a_5c8b06fae73156ac,aseuni,aseuni-semianual-geometria__semana_6_cuadril_teros_2,8,7,7,images/train/670a2a6a_5c8b06fae73156ac.png,labels/train/670a2a6a_5c8b06fae73156ac.txt,metadata/train/670a2a6a_5c8b06fae73156ac.json
train,E:\Github\Auditor-IA\.cache\transcriptor_runs\datasets\problem_detector_multiclass_100_lab_20260624,0096_nostradamus__academia-nostradamus-semestral-2022-i__semana_n_09_-_circunferencia_ii__ACADEMIA_NOSTRADAMUS_SEMESTRA_c8c0e1cd30,670a2a6a_64b2edd148740a08,nostradamus,academia-nostradamus-semestral-2022-i__semana_n_09_-_circunferencia_ii,8,8,8,images/train/670a2a6a_64b2edd148740a08.png,labels/train/670a2a6a_64b2edd148740a08.txt,metadata/train/670a2a6a_64b2edd148740a08.json
train,E:\Github\Auditor-IA\.cache\transcriptor_runs\datasets\problem_detector_multiclass_100_lab_20260624,0025_aseuni__aseuni-semianual-geometria__semana_18_reas_de_regiones_cuadrangulares__ASEUNI_SEMIANUAL_-_GEOMETRIA__p0099,670a2a6a_65ec69c6e56786a4,aseuni,aseuni-semianual-geometria__semana_18_reas_de_regiones_cuadrangulares,8,8,8,images/train/670a2a6a_65ec69c6e56786a4.png,labels/train/670a2a6a_65ec69c6e56786a4.txt,metadata/train/670a2a6a_65ec69c6e56786a4.json
train,E:\Github\Auditor-IA\.cache\transcriptor_runs\datasets\problem_detector_multiclass_100_lab_20260624,0052_julio_orihuela__areas-de-regiones-planas__propuestos__S11-_reas_de_regiones_planas__p0295,670a2a6a_6a004881dca48f70,julio_orihuela,areas-de-regiones-planas__propuestos,5,5,4,images/train/670a2a6a_6a004881dca48f70.png,labels/train/670a2a6a_6a004881dca48f70.txt,metadata/train/670a2a6a_6a004881dca48f70.json
train,E:\Github\Auditor-IA\.cache\transcriptor_runs\datasets\problem_detector_multiclass_100_lab_20260624,0059_nostradamus__academia-nostradamus-semestral-2022-i__semana_n_15_-_poligonos_regulares__ACADEMIA_NOSTRADAMUS_SEMEST_e5f9026184,670a2a6a_7310374fec4fa600,nostradamus,academia-nostradamus-semestral-2022-i__semana_n_15_-_poligonos_regulares,12,10,11,images/train/670a2a6a_7310374fec4fa600.png,labels/train/670a2a6a_7310374fec4fa600.txt,metadata/train/670a2a6a_7310374fec4fa600.json
train,E:\Github\Auditor-IA\.cache\transcriptor_runs\datasets\problem_detector_multiclass_100_lab_20260624,0020_nostradamus__academia-nostradamus-semestral-2022-i__semana_n_09_-_circunferencia_ii__ACADEMIA_NOSTRADAMUS_SEMESTRA_aba3e9f93e,670a2a6a_78f9b1ddbf6795e6,nostradamus,academia-nostradamus-semestral-2022-i__semana_n_09_-_circunferencia_ii,8,8,8,images/train/670a2a6a_78f9b1ddbf6795e6.png,labels/train/670a2a6a_78f9b1ddbf6795e6.txt,metadata/train/670a2a6a_78f9b1ddbf6795e6.json
train,E:\Github\Auditor-IA\.cache\transcriptor_runs\datasets\problem_detector_multiclass_100_lab_20260624,0019_julio_orihuela__areas-de-regiones-planas__resueltos__S11-_reas_de_regiones_planas__p0135,670a2a6a_7e61c0d03046309d,julio_orihuela,areas-de-regiones-planas__resueltos,5,5,3,images/train/670a2a6a_7e61c0d03046309d.png,labels/train/670a2a6a_7e61c0d03046309d.txt,metadata/train/670a2a6a_7e61c0d03046309d.json
train,E:\Github\Auditor-IA\.cache\transcriptor_runs\datasets\problem_detector_multiclass_100_lab_20260624,0021_julio_orihuela__areas-de-regiones-planas__resueltos__S11-_reas_de_regiones_planas_p0151_2,670a2a6a_81ee47416f63dbc0,julio_orihuela,areas-de-regiones-planas__resueltos,7,7,6,images/train/670a2a6a_81ee47416f63dbc0.png,labels/train/670a2a6a_81ee47416f63dbc0.txt,metadata/train/670a2a6a_81ee47416f63dbc0.json
train,E:\Github\Auditor-IA\.cache\transcriptor_runs\datasets\problem_detector_multiclass_100_lab_20260624,0023_aseuni__aseuni-semianual-geometria__semana_8_circunferencia__ASEUNI_SEMIANUAL_-_GEOMETRIA__p0041,670a2a6a_896d24edb62a2ab9,aseuni,aseuni-semianual-geometria__semana_8_circunferencia,8,7,7,images/train/670a2a6a_896d24edb62a2ab9.png,labels/train/670a2a6a_896d24edb62a2ab9.txt,metadata/train/670a2a6a_896d24edb62a2ab9.json
train,E:\Github\Auditor-IA\.cache\transcriptor_runs\datasets\problem_detector_multiclass_100_lab_20260624,0077_nostradamus__academia-nostradamus-semestral-2022-i__semana_n_13_-_relacion_39c15ef6ca__ACADEMIA_NOSTRADAMUS_SEMEST_2a1e8c8d41,670a2a6a_89b0712f7f8614ef,nostradamus,academia-nostradamus-semestral-2022-i__semana_n_13_-_relacion_39c15ef6ca,5,4,6,images/train/670a2a6a_89b0712f7f8614ef.png,labels/train/670a2a6a_89b0712f7f8614ef.txt,metadata/train/670a2a6a_89b0712f7f8614ef.json
train,E:\Github\Auditor-IA\.cache\transcriptor_runs\datasets\problem_detector_multiclass_100_lab_20260624,0049_julio_orihuela__areas-de-regiones-planas__resueltos__S11-_reas_de_regiones_planas__p0093,670a2a6a_8fa629b7a41cae79,julio_orihuela,areas-de-regiones-planas__resueltos,5,5,4,images/train/670a2a6a_8fa629b7a41cae79.png,labels/train/670a2a6a_8fa629b7a41cae79.txt,metadata/train/670a2a6a_8fa629b7a41cae79.json
train,E:\Github\Auditor-IA\.cache\transcriptor_runs\datasets\problem_detector_multiclass_100_lab_20260624,0036_nostradamus__academia-nostradamus-semestral-2022-i__semana_n_01_-_segmento_c52c37f30e__ACADEMIA_NOSTRADAMUS_SEMEST_5d5afd90ba,670a2a6a_979d4eca6c82f127,nostradamus,academia-nostradamus-semestral-2022-i__semana_n_01_-_segmento_c52c37f30e,9,8,6,images/train/670a2a6a_979d4eca6c82f127.png,labels/train/670a2a6a_979d4eca6c82f127.txt,metadata/train/670a2a6a_979d4eca6c82f127.json
train,E:\Github\Auditor-IA\.cache\transcriptor_runs\datasets\problem_detector_multiclass_100_lab_20260624,0057_nostradamus__academia-nostradamus-semestral-2022-i__semana_n_12_-_semejanz_94e8b432d5__ACADEMIA_NOSTRADAMUS_SEMEST_7a4d216df3,670a2a6a_9c0a381ac58c0f46,nostradamus,academia-nostradamus-semestral-2022-i__semana_n_12_-_semejanz_94e8b432d5,9,9,9,images/train/670a2a6a_9c0a381ac58c0f46.png,labels/train/670a2a6a_9c0a381ac58c0f46.txt,metadata/train/670a2a6a_9c0a381ac58c0f46.json
train,E:\Github\Auditor-IA\.cache\transcriptor_runs\datasets\problem_detector_multiclass_100_lab_20260624,0037_aseuni__aseuni-semianual-geometria__semana_19_reas_de_regiones_circulares__ASEUNI_SEMIANUAL_-_GEOMETRIA__p0101,670a2a6a_9c7a7b8fdc82258e,aseuni,aseuni-semianual-geometria__semana_19_reas_de_regiones_circulares,8,8,8,images/train/670a2a6a_9c7a7b8fdc82258e.png,labels/train/670a2a6a_9c7a7b8fdc82258e.txt,metadata/train/670a2a6a_9c7a7b8fdc82258e.json
train,E:\Github\Auditor-IA\.cache\transcriptor_runs\datasets\problem_detector_multiclass_100_lab_20260624,0018_julio_orihuela__areas-de-regiones-planas__resueltos__S11-_reas_de_regiones_planas__p0099,670a2a6a_9cf0ddfc81e7e19e,julio_orihuela,areas-de-regiones-planas__resueltos,6,5,5,images/train/670a2a6a_9cf0ddfc81e7e19e.png,labels/train/670a2a6a_9cf0ddfc81e7e19e.txt,metadata/train/670a2a6a_9cf0ddfc81e7e19e.json
train,E:\Github\Auditor-IA\.cache\transcriptor_runs\datasets\problem_detector_multiclass_100_lab_20260624,0014_nostradamus__academia-nostradamus-semestral-2022-i__semana_n_06_-_poligonos__ACADEMIA_NOSTRADAMUS_SEMESTRAL_2022_-_I__p0017,670a2a6a_9d867089affe8c92,nostradamus,academia-nostradamus-semestral-2022-i__semana_n_06_-_poligonos,9,9,9,images/train/670a2a6a_9d867089affe8c92.png,labels/train/670a2a6a_9d867089affe8c92.txt,metadata/train/670a2a6a_9d867089affe8c92.json
train,E:\Github\Auditor-IA\.cache\transcriptor_runs\datasets\problem_detector_multiclass_100_lab_20260624,0042_nostradamus__academia-nostradamus-semestral-2022-i__semana_n_17_-_areas_de_863364424f__ACADEMIA_NOSTRADAMUS_SEMEST_2577d1aba4,670a2a6a_a26cbc79dae7aa38,nostradamus,academia-nostradamus-semestral-2022-i__semana_n_17_-_areas_de_863364424f,4,3,4,images/train/670a2a6a_a26cbc79dae7aa38.png,labels/train/670a2a6a_a26cbc79dae7aa38.txt,metadata/train/670a2a6a_a26cbc79dae7aa38.json
train,E:\Github\Auditor-IA\.cache\transcriptor_runs\datasets\problem_detector_multiclass_100_lab_20260624,0068_nostradamus__academia-nostradamus-semestral-2022-i__semana_n_08_-_circunferencia_i__ACADEMIA_NOSTRADAMUS_SEMESTRAL_1e670f5240,670a2a6a_a54bb88617a77749,nostradamus,academia-nostradamus-semestral-2022-i__semana_n_08_-_circunferencia_i,9,9,9,images/train/670a2a6a_a54bb88617a77749.png,labels/train/670a2a6a_a54bb88617a77749.txt,metadata/train/670a2a6a_a54bb88617a77749.json
train,E:\Github\Auditor-IA\.cache\transcriptor_runs\datasets\problem_detector_multiclass_100_lab_20260624,0009_aseuni__aseuni-semianual-geometria__semana_15_pol_gonos_regulares__ASEUNI_SEMIANUAL_-_GEOMETRIA__p0080,670a2a6a_ab4f186e1bd5f8ab,aseuni,aseuni-semianual-geometria__semana_15_pol_gonos_regulares,9,9,9,images/train/670a2a6a_ab4f186e1bd5f8ab.png,labels/train/670a2a6a_ab4f186e1bd5f8ab.txt,metadata/train/670a2a6a_ab4f186e1bd5f8ab.json
train,E:\Github\Auditor-IA\.cache\transcriptor_runs\datasets\problem_detector_multiclass_100_lab_20260624,0092_julio_orihuela__areas-de-regiones-planas__propuestos__S11-_reas_de_regiones_planas__p0299,670a2a6a_ac834334994741d6,julio_orihuela,areas-de-regiones-planas__propuestos,6,6,6,images/train/670a2a6a_ac834334994741d6.png,labels/train/670a2a6a_ac834334994741d6.txt,metadata/train/670a2a6a_ac834334994741d6.json
train,E:\Github\Auditor-IA\.cache\transcriptor_runs\datasets\problem_detector_multiclass_100_lab_20260624,0085_nostradamus__academia-nostradamus-semestral-2022-i__semana_n_17_-_areas_de_863364424f__ACADEMIA_NOSTRADAMUS_SEMEST_ba6994de14,670a2a6a_b14e6603d5bac8bc,nostradamus,academia-nostradamus-semestral-2022-i__semana_n_17_-_areas_de_863364424f,12,10,10,images/train/670a2a6a_b14e6603d5bac8bc.png,labels/train/670a2a6a_b14e6603d5bac8bc.txt,metadata/train/670a2a6a_b14e6603d5bac8bc.json
train,E:\Github\Auditor-IA\.cache\transcriptor_runs\datasets\problem_detector_multiclass_100_lab_20260624,0001_julio_orihuela__areas-de-regiones-planas__propuestos__S11-_reas_de_regiones_planas__p0348,670a2a6a_b2b9c25ce5ff5c8f,julio_orihuela,areas-de-regiones-planas__propuestos,6,5,5,images/train/670a2a6a_b2b9c25ce5ff5c8f.png,labels/train/670a2a6a_b2b9c25ce5ff5c8f.txt,metadata/train/670a2a6a_b2b9c25ce5ff5c8f.json
train,E:\Github\Auditor-IA\.cache\transcriptor_runs\datasets\problem_detector_multiclass_100_lab_20260624,0034_aseuni__aseuni-semianual-geometria__semana_4_aplicaciones_de_congruencia__ASEUNI_SEMIANUAL_-_GEOMETRIA__p0022,670a2a6a_b4018c7894047244,aseuni,aseuni-semianual-geometria__semana_4_aplicaciones_de_congruencia,6,6,6,images/train/670a2a6a_b4018c7894047244.png,labels/train/670a2a6a_b4018c7894047244.txt,metadata/train/670a2a6a_b4018c7894047244.json
train,E:\Github\Auditor-IA\.cache\transcriptor_runs\datasets\problem_detector_multiclass_100_lab_20260624,0066_julio_orihuela__areas-de-regiones-planas__resueltos__S11-_reas_de_regiones_planas__p0096,670a2a6a_b4175fb7e2689dc8,julio_orihuela,areas-de-regiones-planas__resueltos,8,6,6,images/train/670a2a6a_b4175fb7e2689dc8.png,labels/train/670a2a6a_b4175fb7e2689dc8.txt,metadata/train/670a2a6a_b4175fb7e2689dc8.json
train,E:\Github\Auditor-IA\.cache\transcriptor_runs\datasets\problem_detector_multiclass_100_lab_20260624,0061_nostradamus__academia-nostradamus-semestral-2022-i__semana_n_04_-_congruen_d094a6021d__ACADEMIA_NOSTRADAMUS_SEMEST_b4d2eb04d5,670a2a6a_b7130b3193c6c3ff,nostradamus,academia-nostradamus-semestral-2022-i__semana_n_04_-_congruen_d094a6021d,6,6,6,images/train/670a2a6a_b7130b3193c6c3ff.png,labels/train/670a2a6a_b7130b3193c6c3ff.txt,metadata/train/670a2a6a_b7130b3193c6c3ff.json
train,E:\Github\Auditor-IA\.cache\transcriptor_runs\datasets\problem_detector_multiclass_100_lab_20260624,0012_nostradamus__academia-nostradamus-semestral-2022-i__semana_n_16_-_areas_de_fa52d2f409__ACADEMIA_NOSTRADAMUS_SEMEST_1441e59683,670a2a6a_bb018566cd85cc7d,nostradamus,academia-nostradamus-semestral-2022-i__semana_n_16_-_areas_de_fa52d2f409,2,2,2,images/train/670a2a6a_bb018566cd85cc7d.png,labels/train/670a2a6a_bb018566cd85cc7d.txt,metadata/train/670a2a6a_bb018566cd85cc7d.json
train,E:\Github\Auditor-IA\.cache\transcriptor_runs\datasets\problem_detector_multiclass_100_lab_20260624,0033_julio_orihuela__areas-de-regiones-planas__resueltos__S11-_reas_de_regiones_planas_p0148_2,670a2a6a_bb47e31ed9639810,julio_orihuela,areas-de-regiones-planas__resueltos,5,5,4,images/train/670a2a6a_bb47e31ed9639810.png,labels/train/670a2a6a_bb47e31ed9639810.txt,metadata/train/670a2a6a_bb47e31ed9639810.json
train,E:\Github\Auditor-IA\.cache\transcriptor_runs\datasets\problem_detector_multiclass_100_lab_20260624,0015_aseuni__aseuni-semianual-geometria__semana_9_circunferencia_2__ASEUNI_SEMIANUAL_-_GEOMETRIA__p0047,670a2a6a_bdeaa803714aaf01,aseuni,aseuni-semianual-geometria__semana_9_circunferencia_2,6,6,6,images/train/670a2a6a_bdeaa803714aaf01.png,labels/train/670a2a6a_bdeaa803714aaf01.txt,metadata/train/670a2a6a_bdeaa803714aaf01.json
train,E:\Github\Auditor-IA\.cache\transcriptor_runs\datasets\problem_detector_multiclass_100_lab_20260624,0071_aseuni__aseuni-semianual-geometria__semana_17_relaciones_de_reas__ASEUNI_SEMIANUAL_-_GEOMETRIA__p0093,670a2a6a_bea3d6fa607eca25,aseuni,aseuni-semianual-geometria__semana_17_relaciones_de_reas,12,10,11,images/train/670a2a6a_bea3d6fa607eca25.png,labels/train/670a2a6a_bea3d6fa607eca25.txt,metadata/train/670a2a6a_bea3d6fa607eca25.json
train,E:\Github\Auditor-IA\.cache\transcriptor_runs\datasets\problem_detector_multiclass_100_lab_20260624,0007_aseuni__aseuni-semianual-geometria__semana_15_pol_gonos_regulares__ASEUNI_SEMIANUAL_-_GEOMETRIA__p0082,670a2a6a_c1a1dd6341580d1d,aseuni,aseuni-semianual-geometria__semana_15_pol_gonos_regulares,11,9,7,images/train/670a2a6a_c1a1dd6341580d1d.png,labels/train/670a2a6a_c1a1dd6341580d1d.txt,metadata/train/670a2a6a_c1a1dd6341580d1d.json
train,E:\Github\Auditor-IA\.cache\transcriptor_runs\datasets\problem_detector_multiclass_100_lab_20260624,0078_aseuni__aseuni-semianual-geometria__semana_9_circunferencia_2__ASEUNI_SEMIANUAL_-_GEOMETRIA__p0051,670a2a6a_c8220d1e1c74160d,aseuni,aseuni-semianual-geometria__semana_9_circunferencia_2,2,2,2,images/train/670a2a6a_c8220d1e1c74160d.png,labels/train/670a2a6a_c8220d1e1c74160d.txt,metadata/train/670a2a6a_c8220d1e1c74160d.json
train,E:\Github\Auditor-IA\.cache\transcriptor_runs\datasets\problem_detector_multiclass_100_lab_20260624,0008_aseuni__aseuni-semianual-geometria__semana_1_tri_ngulos__ASEUNI_SEMIANUAL_-_GEOMETRIA__p0003,670a2a6a_c8c6049ffeaf5344,aseuni,aseuni-semianual-geometria__semana_1_tri_ngulos,10,8,8,images/train/670a2a6a_c8c6049ffeaf5344.png,labels/train/670a2a6a_c8c6049ffeaf5344.txt,metadata/train/670a2a6a_c8c6049ffeaf5344.json
train,E:\Github\Auditor-IA\.cache\transcriptor_runs\datasets\problem_detector_multiclass_100_lab_20260624,0031_julio_orihuela__areas-de-regiones-planas__resueltos__S11-_reas_de_regiones_planas__p0115,670a2a6a_cb57af2d18b6f284,julio_orihuela,areas-de-regiones-planas__resueltos,5,5,5,images/train/670a2a6a_cb57af2d18b6f284.png,labels/train/670a2a6a_cb57af2d18b6f284.txt,metadata/train/670a2a6a_cb57af2d18b6f284.json
train,E:\Github\Auditor-IA\.cache\transcriptor_runs\datasets\problem_detector_multiclass_100_lab_20260624,0098_julio_orihuela__areas-de-regiones-planas__propuestos__S11-_reas_de_regiones_planas__p0346,670a2a6a_d098da2c50061fb2,julio_orihuela,areas-de-regiones-planas__propuestos,7,7,7,images/train/670a2a6a_d098da2c50061fb2.png,labels/train/670a2a6a_d098da2c50061fb2.txt,metadata/train/670a2a6a_d098da2c50061fb2.json
train,E:\Github\Auditor-IA\.cache\transcriptor_runs\datasets\problem_detector_multiclass_100_lab_20260624,0058_aseuni__aseuni-semianual-geometria__semana_8_circunferencia__ASEUNI_SEMIANUAL_-_GEOMETRIA__p0040,670a2a6a_d10874de79d6dfef,aseuni,aseuni-semianual-geometria__semana_8_circunferencia,9,6,7,images/train/670a2a6a_d10874de79d6dfef.png,labels/train/670a2a6a_d10874de79d6dfef.txt,metadata/train/670a2a6a_d10874de79d6dfef.json
train,E:\Github\Auditor-IA\.cache\transcriptor_runs\datasets\problem_detector_multiclass_100_lab_20260624,0041_nostradamus__academia-nostradamus-semestral-2022-i__semana_n_03_-_triangulos_ii__ACADEMIA_NOSTRADAMUS_SEMESTRAL_20_732a7f6b21,670a2a6a_d28c99b53a6065f3,nostradamus,academia-nostradamus-semestral-2022-i__semana_n_03_-_triangulos_ii,11,11,11,images/train/670a2a6a_d28c99b53a6065f3.png,labels/train/670a2a6a_d28c99b53a6065f3.txt,metadata/train/670a2a6a_d28c99b53a6065f3.json
train,E:\Github\Auditor-IA\.cache\transcriptor_runs\datasets\problem_detector_multiclass_100_lab_20260624,0038_aseuni__aseuni-semianual-geometria__semana_10_proporcionalidad_de_segmentos__ASEUNI_SEMIANUAL_-_GEOMETRIA__p0053,670a2a6a_d9f103961f620f43,aseuni,aseuni-semianual-geometria__semana_10_proporcionalidad_de_segmentos,10,8,8,images/train/670a2a6a_d9f103961f620f43.png,labels/train/670a2a6a_d9f103961f620f43.txt,metadata/train/670a2a6a_d9f103961f620f43.json
train,E:\Github\Auditor-IA\.cache\transcriptor_runs\datasets\problem_detector_multiclass_100_lab_20260624,0044_nostradamus__academia-nostradamus-semestral-2022-i__semana_n_15_-_poligonos_regulares__ACADEMIA_NOSTRADAMUS_SEMEST_93d7359ba5,670a2a6a_ddb0b8d033f3ca2a,nostradamus,academia-nostradamus-semestral-2022-i__semana_n_15_-_poligonos_regulares,2,2,2,images/train/670a2a6a_ddb0b8d033f3ca2a.png,labels/train/670a2a6a_ddb0b8d033f3ca2a.txt,metadata/train/670a2a6a_ddb0b8d033f3ca2a.json
train,E:\Github\Auditor-IA\.cache\transcriptor_runs\datasets\problem_detector_multiclass_100_lab_20260624,0039_nostradamus__academia-nostradamus-semestral-2022-i__semana_n_14_-_relacion_fdde6914e5__ACADEMIA_NOSTRADAMUS_SEMEST_252d845a1a,670a2a6a_e0dd76deed9960cf,nostradamus,academia-nostradamus-semestral-2022-i__semana_n_14_-_relacion_fdde6914e5,12,10,11,images/train/670a2a6a_e0dd76deed9960cf.png,labels/train/670a2a6a_e0dd76deed9960cf.txt,metadata/train/670a2a6a_e0dd76deed9960cf.json
train,E:\Github\Auditor-IA\.cache\transcriptor_runs\datasets\problem_detector_multiclass_100_lab_20260624,0079_nostradamus__academia-nostradamus-semestral-2022-i__semana_n_09_-_circunferencia_ii__ACADEMIA_NOSTRADAMUS_SEMESTRA_a5ce4016be,670a2a6a_e2d9402f1d3349d9,nostradamus,academia-nostradamus-semestral-2022-i__semana_n_09_-_circunferencia_ii,6,6,6,images/train/670a2a6a_e2d9402f1d3349d9.png,labels/train/670a2a6a_e2d9402f1d3349d9.txt,metadata/train/670a2a6a_e2d9402f1d3349d9.json
train,E:\Github\Auditor-IA\.cache\transcriptor_runs\datasets\problem_detector_multiclass_100_lab_20260624,0100_nostradamus__academia-nostradamus-semestral-2022-i__semana_n_07_-_cuadrilateros__ACADEMIA_NOSTRADAMUS_SEMESTRAL_20_5604c526cb,670a2a6a_e854faac28b0275a,nostradamus,academia-nostradamus-semestral-2022-i__semana_n_07_-_cuadrilateros,10,10,10,images/train/670a2a6a_e854faac28b0275a.png,labels/train/670a2a6a_e854faac28b0275a.txt,metadata/train/670a2a6a_e854faac28b0275a.json
train,E:\Github\Auditor-IA\.cache\transcriptor_runs\datasets\problem_detector_multiclass_100_lab_20260624,0095_nostradamus__academia-nostradamus-semestral-2022-i__semana_n_01_-_segmento_c52c37f30e__ACADEMIA_NOSTRADAMUS_SEMEST_ff108baa23,670a2a6a_e8897d1a44e2e4c4,nostradamus,academia-nostradamus-semestral-2022-i__semana_n_01_-_segmento_c52c37f30e,8,8,7,images/train/670a2a6a_e8897d1a44e2e4c4.png,labels/train/670a2a6a_e8897d1a44e2e4c4.txt,metadata/train/670a2a6a_e8897d1a44e2e4c4.json
train,E:\Github\Auditor-IA\.cache\transcriptor_runs\datasets\problem_detector_multiclass_100_lab_20260624,0013_julio_orihuela__areas-de-regiones-planas__propuestos__S11-_reas_de_regiones_planas__p0328,670a2a6a_ea2078fc385bc26b,julio_orihuela,areas-de-regiones-planas__propuestos,6,5,6,images/train/670a2a6a_ea2078fc385bc26b.png,labels/train/670a2a6a_ea2078fc385bc26b.txt,metadata/train/670a2a6a_ea2078fc385bc26b.json
train,E:\Github\Auditor-IA\.cache\transcriptor_runs\datasets\problem_detector_multiclass_100_lab_20260624,0074_julio_orihuela__areas-de-regiones-planas__propuestos__S11-_reas_de_regiones_planas__p0324,670a2a6a_ed28935c1ef0ec18,julio_orihuela,areas-de-regiones-planas__propuestos,8,6,6,images/train/670a2a6a_ed28935c1ef0ec18.png,labels/train/670a2a6a_ed28935c1ef0ec18.txt,metadata/train/670a2a6a_ed28935c1ef0ec18.json
train,E:\Github\Auditor-IA\.cache\transcriptor_runs\datasets\problem_detector_multiclass_100_lab_20260624,0065_aseuni__aseuni-semianual-geometria__semana_3_congruencia_de_tri_ngulos__ASEUNI_SEMIANUAL_-_GEOMETRIA__p0015,670a2a6a_f0a206b8752c69c4,aseuni,aseuni-semianual-geometria__semana_3_congruencia_de_tri_ngulos,7,6,6,images/train/670a2a6a_f0a206b8752c69c4.png,labels/train/670a2a6a_f0a206b8752c69c4.txt,metadata/train/670a2a6a_f0a206b8752c69c4.json
train,E:\Github\Auditor-IA\.cache\transcriptor_runs\datasets\problem_detector_multiclass_100_lab_20260624,0046_nostradamus__academia-nostradamus-semestral-2022-i__semana_n_16_-_areas_de_fa52d2f409__ACADEMIA_NOSTRADAMUS_SEMEST_f584c5d120,670a2a6a_f48ddf261dd4c4e4,nostradamus,academia-nostradamus-semestral-2022-i__semana_n_16_-_areas_de_fa52d2f409,10,9,10,images/train/670a2a6a_f48ddf261dd4c4e4.png,labels/train/670a2a6a_f48ddf261dd4c4e4.txt,metadata/train/670a2a6a_f48ddf261dd4c4e4.json
train,E:\Github\Auditor-IA\.cache\transcriptor_runs\datasets\problem_detector_multiclass_100_lab_20260624,0076_nostradamus__academia-nostradamus-semestral-2022-i__semana_n_16_-_areas_de_fa52d2f409__ACADEMIA_NOSTRADAMUS_SEMEST_4cc4b164c4,670a2a6a_f73e11251021be37,nostradamus,academia-nostradamus-semestral-2022-i__semana_n_16_-_areas_de_fa52d2f409,9,9,9,images/train/670a2a6a_f73e11251021be37.png,labels/train/670a2a6a_f73e11251021be37.txt,metadata/train/670a2a6a_f73e11251021be37.json
train,E:\Github\Auditor-IA\.cache\transcriptor_runs\datasets\problem_detector_multiclass_100_lab_20260624,0048_aseuni__aseuni-semianual-geometria__semana_9_circunferencia_2__ASEUNI_SEMIANUAL_-_GEOMETRIA__p0050,670a2a6a_fc9be9f258a74501,aseuni,aseuni-semianual-geometria__semana_9_circunferencia_2,7,6,7,images/train/670a2a6a_fc9be9f258a74501.png,labels/train/670a2a6a_fc9be9f258a74501.txt,metadata/train/670a2a6a_fc9be9f258a74501.json
train,E:\Github\Auditor-IA\.cache\transcriptor_runs\datasets\problem_detector_multiclass_100_lab_20260624,0043_julio_orihuela__areas-de-regiones-planas__propuestos__S11-_reas_de_regiones_planas__p0297,670a2a6a_feedc6fcb3937e35,julio_orihuela,areas-de-regiones-planas__propuestos,6,6,6,images/train/670a2a6a_feedc6fcb3937e35.png,labels/train/670a2a6a_feedc6fcb3937e35.txt,metadata/train/670a2a6a_feedc6fcb3937e35.json
train,E:\Github\Auditor-IA\.cache\transcriptor_runs\datasets\problem_detector_multiclass_100_lab_julio_orihuela_20260625_104924,0049_julio_orihuela__circunferencia__propuestos__S6-Circunferencia__p0326,72bd4060_023a572481d3624d,julio_orihuela,circunferencia__propuestos,5,5,5,images/train/72bd4060_023a572481d3624d.png,labels/train/72bd4060_023a572481d3624d.txt,metadata/train/72bd4060_023a572481d3624d.json
train,E:\Github\Auditor-IA\.cache\transcriptor_runs\datasets\problem_detector_multiclass_100_lab_julio_orihuela_20260625_104924,0024_julio_orihuela__piloto_recortes_problemas__S11-_reas_de_regiones_planas_p0130,72bd4060_03202abfe1666344,julio_orihuela,piloto_recortes_problemas,6,5,5,images/train/72bd4060_03202abfe1666344.png,labels/train/72bd4060_03202abfe1666344.txt,metadata/train/72bd4060_03202abfe1666344.json
train,E:\Github\Auditor-IA\.cache\transcriptor_runs\datasets\problem_detector_multiclass_100_lab_julio_orihuela_20260625_104924,0008_julio_orihuela__circunferencia__propuestos__S6-Circunferencia__p0329,72bd4060_073fd6a43b1d8895,julio_orihuela,circunferencia__propuestos,6,5,4,images/train/72bd4060_073fd6a43b1d8895.png,labels/train/72bd4060_073fd6a43b1d8895.txt,metadata/train/72bd4060_073fd6a43b1d8895.json
train,E:\Github\Auditor-IA\.cache\transcriptor_runs\datasets\problem_detector_multiclass_100_lab_julio_orihuela_20260625_104924,0086_julio_orihuela__piloto_recortes_problemas__S9-Relaciones_M_tricas_p0083,72bd4060_0b22b8f4dcfaa0dd,julio_orihuela,piloto_recortes_problemas,6,5,6,images/train/72bd4060_0b22b8f4dcfaa0dd.png,labels/train/72bd4060_0b22b8f4dcfaa0dd.txt,metadata/train/72bd4060_0b22b8f4dcfaa0dd.json
train,E:\Github\Auditor-IA\.cache\transcriptor_runs\datasets\problem_detector_multiclass_100_lab_julio_orihuela_20260625_104924,0090_julio_orihuela__piloto_recortes_problemas__S6-Circunferencia_p0142,72bd4060_0b4a3d7d9c9e2851,julio_orihuela,piloto_recortes_problemas,6,5,5,images/train/72bd4060_0b4a3d7d9c9e2851.png,labels/train/72bd4060_0b4a3d7d9c9e2851.txt,metadata/train/72bd4060_0b4a3d7d9c9e2851.json
train,E:\Github\Auditor-IA\.cache\transcriptor_runs\datasets\problem_detector_multiclass_100_lab_julio_orihuela_20260625_104924,0094_julio_orihuela__circunferencia__propuestos__S6-Circunferencia__p0317,72bd4060_119fb4cf87737a13,julio_orihuela,circunferencia__propuestos,8,7,7,images/train/72bd4060_119fb4cf87737a13.png,labels/train/72bd4060_119fb4cf87737a13.txt,metadata/train/72bd4060_119fb4cf87737a13.json
train,E:\Github\Auditor-IA\.cache\transcriptor_runs\datasets\problem_detector_multiclass_100_lab_julio_orihuela_20260625_104924,0035_julio_orihuela__areas-de-regiones-planas__resueltos__S11-_reas_de_regiones_planas__p0102,72bd4060_13fe53b5f7eaef19,julio_orihuela,areas-de-regiones-planas__resueltos,6,4,5,images/train/72bd4060_13fe53b5f7eaef19.png,labels/train/72bd4060_13fe53b5f7eaef19.txt,metadata/train/72bd4060_13fe53b5f7eaef19.json
train,E:\Github\Auditor-IA\.cache\transcriptor_runs\datasets\problem_detector_multiclass_100_lab_julio_orihuela_20260625_104924,0084_julio_orihuela__piloto_recortes_problemas__S9-Relaciones_M_tricas_p0135,72bd4060_242dfdec1026db2a,julio_orihuela,piloto_recortes_problemas,7,5,5,images/train/72bd4060_242dfdec1026db2a.png,labels/train/72bd4060_242dfdec1026db2a.txt,metadata/train/72bd4060_242dfdec1026db2a.json
train,E:\Github\Auditor-IA\.cache\transcriptor_runs\datasets\problem_detector_multiclass_100_lab_julio_orihuela_20260625_104924,0060_julio_orihuela__piloto_recortes_problemas__S11-_reas_de_regiones_planas_p0138,72bd4060_28327b43684b63d7,julio_orihuela,piloto_recortes_problemas,6,5,3,images/train/72bd4060_28327b43684b63d7.png,labels/train/72bd4060_28327b43684b63d7.txt,metadata/train/72bd4060_28327b43684b63d7.json
train,E:\Github\Auditor-IA\.cache\transcriptor_runs\datasets\problem_detector_multiclass_100_lab_julio_orihuela_20260625_104924,0073_julio_orihuela__piloto_recortes_problemas__S11-_reas_de_regiones_planas_p0093_2,72bd4060_28a31a7e00cef4e9,julio_orihuela,piloto_recortes_problemas,5,5,4,images/train/72bd4060_28a31a7e00cef4e9.png,labels/train/72bd4060_28a31a7e00cef4e9.txt,metadata/train/72bd4060_28a31a7e00cef4e9.json
train,E:\Github\Auditor-IA\.cache\transcriptor_runs\datasets\problem_detector_multiclass_100_lab_julio_orihuela_20260625_104924,0026_julio_orihuela__piloto_recortes_problemas__S11-_reas_de_regiones_planas_p0095,72bd4060_2ade76650d1c1154,julio_orihuela,piloto_recortes_problemas,6,6,6,images/train/72bd4060_2ade76650d1c1154.png,labels/train/72bd4060_2ade76650d1c1154.txt,metadata/train/72bd4060_2ade76650d1c1154.json
train,E:\Github\Auditor-IA\.cache\transcriptor_runs\datasets\problem_detector_multiclass_100_lab_julio_orihuela_20260625_104924,0046_julio_orihuela__piloto_recortes_problemas__piloto_recortes_problemas__S11-_reas_de_regiones_planas_p0109,72bd4060_2c13af28169e7104,julio_orihuela,piloto_recortes_problemas,8,8,7,images/train/72bd4060_2c13af28169e7104.png,labels/train/72bd4060_2c13af28169e7104.txt,metadata/train/72bd4060_2c13af28169e7104.json
train,E:\Github\Auditor-IA\.cache\transcriptor_runs\datasets\problem_detector_multiclass_100_lab_julio_orihuela_20260625_104924,0043_julio_orihuela__piloto_recortes_problemas__piloto_recortes_problemas__S9-Relaciones_M_tricas_p0135,72bd4060_2e73d7a5684e4af2,julio_orihuela,piloto_recortes_problemas,7,5,5,images/train/72bd4060_2e73d7a5684e4af2.png,labels/train/72bd4060_2e73d7a5684e4af2.txt,metadata/train/72bd4060_2e73d7a5684e4af2.json
train,E:\Github\Auditor-IA\.cache\transcriptor_runs\datasets\problem_detector_multiclass_100_lab_julio_orihuela_20260625_104924,0016_julio_orihuela__piloto_recortes_problemas__piloto_recortes_problemas__S6-Circunferencia_p0129,72bd4060_33af92ff5d916fb9,julio_orihuela,piloto_recortes_problemas,7,5,4,images/train/72bd4060_33af92ff5d916fb9.png,labels/train/72bd4060_33af92ff5d916fb9.txt,metadata/train/72bd4060_33af92ff5d916fb9.json
train,E:\Github\Auditor-IA\.cache\transcriptor_runs\datasets\problem_detector_multiclass_100_lab_julio_orihuela_20260625_104924,0077_julio_orihuela__piloto_recortes_problemas__S6-Circunferencia_p0130,72bd4060_367d786e813d19a1,julio_orihuela,piloto_recortes_problemas,7,5,6,images/train/72bd4060_367d786e813d19a1.png,labels/train/72bd4060_367d786e813d19a1.txt,metadata/train/72bd4060_367d786e813d19a1.json
train,E:\Github\Auditor-IA\.cache\transcriptor_runs\datasets\problem_detector_multiclass_100_lab_julio_orihuela_20260625_104924,0050_julio_orihuela__piloto_recortes_problemas__piloto_recortes_problemas__S11-_reas_de_regiones_planas_p0135,72bd4060_36f16297c89f4d65,julio_orihuela,piloto_recortes_problemas,5,5,3,images/train/72bd4060_36f16297c89f4d65.png,labels/train/72bd4060_36f16297c89f4d65.txt,metadata/train/72bd4060_36f16297c89f4d65.json
train,E:\Github\Auditor-IA\.cache\transcriptor_runs\datasets\problem_detector_multiclass_100_lab_julio_orihuela_20260625_104924,0002_julio_orihuela__piloto_recortes_problemas__piloto_recortes_problemas__S9-Relaciones_M_tricas_p0095,72bd4060_3a88608815f971eb,julio_orihuela,piloto_recortes_problemas,5,5,5,images/train/72bd4060_3a88608815f971eb.png,labels/train/72bd4060_3a88608815f971eb.txt,metadata/train/72bd4060_3a88608815f971eb.json
train,E:\Github\Auditor-IA\.cache\transcriptor_runs\datasets\problem_detector_multiclass_100_lab_julio_orihuela_20260625_104924,0011_julio_orihuela__piloto_recortes_problemas__S6-Circunferencia_p0116,72bd4060_3da335bfbb12139b,julio_orihuela,piloto_recortes_problemas,8,7,8,images/train/72bd4060_3da335bfbb12139b.png,labels/train/72bd4060_3da335bfbb12139b.txt,metadata/train/72bd4060_3da335bfbb12139b.json
train,E:\Github\Auditor-IA\.cache\transcriptor_runs\datasets\problem_detector_multiclass_100_lab_julio_orihuela_20260625_104924,0082_julio_orihuela__piloto_recortes_problemas__piloto_recortes_problemas__S9-Relaciones_M_tricas_p0133,72bd4060_42f411cb41fdfb6a,julio_orihuela,piloto_recortes_problemas,7,7,6,images/train/72bd4060_42f411cb41fdfb6a.png,labels/train/72bd4060_42f411cb41fdfb6a.txt,metadata/train/72bd4060_42f411cb41fdfb6a.json
train,E:\Github\Auditor-IA\.cache\transcriptor_runs\datasets\problem_detector_multiclass_100_lab_julio_orihuela_20260625_104924,0051_julio_orihuela__areas-de-regiones-planas__propuestos__S11-_reas_de_regiones_planas__p0316,72bd4060_4337b85d4df0ce60,julio_orihuela,areas-de-regiones-planas__propuestos,7,5,5,images/train/72bd4060_4337b85d4df0ce60.png,labels/train/72bd4060_4337b85d4df0ce60.txt,metadata/train/72bd4060_4337b85d4df0ce60.json
train,E:\Github\Auditor-IA\.cache\transcriptor_runs\datasets\problem_detector_multiclass_100_lab_julio_orihuela_20260625_104924,0079_julio_orihuela__piloto_recortes_problemas__S6-Circunferencia_p0134,72bd4060_44f3cc699c09e903,julio_orihuela,piloto_recortes_problemas,6,5,5,images/train/72bd4060_44f3cc699c09e903.png,labels/train/72bd4060_44f3cc699c09e903.txt,metadata/train/72bd4060_44f3cc699c09e903.json
train,E:\Github\Auditor-IA\.cache\transcriptor_runs\datasets\problem_detector_multiclass_100_lab_julio_orihuela_20260625_104924,0075_julio_orihuela__areas-de-regiones-planas__propuestos__S11-_reas_de_regiones_planas__p0323,72bd4060_48b828ef4aecc233,julio_orihuela,areas-de-regiones-planas__propuestos,8,6,6,images/train/72bd4060_48b828ef4aecc233.png,labels/train/72bd4060_48b828ef4aecc233.txt,metadata/train/72bd4060_48b828ef4aecc233.json
train,E:\Github\Auditor-IA\.cache\transcriptor_runs\datasets\problem_detector_multiclass_100_lab_julio_orihuela_20260625_104924,0095_julio_orihuela__piloto_recortes_problemas__piloto_recortes_problemas__S11-_reas_de_regiones_planas_p0122,72bd4060_499642e8f5732c03,julio_orihuela,piloto_recortes_problemas,6,5,5,images/train/72bd4060_499642e8f5732c03.png,labels/train/72bd4060_499642e8f5732c03.txt,metadata/train/72bd4060_499642e8f5732c03.json
train,E:\Github\Auditor-IA\.cache\transcriptor_runs\datasets\problem_detector_multiclass_100_lab_julio_orihuela_20260625_104924,0019_julio_orihuela__piloto_recortes_problemas__S6-Circunferencia_p0145,72bd4060_4bd0e88d74d96b1d,julio_orihuela,piloto_recortes_problemas,6,6,6,images/train/72bd4060_4bd0e88d74d96b1d.png,labels/train/72bd4060_4bd0e88d74d96b1d.txt,metadata/train/72bd4060_4bd0e88d74d96b1d.json
train,E:\Github\Auditor-IA\.cache\transcriptor_runs\datasets\problem_detector_multiclass_100_lab_julio_orihuela_20260625_104924,0053_julio_orihuela__piloto_recortes_problemas__piloto_recortes_problemas__S9-Relaciones_M_tricas_p0091,72bd4060_54ede1380e9267aa,julio_orihuela,piloto_recortes_problemas,6,5,4,images/train/72bd4060_54ede1380e9267aa.png,labels/train/72bd4060_54ede1380e9267aa.txt,metadata/train/72bd4060_54ede1380e9267aa.json
train,E:\Github\Auditor-IA\.cache\transcriptor_runs\datasets\problem_detector_multiclass_100_lab_julio_orihuela_20260625_104924,0052_julio_orihuela__piloto_recortes_problemas__piloto_recortes_problemas__S11-_reas_de_regiones_planas_p0114,72bd4060_57e5245ea6935966,julio_orihuela,piloto_recortes_problemas,6,5,5,images/train/72bd4060_57e5245ea6935966.png,labels/train/72bd4060_57e5245ea6935966.txt,metadata/train/72bd4060_57e5245ea6935966.json
train,E:\Github\Auditor-IA\.cache\transcriptor_runs\datasets\problem_detector_multiclass_100_lab_julio_orihuela_20260625_104924,0030_julio_orihuela__piloto_recortes_problemas__S9-Relaciones_M_tricas_p0079,72bd4060_5b9faf72476d3367,julio_orihuela,piloto_recortes_problemas,6,6,5,images/train/72bd4060_5b9faf72476d3367.png,labels/train/72bd4060_5b9faf72476d3367.txt,metadata/train/72bd4060_5b9faf72476d3367.json
train,E:\Github\Auditor-IA\.cache\transcriptor_runs\datasets\problem_detector_multiclass_100_lab_julio_orihuela_20260625_104924,0057_julio_orihuela__piloto_recortes_problemas__piloto_recortes_problemas__S6-Circunferencia_p0105,72bd4060_5c032772b5532344,julio_orihuela,piloto_recortes_problemas,6,6,6,images/train/72bd4060_5c032772b5532344.png,labels/train/72bd4060_5c032772b5532344.txt,metadata/train/72bd4060_5c032772b5532344.json
train,E:\Github\Auditor-IA\.cache\transcriptor_runs\datasets\problem_detector_multiclass_100_lab_julio_orihuela_20260625_104924,0005_julio_orihuela__piloto_recortes_problemas__circunferencia__propuestos__S6-Circunferencia__p0299,72bd4060_5f52449904e58eaf,julio_orihuela,piloto_recortes_problemas,4,3,3,images/train/72bd4060_5f52449904e58eaf.png,labels/train/72bd4060_5f52449904e58eaf.txt,metadata/train/72bd4060_5f52449904e58eaf.json
train,E:\Github\Auditor-IA\.cache\transcriptor_runs\datasets\problem_detector_multiclass_100_lab_julio_orihuela_20260625_104924,0015_julio_orihuela__areas-de-regiones-planas__propuestos__S11-_reas_de_regiones_planas__p0305,72bd4060_65ae339ba74999fa,julio_orihuela,areas-de-regiones-planas__propuestos,4,2,3,images/train/72bd4060_65ae339ba74999fa.png,labels/train/72bd4060_65ae339ba74999fa.txt,metadata/train/72bd4060_65ae339ba74999fa.json
train,E:\Github\Auditor-IA\.cache\transcriptor_runs\datasets\problem_detector_multiclass_100_lab_julio_orihuela_20260625_104924,0009_julio_orihuela__piloto_recortes_problemas__piloto_recortes_problemas__S11-_reas_de_regiones_planas_p0139,72bd4060_65b2f52c60014e91,julio_orihuela,piloto_recortes_problemas,4,4,4,images/train/72bd4060_65b2f52c60014e91.png,labels/train/72bd4060_65b2f52c60014e91.txt,metadata/train/72bd4060_65b2f52c60014e91.json
train,E:\Github\Auditor-IA\.cache\transcriptor_runs\datasets\problem_detector_multiclass_100_lab_julio_orihuela_20260625_104924,0003_julio_orihuela__piloto_recortes_problemas__piloto_recortes_problemas__S11-_reas_de_regiones_planas_p0141,72bd4060_6723a1aaaa23858c,julio_orihuela,piloto_recortes_problemas,6,5,5,images/train/72bd4060_6723a1aaaa23858c.png,labels/train/72bd4060_6723a1aaaa23858c.txt,metadata/train/72bd4060_6723a1aaaa23858c.json
train,E:\Github\Auditor-IA\.cache\transcriptor_runs\datasets\problem_detector_multiclass_100_lab_julio_orihuela_20260625_104924,0006_julio_orihuela__circunferencia__propuestos__S6-Circunferencia__p0291,72bd4060_6874687af0e92eac,julio_orihuela,circunferencia__propuestos,6,4,5,images/train/72bd4060_6874687af0e92eac.png,labels/train/72bd4060_6874687af0e92eac.txt,metadata/train/72bd4060_6874687af0e92eac.json
train,E:\Github\Auditor-IA\.cache\transcriptor_runs\datasets\problem_detector_multiclass_100_lab_julio_orihuela_20260625_104924,0088_julio_orihuela__piloto_recortes_problemas__piloto_recortes_problemas__S11-_reas_de_regiones_planas_p0129,72bd4060_6a77b754187c3732,julio_orihuela,piloto_recortes_problemas,6,5,5,images/train/72bd4060_6a77b754187c3732.png,labels/train/72bd4060_6a77b754187c3732.txt,metadata/train/72bd4060_6a77b754187c3732.json
train,E:\Github\Auditor-IA\.cache\transcriptor_runs\datasets\problem_detector_multiclass_100_lab_julio_orihuela_20260625_104924,0055_julio_orihuela__piloto_recortes_problemas__S9-Relaciones_M_tricas_p0111,72bd4060_6fe600a3ac8ec14d,julio_orihuela,piloto_recortes_problemas,7,5,5,images/train/72bd4060_6fe600a3ac8ec14d.png,labels/train/72bd4060_6fe600a3ac8ec14d.txt,metadata/train/72bd4060_6fe600a3ac8ec14d.json
train,E:\Github\Auditor-IA\.cache\transcriptor_runs\datasets\problem_detector_multiclass_100_lab_julio_orihuela_20260625_104924,0028_julio_orihuela__piloto_recortes_problemas__piloto_recortes_problemas__S6-Circunferencia_p0110,72bd4060_70c4078ce4c5010e,julio_orihuela,piloto_recortes_problemas,7,6,6,images/train/72bd4060_70c4078ce4c5010e.png,labels/train/72bd4060_70c4078ce4c5010e.txt,metadata/train/72bd4060_70c4078ce4c5010e.json
train,E:\Github\Auditor-IA\.cache\transcriptor_runs\datasets\problem_detector_multiclass_100_lab_julio_orihuela_20260625_104924,0091_julio_orihuela__circunferencia__propuestos__S6-Circunferencia__p0306,72bd4060_744f133cef26eb92,julio_orihuela,circunferencia__propuestos,7,5,5,images/train/72bd4060_744f133cef26eb92.png,labels/train/72bd4060_744f133cef26eb92.txt,metadata/train/72bd4060_744f133cef26eb92.json
train,E:\Github\Auditor-IA\.cache\transcriptor_runs\datasets\problem_detector_multiclass_100_lab_julio_orihuela_20260625_104924,0027_julio_orihuela__piloto_recortes_problemas__S9-Relaciones_M_tricas_p0108,72bd4060_786f69372195a963,julio_orihuela,piloto_recortes_problemas,6,4,5,images/train/72bd4060_786f69372195a963.png,labels/train/72bd4060_786f69372195a963.txt,metadata/train/72bd4060_786f69372195a963.json
train,E:\Github\Auditor-IA\.cache\transcriptor_runs\datasets\problem_detector_multiclass_100_lab_julio_orihuela_20260625_104924,0033_julio_orihuela__areas-de-regiones-planas__propuestos__S11-_reas_de_regiones_planas__p0335,72bd4060_7a38316a0b171538,julio_orihuela,areas-de-regiones-planas__propuestos,5,5,5,images/train/72bd4060_7a38316a0b171538.png,labels/train/72bd4060_7a38316a0b171538.txt,metadata/train/72bd4060_7a38316a0b171538.json
train,E:\Github\Auditor-IA\.cache\transcriptor_runs\datasets\problem_detector_multiclass_100_lab_julio_orihuela_20260625_104924,0025_julio_orihuela__piloto_recortes_problemas__S9-Relaciones_M_tricas_p0082,72bd4060_7ab0158d70f67ed5,julio_orihuela,piloto_recortes_problemas,7,5,5,images/train/72bd4060_7ab0158d70f67ed5.png,labels/train/72bd4060_7ab0158d70f67ed5.txt,metadata/train/72bd4060_7ab0158d70f67ed5.json
train,E:\Github\Auditor-IA\.cache\transcriptor_runs\datasets\problem_detector_multiclass_100_lab_julio_orihuela_20260625_104924,0059_julio_orihuela__areas-de-regiones-planas__resueltos__S11-_reas_de_regiones_planas__p0124,72bd4060_84412493016f9aaa,julio_orihuela,areas-de-regiones-planas__resueltos,6,6,3,images/train/72bd4060_84412493016f9aaa.png,labels/train/72bd4060_84412493016f9aaa.txt,metadata/train/72bd4060_84412493016f9aaa.json
train,E:\Github\Auditor-IA\.cache\transcriptor_runs\datasets\problem_detector_multiclass_100_lab_julio_orihuela_20260625_104924,0092_julio_orihuela__piloto_recortes_problemas__S9-Relaciones_M_tricas_p0127,72bd4060_84cf4709bd564f86,julio_orihuela,piloto_recortes_problemas,7,5,6,images/train/72bd4060_84cf4709bd564f86.png,labels/train/72bd4060_84cf4709bd564f86.txt,metadata/train/72bd4060_84cf4709bd564f86.json
train,E:\Github\Auditor-IA\.cache\transcriptor_runs\datasets\problem_detector_multiclass_100_lab_julio_orihuela_20260625_104924,0044_julio_orihuela__piloto_recortes_problemas__piloto_recortes_problemas__S11-_reas_de_regiones_planas_p0130,72bd4060_850f2cfba9594359,julio_orihuela,piloto_recortes_problemas,6,5,5,images/train/72bd4060_850f2cfba9594359.png,labels/train/72bd4060_850f2cfba9594359.txt,metadata/train/72bd4060_850f2cfba9594359.json
train,E:\Github\Auditor-IA\.cache\transcriptor_runs\datasets\problem_detector_multiclass_100_lab_julio_orihuela_20260625_104924,0004_julio_orihuela__piloto_recortes_problemas__S11-_reas_de_regiones_planas_p0118,72bd4060_8bd2702b8d2af3f6,julio_orihuela,piloto_recortes_problemas,5,4,5,images/train/72bd4060_8bd2702b8d2af3f6.png,labels/train/72bd4060_8bd2702b8d2af3f6.txt,metadata/train/72bd4060_8bd2702b8d2af3f6.json
train,E:\Github\Auditor-IA\.cache\transcriptor_runs\datasets\problem_detector_multiclass_100_lab_julio_orihuela_20260625_104924,0021_julio_orihuela__areas-de-regiones-planas__resueltos__S11-_reas_de_regiones_planas_p0141_2,72bd4060_8c241a71f17726db,julio_orihuela,areas-de-regiones-planas__resueltos,6,5,5,images/train/72bd4060_8c241a71f17726db.png,labels/train/72bd4060_8c241a71f17726db.txt,metadata/train/72bd4060_8c241a71f17726db.json
train,E:\Github\Auditor-IA\.cache\transcriptor_runs\datasets\problem_detector_multiclass_100_lab_julio_orihuela_20260625_104924,0100_julio_orihuela__piloto_recortes_problemas__piloto_recortes_problemas__S11-_reas_de_regiones_planas_p0094,72bd4060_90ca06e5fd4ae2d4,julio_orihuela,piloto_recortes_problemas,8,6,7,images/train/72bd4060_90ca06e5fd4ae2d4.png,labels/train/72bd4060_90ca06e5fd4ae2d4.txt,metadata/train/72bd4060_90ca06e5fd4ae2d4.json
train,E:\Github\Auditor-IA\.cache\transcriptor_runs\datasets\problem_detector_multiclass_100_lab_julio_orihuela_20260625_104924,0037_julio_orihuela__piloto_recortes_problemas__S6-Circunferencia_p0146,72bd4060_9220c014b8c22eff,julio_orihuela,piloto_recortes_problemas,3,3,3,images/train/72bd4060_9220c014b8c22eff.png,labels/train/72bd4060_9220c014b8c22eff.txt,metadata/train/72bd4060_9220c014b8c22eff.json
train,E:\Github\Auditor-IA\.cache\transcriptor_runs\datasets\problem_detector_multiclass_100_lab_julio_orihuela_20260625_104924,0069_julio_orihuela__piloto_recortes_problemas__circunferencia__propuestos__S6-Circunferencia__p0322,72bd4060_95f7fc4a8119e8f2,julio_orihuela,piloto_recortes_problemas,5,4,4,images/train/72bd4060_95f7fc4a8119e8f2.png,labels/train/72bd4060_95f7fc4a8119e8f2.txt,metadata/train/72bd4060_95f7fc4a8119e8f2.json
train,E:\Github\Auditor-IA\.cache\transcriptor_runs\datasets\problem_detector_multiclass_100_lab_julio_orihuela_20260625_104924,0039_julio_orihuela__piloto_recortes_problemas__circunferencia__propuestos__S6-Circunferencia__p0330,72bd4060_9981b88b9e1f93bb,julio_orihuela,piloto_recortes_problemas,7,5,4,images/train/72bd4060_9981b88b9e1f93bb.png,labels/train/72bd4060_9981b88b9e1f93bb.txt,metadata/train/72bd4060_9981b88b9e1f93bb.json
train,E:\Github\Auditor-IA\.cache\transcriptor_runs\datasets\problem_detector_multiclass_100_lab_julio_orihuela_20260625_104924,0031_julio_orihuela__piloto_recortes_problemas__S11-_reas_de_regiones_planas_p0105,72bd4060_9b5abb36f5e8b626,julio_orihuela,piloto_recortes_problemas,4,4,3,images/train/72bd4060_9b5abb36f5e8b626.png,labels/train/72bd4060_9b5abb36f5e8b626.txt,metadata/train/72bd4060_9b5abb36f5e8b626.json
train,E:\Github\Auditor-IA\.cache\transcriptor_runs\datasets\problem_detector_multiclass_100_lab_julio_orihuela_20260625_104924,0063_julio_orihuela__piloto_recortes_problemas__piloto_recortes_problemas__S11-_reas_de_regiones_planas_p0119,72bd4060_9d0c8b482557e5d8,julio_orihuela,piloto_recortes_problemas,4,4,4,images/train/72bd4060_9d0c8b482557e5d8.png,labels/train/72bd4060_9d0c8b482557e5d8.txt,metadata/train/72bd4060_9d0c8b482557e5d8.json
train,E:\Github\Auditor-IA\.cache\transcriptor_runs\datasets\problem_detector_multiclass_100_lab_julio_orihuela_20260625_104924,0066_julio_orihuela__areas-de-regiones-planas__resueltos__S11-_reas_de_regiones_planas__p0118,72bd4060_9e1b321b1c305d11,julio_orihuela,areas-de-regiones-planas__resueltos,5,4,5,images/train/72bd4060_9e1b321b1c305d11.png,labels/train/72bd4060_9e1b321b1c305d11.txt,metadata/train/72bd4060_9e1b321b1c305d11.json
train,E:\Github\Auditor-IA\.cache\transcriptor_runs\datasets\problem_detector_multiclass_100_lab_julio_orihuela_20260625_104924,0080_julio_orihuela__piloto_recortes_problemas__S6-Circunferencia_p0126,72bd4060_9e9b5c36cd7ce028,julio_orihuela,piloto_recortes_problemas,7,6,5,images/train/72bd4060_9e9b5c36cd7ce028.png,labels/train/72bd4060_9e9b5c36cd7ce028.txt,metadata/train/72bd4060_9e9b5c36cd7ce028.json
train,E:\Github\Auditor-IA\.cache\transcriptor_runs\datasets\problem_detector_multiclass_100_lab_julio_orihuela_20260625_104924,0020_julio_orihuela__piloto_recortes_problemas__S9-Relaciones_M_tricas_p0133,72bd4060_a02bebf055586de8,julio_orihuela,piloto_recortes_problemas,7,7,6,images/train/72bd4060_a02bebf055586de8.png,labels/train/72bd4060_a02bebf055586de8.txt,metadata/train/72bd4060_a02bebf055586de8.json
train,E:\Github\Auditor-IA\.cache\transcriptor_runs\datasets\problem_detector_multiclass_100_lab_julio_orihuela_20260625_104924,0054_julio_orihuela__areas-de-regiones-planas__resueltos__S11-_reas_de_regiones_planas__p0108,72bd4060_a887fcdcfcb97119,julio_orihuela,areas-de-regiones-planas__resueltos,7,7,6,images/train/72bd4060_a887fcdcfcb97119.png,labels/train/72bd4060_a887fcdcfcb97119.txt,metadata/train/72bd4060_a887fcdcfcb97119.json
train,E:\Github\Auditor-IA\.cache\transcriptor_runs\datasets\problem_detector_multiclass_100_lab_julio_orihuela_20260625_104924,0081_julio_orihuela__piloto_recortes_problemas__piloto_recortes_problemas__S11-_reas_de_regiones_planas_p0116,72bd4060_a9266d240ff0c3a3,julio_orihuela,piloto_recortes_problemas,5,5,5,images/train/72bd4060_a9266d240ff0c3a3.png,labels/train/72bd4060_a9266d240ff0c3a3.txt,metadata/train/72bd4060_a9266d240ff0c3a3.json
train,E:\Github\Auditor-IA\.cache\transcriptor_runs\datasets\problem_detector_multiclass_100_lab_julio_orihuela_20260625_104924,0012_julio_orihuela__piloto_recortes_problemas__S11-_reas_de_regiones_planas_p0126,72bd4060_ab80ddfb1a54a339,julio_orihuela,piloto_recortes_problemas,6,6,6,images/train/72bd4060_ab80ddfb1a54a339.png,labels/train/72bd4060_ab80ddfb1a54a339.txt,metadata/train/72bd4060_ab80ddfb1a54a339.json
train,E:\Github\Auditor-IA\.cache\transcriptor_runs\datasets\problem_detector_multiclass_100_lab_julio_orihuela_20260625_104924,0072_julio_orihuela__piloto_recortes_problemas__piloto_recortes_problemas__S9-Relaciones_M_tricas_p0120,72bd4060_b0f267f0c3517bd6,julio_orihuela,piloto_recortes_problemas,6,5,3,images/train/72bd4060_b0f267f0c3517bd6.png,labels/train/72bd4060_b0f267f0c3517bd6.txt,metadata/train/72bd4060_b0f267f0c3517bd6.json
train,E:\Github\Auditor-IA\.cache\transcriptor_runs\datasets\problem_detector_multiclass_100_lab_julio_orihuela_20260625_104924,0097_julio_orihuela__piloto_recortes_problemas__S6-Circunferencia_p0108,72bd4060_b27a41c653167699,julio_orihuela,piloto_recortes_problemas,7,6,5,images/train/72bd4060_b27a41c653167699.png,labels/train/72bd4060_b27a41c653167699.txt,metadata/train/72bd4060_b27a41c653167699.json
train,E:\Github\Auditor-IA\.cache\transcriptor_runs\datasets\problem_detector_multiclass_100_lab_julio_orihuela_20260625_104924,0041_julio_orihuela__piloto_recortes_problemas__piloto_recortes_problemas__S9-Relaciones_M_tricas_p0089,72bd4060_b6f5a59750ae021f,julio_orihuela,piloto_recortes_problemas,6,5,6,images/train/72bd4060_b6f5a59750ae021f.png,labels/train/72bd4060_b6f5a59750ae021f.txt,metadata/train/72bd4060_b6f5a59750ae021f.json
train,E:\Github\Auditor-IA\.cache\transcriptor_runs\datasets\problem_detector_multiclass_100_lab_julio_orihuela_20260625_104924,0089_julio_orihuela__areas-de-regiones-planas__resueltos__S11-_reas_de_regiones_planas__p0109,72bd4060_bcacfd8db7b50784,julio_orihuela,areas-de-regiones-planas__resueltos,8,8,7,images/train/72bd4060_bcacfd8db7b50784.png,labels/train/72bd4060_bcacfd8db7b50784.txt,metadata/train/72bd4060_bcacfd8db7b50784.json
train,E:\Github\Auditor-IA\.cache\transcriptor_runs\datasets\problem_detector_multiclass_100_lab_julio_orihuela_20260625_104924,0038_julio_orihuela__piloto_recortes_problemas__S9-Relaciones_M_tricas_p0129,72bd4060_c6f61b1412e7c176,julio_orihuela,piloto_recortes_problemas,4,4,4,images/train/72bd4060_c6f61b1412e7c176.png,labels/train/72bd4060_c6f61b1412e7c176.txt,metadata/train/72bd4060_c6f61b1412e7c176.json
train,E:\Github\Auditor-IA\.cache\transcriptor_runs\datasets\problem_detector_multiclass_100_lab_julio_orihuela_20260625_104924,0040_julio_orihuela__piloto_recortes_problemas__piloto_recortes_problemas__S6-Circunferencia_p0124,72bd4060_c72b32eda13467b6,julio_orihuela,piloto_recortes_problemas,7,6,2,images/train/72bd4060_c72b32eda13467b6.png,labels/train/72bd4060_c72b32eda13467b6.txt,metadata/train/72bd4060_c72b32eda13467b6.json
train,E:\Github\Auditor-IA\.cache\transcriptor_runs\datasets\problem_detector_multiclass_100_lab_julio_orihuela_20260625_104924,0071_julio_orihuela__circunferencia__propuestos__S6-Circunferencia__p0340,72bd4060_c99b4fdbc8dee827,julio_orihuela,circunferencia__propuestos,6,5,6,images/train/72bd4060_c99b4fdbc8dee827.png,labels/train/72bd4060_c99b4fdbc8dee827.txt,metadata/train/72bd4060_c99b4fdbc8dee827.json
train,E:\Github\Auditor-IA\.cache\transcriptor_runs\datasets\problem_detector_multiclass_100_lab_julio_orihuela_20260625_104924,0036_julio_orihuela__areas-de-regiones-planas__resueltos__S11-_reas_de_regiones_planas__p0097,72bd4060_ca1faadfdf0a0fcc,julio_orihuela,areas-de-regiones-planas__resueltos,6,5,5,images/train/72bd4060_ca1faadfdf0a0fcc.png,labels/train/72bd4060_ca1faadfdf0a0fcc.txt,metadata/train/72bd4060_ca1faadfdf0a0fcc.json
train,E:\Github\Auditor-IA\.cache\transcriptor_runs\datasets\problem_detector_multiclass_100_lab_julio_orihuela_20260625_104924,0064_julio_orihuela__piloto_recortes_problemas__piloto_recortes_problemas__S9-Relaciones_M_tricas_p0107,72bd4060_caf00a3d0022bff2,julio_orihuela,piloto_recortes_problemas,6,4,4,images/train/72bd4060_caf00a3d0022bff2.png,labels/train/72bd4060_caf00a3d0022bff2.txt,metadata/train/72bd4060_caf00a3d0022bff2.json
train,E:\Github\Auditor-IA\.cache\transcriptor_runs\datasets\problem_detector_multiclass_100_lab_julio_orihuela_20260625_104924,0018_julio_orihuela__piloto_recortes_problemas__S6-Circunferencia_p0092,72bd4060_d2306cce13118ed4,julio_orihuela,piloto_recortes_problemas,6,5,5,images/train/72bd4060_d2306cce13118ed4.png,labels/train/72bd4060_d2306cce13118ed4.txt,metadata/train/72bd4060_d2306cce13118ed4.json
train,E:\Github\Auditor-IA\.cache\transcriptor_runs\datasets\problem_detector_multiclass_100_lab_julio_orihuela_20260625_104924,0032_julio_orihuela__piloto_recortes_problemas__piloto_recortes_problemas__S9-Relaciones_M_tricas_p0080,72bd4060_d4cfb1adab112b5a,julio_orihuela,piloto_recortes_problemas,6,5,5,images/train/72bd4060_d4cfb1adab112b5a.png,labels/train/72bd4060_d4cfb1adab112b5a.txt,metadata/train/72bd4060_d4cfb1adab112b5a.json
train,E:\Github\Auditor-IA\.cache\transcriptor_runs\datasets\problem_detector_multiclass_100_lab_julio_orihuela_20260625_104924,0099_julio_orihuela__areas-de-regiones-planas__resueltos__S11-_reas_de_regiones_planas_p0144_2,72bd4060_d77b80c5eeda1e80,julio_orihuela,areas-de-regiones-planas__resueltos,5,4,5,images/train/72bd4060_d77b80c5eeda1e80.png,labels/train/72bd4060_d77b80c5eeda1e80.txt,metadata/train/72bd4060_d77b80c5eeda1e80.json
train,E:\Github\Auditor-IA\.cache\transcriptor_runs\datasets\problem_detector_multiclass_100_lab_julio_orihuela_20260625_104924,0017_julio_orihuela__piloto_recortes_problemas__circunferencia__propuestos__S6-Circunferencia__p0287,72bd4060_db0117f8d3ce3d12,julio_orihuela,piloto_recortes_problemas,5,5,4,images/train/72bd4060_db0117f8d3ce3d12.png,labels/train/72bd4060_db0117f8d3ce3d12.txt,metadata/train/72bd4060_db0117f8d3ce3d12.json
train,E:\Github\Auditor-IA\.cache\transcriptor_runs\datasets\problem_detector_multiclass_100_lab_julio_orihuela_20260625_104924,0087_julio_orihuela__piloto_recortes_problemas__S9-Relaciones_M_tricas_p0130,72bd4060_ddc3f2190cdcc3b0,julio_orihuela,piloto_recortes_problemas,6,6,5,images/train/72bd4060_ddc3f2190cdcc3b0.png,labels/train/72bd4060_ddc3f2190cdcc3b0.txt,metadata/train/72bd4060_ddc3f2190cdcc3b0.json
train,E:\Github\Auditor-IA\.cache\transcriptor_runs\datasets\problem_detector_multiclass_100_lab_julio_orihuela_20260625_104924,0047_julio_orihuela__piloto_recortes_problemas__S6-Circunferencia_p0136,72bd4060_df2178b2c57623dc,julio_orihuela,piloto_recortes_problemas,6,6,5,images/train/72bd4060_df2178b2c57623dc.png,labels/train/72bd4060_df2178b2c57623dc.txt,metadata/train/72bd4060_df2178b2c57623dc.json
train,E:\Github\Auditor-IA\.cache\transcriptor_runs\datasets\problem_detector_multiclass_100_lab_julio_orihuela_20260625_104924,0070_julio_orihuela__piloto_recortes_problemas__piloto_recortes_problemas__S11-_reas_de_regiones_planas_p0146,72bd4060_e2f2514119f47de9,julio_orihuela,piloto_recortes_problemas,6,5,5,images/train/72bd4060_e2f2514119f47de9.png,labels/train/72bd4060_e2f2514119f47de9.txt,metadata/train/72bd4060_e2f2514119f47de9.json
train,E:\Github\Auditor-IA\.cache\transcriptor_runs\datasets\problem_detector_multiclass_100_lab_julio_orihuela_20260625_104924,0023_julio_orihuela__piloto_recortes_problemas__circunferencia__propuestos__S6-Circunferencia__p0303,72bd4060_e5d5c4a36be495b2,julio_orihuela,piloto_recortes_problemas,7,7,6,images/train/72bd4060_e5d5c4a36be495b2.png,labels/train/72bd4060_e5d5c4a36be495b2.txt,metadata/train/72bd4060_e5d5c4a36be495b2.json
train,E:\Github\Auditor-IA\.cache\transcriptor_runs\datasets\problem_detector_multiclass_100_lab_julio_orihuela_20260625_104924,0042_julio_orihuela__areas-de-regiones-planas__resueltos__S11-_reas_de_regiones_planas__p0104,72bd4060_e789ed9a1857582f,julio_orihuela,areas-de-regiones-planas__resueltos,4,2,4,images/train/72bd4060_e789ed9a1857582f.png,labels/train/72bd4060_e789ed9a1857582f.txt,metadata/train/72bd4060_e789ed9a1857582f.json
train,E:\Github\Auditor-IA\.cache\transcriptor_runs\datasets\problem_detector_multiclass_100_lab_julio_orihuela_20260625_104924,0074_julio_orihuela__areas-de-regiones-planas__resueltos__S11-_reas_de_regiones_planas__p0112,72bd4060_ed0b39dad556a487,julio_orihuela,areas-de-regiones-planas__resueltos,7,7,6,images/train/72bd4060_ed0b39dad556a487.png,labels/train/72bd4060_ed0b39dad556a487.txt,metadata/train/72bd4060_ed0b39dad556a487.json
train,E:\Github\Auditor-IA\.cache\transcriptor_runs\datasets\problem_detector_multiclass_100_lab_julio_orihuela_20260625_104924,0010_julio_orihuela__areas-de-regiones-planas__propuestos__S11-_reas_de_regiones_planas__p0346,72bd4060_edc02dc2acdf4e34,julio_orihuela,areas-de-regiones-planas__propuestos,7,7,7,images/train/72bd4060_edc02dc2acdf4e34.png,labels/train/72bd4060_edc02dc2acdf4e34.txt,metadata/train/72bd4060_edc02dc2acdf4e34.json
train,E:\Github\Auditor-IA\.cache\transcriptor_runs\datasets\problem_detector_multiclass_100_lab_julio_orihuela_20260625_104924,0093_julio_orihuela__piloto_recortes_problemas__piloto_recortes_problemas__S6-Circunferencia_p0097,72bd4060_ef84c9e19ee0d54d,julio_orihuela,piloto_recortes_problemas,6,6,6,images/train/72bd4060_ef84c9e19ee0d54d.png,labels/train/72bd4060_ef84c9e19ee0d54d.txt,metadata/train/72bd4060_ef84c9e19ee0d54d.json
train,E:\Github\Auditor-IA\.cache\transcriptor_runs\datasets\problem_detector_multiclass_100_lab_julio_orihuela_20260625_104924,0048_julio_orihuela__areas-de-regiones-planas__resueltos__S11-_reas_de_regiones_planas_p0153_2,72bd4060_f4bc6e230cb85f39,julio_orihuela,areas-de-regiones-planas__resueltos,3,2,2,images/train/72bd4060_f4bc6e230cb85f39.png,labels/train/72bd4060_f4bc6e230cb85f39.txt,metadata/train/72bd4060_f4bc6e230cb85f39.json
train,E:\Github\Auditor-IA\.cache\transcriptor_runs\datasets\problem_detector_multiclass_100_lab_julio_orihuela_20260625_104924,0007_julio_orihuela__piloto_recortes_problemas__piloto_recortes_problemas__S6-Circunferencia_p0114,72bd4060_f4ee2faf14eb6b89,julio_orihuela,piloto_recortes_problemas,8,6,7,images/train/72bd4060_f4ee2faf14eb6b89.png,labels/train/72bd4060_f4ee2faf14eb6b89.txt,metadata/train/72bd4060_f4ee2faf14eb6b89.json
train,E:\Github\Auditor-IA\.cache\transcriptor_runs\datasets\problem_detector_multiclass_100_lab_julio_orihuela_20260625_104924,0098_julio_orihuela__piloto_recortes_problemas__S6-Circunferencia_p0143,72bd4060_fa3910f7f3083665,julio_orihuela,piloto_recortes_problemas,6,6,6,images/train/72bd4060_fa3910f7f3083665.png,labels/train/72bd4060_fa3910f7f3083665.txt,metadata/train/72bd4060_fa3910f7f3083665.json
train,E:\Github\Auditor-IA\.cache\transcriptor_runs\datasets\problem_detector_multiclass_100_lab_julio_orihuela_20260625_104924,0076_julio_orihuela__areas-de-regiones-planas__resueltos__S11-_reas_de_regiones_planas__p0126,72bd4060_fdf3c9370217e0e0,julio_orihuela,areas-de-regiones-planas__resueltos,6,6,6,images/train/72bd4060_fdf3c9370217e0e0.png,labels/train/72bd4060_fdf3c9370217e0e0.txt,metadata/train/72bd4060_fdf3c9370217e0e0.json
train,E:\Banco de Preguntas\2. GEOMETRIA\17. Otras Academias\ASEUNI SEMIANUAL - GEOMETRIA RESUMENES\temporales\semana_00_-_segmentos_introductorio_1\datasets\problem_detector_corrections,aseuni-semianual-geometria-resumenes__semana_00_-_segmentos_i_f6a5c1c8f0,a932e981_0f8aded3606215a5,,,10,9,9,images/train/a932e981_0f8aded3606215a5.png,labels/train/a932e981_0f8aded3606215a5.txt,metadata/train/a932e981_0f8aded3606215a5.json
train,E:\Banco de Preguntas\2. GEOMETRIA\17. Otras Academias\ASEUNI SEMIANUAL - GEOMETRIA RESUMENES\temporales\semana_00_-_segmentos_introductorio_1\datasets\problem_detector_corrections,aseuni-semianual-geometria-resumenes__semana_00_-_segmentos_i_c10d06bf1a,a932e981_1d70bbe2b0bda2d5,,,8,7,8,images/train/a932e981_1d70bbe2b0bda2d5.png,labels/train/a932e981_1d70bbe2b0bda2d5.txt,metadata/train/a932e981_1d70bbe2b0bda2d5.json
train,E:\Banco de Preguntas\2. GEOMETRIA\17. Otras Academias\ASEUNI SEMIANUAL - GEOMETRIA RESUMENES\temporales\semana_00_-_segmentos_introductorio_1\datasets\problem_detector_corrections,aseuni-semianual-geometria-resumenes__semana_00_-_segmentos_i_949b408208,a932e981_3fac9dc305d7829d,,,9,8,8,images/train/a932e981_3fac9dc305d7829d.png,labels/train/a932e981_3fac9dc305d7829d.txt,metadata/train/a932e981_3fac9dc305d7829d.json
train,E:\Banco de Preguntas\2. GEOMETRIA\17. Otras Academias\ASEUNI SEMIANUAL - GEOMETRIA RESUMENES\temporales\semana_00_-_segmentos_introductorio_1\datasets\problem_detector_corrections,aseuni-semianual-geometria-resumenes__semana_00_-_segmentos_i_5de1e906e6,a932e981_5d6178254f76e679,,,7,7,6,images/train/a932e981_5d6178254f76e679.png,labels/train/a932e981_5d6178254f76e679.txt,metadata/train/a932e981_5d6178254f76e679.json
train,E:\Banco de Preguntas\2. GEOMETRIA\17. Otras Academias\ASEUNI SEMIANUAL - GEOMETRIA RESUMENES\temporales\semana_00_-_segmentos_introductorio_1\datasets\problem_detector_corrections,aseuni-semianual-geometria-resumenes__semana_00_-_segmentos_i_3ade3d75b9,a932e981_5e2975310d6e459e,,,2,2,2,images/train/a932e981_5e2975310d6e459e.png,labels/train/a932e981_5e2975310d6e459e.txt,metadata/train/a932e981_5e2975310d6e459e.json
train,E:\Banco de Preguntas\2. GEOMETRIA\17. Otras Academias\ASEUNI SEMIANUAL - GEOMETRIA RESUMENES\temporales\semana_00_-_segmentos_introductorio_1\datasets\problem_detector_corrections,aseuni-semianual-geometria-resumenes__semana_00_-_segmentos_i_0dd1e8e2bb,a932e981_66ac52b62026530f,,,8,7,7,images/train/a932e981_66ac52b62026530f.png,labels/train/a932e981_66ac52b62026530f.txt,metadata/train/a932e981_66ac52b62026530f.json
val,E:\Banco de Preguntas\2. GEOMETRIA\1. Cuzcano\Julio Orihuela\S11-Áreas_de_regiones_planas\temporales\propuestos\datasets\problem_detector_corrections,areas-de-regiones-planas__propuestos__p0315__S11-_reas_de_reg_efccb02b48,398b5b8d_1417681da1f088d9,,,8,6,6,images/val/398b5b8d_1417681da1f088d9.png,labels/val/398b5b8d_1417681da1f088d9.txt,metadata/val/398b5b8d_1417681da1f088d9.json
val,E:\Banco de Preguntas\2. GEOMETRIA\1. Cuzcano\Julio Orihuela\S11-Áreas_de_regiones_planas\temporales\propuestos\datasets\problem_detector_corrections,areas-de-regiones-planas__propuestos__p0306__S11-_reas_de_reg_1fafe1333a,398b5b8d_42964e886a48639f,,,5,5,4,images/val/398b5b8d_42964e886a48639f.png,labels/val/398b5b8d_42964e886a48639f.txt,metadata/val/398b5b8d_42964e886a48639f.json
val,E:\Banco de Preguntas\2. GEOMETRIA\1. Cuzcano\Julio Orihuela\S11-Áreas_de_regiones_planas\temporales\propuestos\datasets\problem_detector_corrections,areas-de-regiones-planas__propuestos__p0295__S11-_reas_de_reg_14e52f6d75,398b5b8d_47805dfd29aa14a2,,,5,5,4,images/val/398b5b8d_47805dfd29aa14a2.png,labels/val/398b5b8d_47805dfd29aa14a2.txt,metadata/val/398b5b8d_47805dfd29aa14a2.json
val,E:\Banco de Preguntas\2. GEOMETRIA\1. Cuzcano\Julio Orihuela\S11-Áreas_de_regiones_planas\temporales\propuestos\datasets\problem_detector_corrections,areas-de-regiones-planas__propuestos__p0314__S11-_reas_de_reg_00f0f68c22,398b5b8d_47f412e0644fcc64,,,8,7,7,images/val/398b5b8d_47f412e0644fcc64.png,labels/val/398b5b8d_47f412e0644fcc64.txt,metadata/val/398b5b8d_47f412e0644fcc64.json
val,E:\Banco de Preguntas\2. GEOMETRIA\1. Cuzcano\Julio Orihuela\S11-Áreas_de_regiones_planas\temporales\propuestos\datasets\problem_detector_corrections,areas-de-regiones-planas__propuestos__p0329__S11-_reas_de_reg_9159d8687b,398b5b8d_4c1a10c6241c679d,,,6,6,5,images/val/398b5b8d_4c1a10c6241c679d.png,labels/val/398b5b8d_4c1a10c6241c679d.txt,metadata/val/398b5b8d_4c1a10c6241c679d.json
val,E:\Banco de Preguntas\2. GEOMETRIA\1. Cuzcano\Julio Orihuela\S11-Áreas_de_regiones_planas\temporales\propuestos\datasets\problem_detector_corrections,areas-de-regiones-planas__propuestos__p0308__S11-_reas_de_reg_f4d7f6ee2c,398b5b8d_743312ad07b13ada,,,6,5,5,images/val/398b5b8d_743312ad07b13ada.png,labels/val/398b5b8d_743312ad07b13ada.txt,metadata/val/398b5b8d_743312ad07b13ada.json
val,E:\Banco de Preguntas\2. GEOMETRIA\1. Cuzcano\Julio Orihuela\S11-Áreas_de_regiones_planas\temporales\propuestos\datasets\problem_detector_corrections,areas-de-regiones-planas__propuestos__p0307__S11-_reas_de_reg_eaa3e558ce,398b5b8d_7b05032ff81f2738,,,9,7,6,images/val/398b5b8d_7b05032ff81f2738.png,labels/val/398b5b8d_7b05032ff81f2738.txt,metadata/val/398b5b8d_7b05032ff81f2738.json
val,E:\Banco de Preguntas\2. GEOMETRIA\1. Cuzcano\Julio Orihuela\S11-Áreas_de_regiones_planas\temporales\propuestos\datasets\problem_detector_corrections,areas-de-regiones-planas__propuestos__p0348__S11-_reas_de_reg_0940f131de,398b5b8d_de1fc311cf301799,,,6,4,5,images/val/398b5b8d_de1fc311cf301799.png,labels/val/398b5b8d_de1fc311cf301799.txt,metadata/val/398b5b8d_de1fc311cf301799.json
val,E:\Banco de Preguntas\2. GEOMETRIA\1. Cuzcano\Julio Orihuela\S11-Áreas_de_regiones_planas\temporales\propuestos\datasets\problem_detector_corrections,areas-de-regiones-planas__propuestos__p0319__S11-_reas_de_reg_6345cb10f8,398b5b8d_e0d2e5a7c4df09bb,,,5,3,4,images/val/398b5b8d_e0d2e5a7c4df09bb.png,labels/val/398b5b8d_e0d2e5a7c4df09bb.txt,metadata/val/398b5b8d_e0d2e5a7c4df09bb.json
val,E:\Github\Auditor-IA\.cache\transcriptor_runs\datasets\problem_detector_multiclass_100_lab_20260624,0063_nostradamus__academia-nostradamus-semestral-2022-i__semana_n_11_-_proporci_cd2fffdc35__ACADEMIA_NOSTRADAMUS_SEMEST_af4d20e5bd,670a2a6a_02de8c82bed96d59,nostradamus,academia-nostradamus-semestral-2022-i__semana_n_11_-_proporci_cd2fffdc35,2,2,2,images/val/670a2a6a_02de8c82bed96d59.png,labels/val/670a2a6a_02de8c82bed96d59.txt,metadata/val/670a2a6a_02de8c82bed96d59.json
val,E:\Github\Auditor-IA\.cache\transcriptor_runs\datasets\problem_detector_multiclass_100_lab_20260624,0054_aseuni__aseuni-semianual-geometria__semana_2_l_neas_notables_asociada_dc9b1f016c__ASEUNI_SEMIANUAL_-_GEOMETRIA__p0009,670a2a6a_0305310dc69e2438,aseuni,aseuni-semianual-geometria__semana_2_l_neas_notables_asociada_dc9b1f016c,8,8,6,images/val/670a2a6a_0305310dc69e2438.png,labels/val/670a2a6a_0305310dc69e2438.txt,metadata/val/670a2a6a_0305310dc69e2438.json
val,E:\Github\Auditor-IA\.cache\transcriptor_runs\datasets\problem_detector_multiclass_100_lab_20260624,0006_aseuni__aseuni-semianual-geometria__semana_16_reas_de_regiones_triangulares__ASEUNI_SEMIANUAL_-_GEOMETRIA__p0089,670a2a6a_0a3d04df8a3a483c,aseuni,aseuni-semianual-geometria__semana_16_reas_de_regiones_triangulares,8,8,8,images/val/670a2a6a_0a3d04df8a3a483c.png,labels/val/670a2a6a_0a3d04df8a3a483c.txt,metadata/val/670a2a6a_0a3d04df8a3a483c.json
val,E:\Github\Auditor-IA\.cache\transcriptor_runs\datasets\problem_detector_multiclass_100_lab_20260624,0053_julio_orihuela__areas-de-regiones-planas__propuestos__S11-_reas_de_regiones_planas__p0314,670a2a6a_1939a58e2b77c091,julio_orihuela,areas-de-regiones-planas__propuestos,8,7,7,images/val/670a2a6a_1939a58e2b77c091.png,labels/val/670a2a6a_1939a58e2b77c091.txt,metadata/val/670a2a6a_1939a58e2b77c091.json
val,E:\Github\Auditor-IA\.cache\transcriptor_runs\datasets\problem_detector_multiclass_100_lab_20260624,0081_nostradamus__academia-nostradamus-semestral-2022-i__semana_n_03_-_triangulos_ii__ACADEMIA_NOSTRADAMUS_SEMESTRAL_20_b4b0501e5a,670a2a6a_1fb5f2d4b9de5343,nostradamus,academia-nostradamus-semestral-2022-i__semana_n_03_-_triangulos_ii,11,11,11,images/val/670a2a6a_1fb5f2d4b9de5343.png,labels/val/670a2a6a_1fb5f2d4b9de5343.txt,metadata/val/670a2a6a_1fb5f2d4b9de5343.json
val,E:\Github\Auditor-IA\.cache\transcriptor_runs\datasets\problem_detector_multiclass_100_lab_20260624,0086_nostradamus__academia-nostradamus-semestral-2022-i__semana_n_13_-_relacion_39c15ef6ca__ACADEMIA_NOSTRADAMUS_SEMEST_224fbf5dee,670a2a6a_2b0c361e433e0038,nostradamus,academia-nostradamus-semestral-2022-i__semana_n_13_-_relacion_39c15ef6ca,7,7,7,images/val/670a2a6a_2b0c361e433e0038.png,labels/val/670a2a6a_2b0c361e433e0038.txt,metadata/val/670a2a6a_2b0c361e433e0038.json
val,E:\Github\Auditor-IA\.cache\transcriptor_runs\datasets\problem_detector_multiclass_100_lab_20260624,0017_nostradamus__academia-nostradamus-semestral-2022-i__semana_n_01_-_segmento_c52c37f30e__ACADEMIA_NOSTRADAMUS_SEMEST_dcd4fb7454,670a2a6a_32287f5aac77628d,nostradamus,academia-nostradamus-semestral-2022-i__semana_n_01_-_segmento_c52c37f30e,9,8,9,images/val/670a2a6a_32287f5aac77628d.png,labels/val/670a2a6a_32287f5aac77628d.txt,metadata/val/670a2a6a_32287f5aac77628d.json
val,E:\Github\Auditor-IA\.cache\transcriptor_runs\datasets\problem_detector_multiclass_100_lab_20260624,0072_aseuni__aseuni-semianual-geometria__semana_3_congruencia_de_tri_ngulos__ASEUNI_SEMIANUAL_-_GEOMETRIA__p0017,670a2a6a_46414ef0d35e2822,aseuni,aseuni-semianual-geometria__semana_3_congruencia_de_tri_ngulos,8,7,7,images/val/670a2a6a_46414ef0d35e2822.png,labels/val/670a2a6a_46414ef0d35e2822.txt,metadata/val/670a2a6a_46414ef0d35e2822.json
val,E:\Github\Auditor-IA\.cache\transcriptor_runs\datasets\problem_detector_multiclass_100_lab_20260624,0022_julio_orihuela__areas-de-regiones-planas__resueltos__S11-_reas_de_regiones_planas__p0098,670a2a6a_61d9deb0166f3ec4,julio_orihuela,areas-de-regiones-planas__resueltos,7,5,6,images/val/670a2a6a_61d9deb0166f3ec4.png,labels/val/670a2a6a_61d9deb0166f3ec4.txt,metadata/val/670a2a6a_61d9deb0166f3ec4.json
val,E:\Github\Auditor-IA\.cache\transcriptor_runs\datasets\problem_detector_multiclass_100_lab_20260624,0075_julio_orihuela__areas-de-regiones-planas__resueltos__S11-_reas_de_regiones_planas__p0109,670a2a6a_67c3fc1cc31749c2,julio_orihuela,areas-de-regiones-planas__resueltos,8,8,7,images/val/670a2a6a_67c3fc1cc31749c2.png,labels/val/670a2a6a_67c3fc1cc31749c2.txt,metadata/val/670a2a6a_67c3fc1cc31749c2.json
val,E:\Github\Auditor-IA\.cache\transcriptor_runs\datasets\problem_detector_multiclass_100_lab_20260624,0060_nostradamus__academia-nostradamus-semestral-2022-i__semana_n_12_-_semejanz_94e8b432d5__ACADEMIA_NOSTRADAMUS_SEMEST_8c3f156551,670a2a6a_6809dd6bcfc6abbc,nostradamus,academia-nostradamus-semestral-2022-i__semana_n_12_-_semejanz_94e8b432d5,9,9,8,images/val/670a2a6a_6809dd6bcfc6abbc.png,labels/val/670a2a6a_6809dd6bcfc6abbc.txt,metadata/val/670a2a6a_6809dd6bcfc6abbc.json
val,E:\Github\Auditor-IA\.cache\transcriptor_runs\datasets\problem_detector_multiclass_100_lab_20260624,0024_julio_orihuela__areas-de-regiones-planas__resueltos__S11-_reas_de_regiones_planas__p0100,670a2a6a_78ef67a568d0ab9d,julio_orihuela,areas-de-regiones-planas__resueltos,5,5,4,images/val/670a2a6a_78ef67a568d0ab9d.png,labels/val/670a2a6a_78ef67a568d0ab9d.txt,metadata/val/670a2a6a_78ef67a568d0ab9d.json
val,E:\Github\Auditor-IA\.cache\transcriptor_runs\datasets\problem_detector_multiclass_100_lab_20260624,0067_nostradamus__academia-nostradamus-semestral-2022-i__semana_n_08_-_circunferencia_i__ACADEMIA_NOSTRADAMUS_SEMESTRAL_e9a77ebcc8,670a2a6a_7e8813b8268147a9,nostradamus,academia-nostradamus-semestral-2022-i__semana_n_08_-_circunferencia_i,11,11,10,images/val/670a2a6a_7e8813b8268147a9.png,labels/val/670a2a6a_7e8813b8268147a9.txt,metadata/val/670a2a6a_7e8813b8268147a9.json
val,E:\Github\Auditor-IA\.cache\transcriptor_runs\datasets\problem_detector_multiclass_100_lab_20260624,0026_aseuni__aseuni-semianual-geometria__semana_19_reas_de_regiones_circulares__ASEUNI_SEMIANUAL_-_GEOMETRIA__p0102,670a2a6a_92e78b03064aafa2,aseuni,aseuni-semianual-geometria__semana_19_reas_de_regiones_circulares,7,6,6,images/val/670a2a6a_92e78b03064aafa2.png,labels/val/670a2a6a_92e78b03064aafa2.txt,metadata/val/670a2a6a_92e78b03064aafa2.json
val,E:\Github\Auditor-IA\.cache\transcriptor_runs\datasets\problem_detector_multiclass_100_lab_20260624,0040_aseuni__aseuni-semianual-geometria__semana_4_aplicaciones_de_congruencia__ASEUNI_SEMIANUAL_-_GEOMETRIA__p0024,670a2a6a_9594d4da3a0b7de1,aseuni,aseuni-semianual-geometria__semana_4_aplicaciones_de_congruencia,5,5,5,images/val/670a2a6a_9594d4da3a0b7de1.png,labels/val/670a2a6a_9594d4da3a0b7de1.txt,metadata/val/670a2a6a_9594d4da3a0b7de1.json
val,E:\Github\Auditor-IA\.cache\transcriptor_runs\datasets\problem_detector_multiclass_100_lab_20260624,0016_julio_orihuela__areas-de-regiones-planas__resueltos__S11-_reas_de_regiones_planas_p0143_2,670a2a6a_a2b0b3f003bd0952,julio_orihuela,areas-de-regiones-planas__resueltos,7,6,5,images/val/670a2a6a_a2b0b3f003bd0952.png,labels/val/670a2a6a_a2b0b3f003bd0952.txt,metadata/val/670a2a6a_a2b0b3f003bd0952.json
val,E:\Github\Auditor-IA\.cache\transcriptor_runs\datasets\problem_detector_multiclass_100_lab_20260624,0035_julio_orihuela__areas-de-regiones-planas__propuestos__S11-_reas_de_regiones_planas__p0340,670a2a6a_a63c3168bf6af4b0,julio_orihuela,areas-de-regiones-planas__propuestos,7,6,5,images/val/670a2a6a_a63c3168bf6af4b0.png,labels/val/670a2a6a_a63c3168bf6af4b0.txt,metadata/val/670a2a6a_a63c3168bf6af4b0.json
val,E:\Github\Auditor-IA\.cache\transcriptor_runs\datasets\problem_detector_multiclass_100_lab_20260624,0087_aseuni__aseuni-semianual-geometria__semana_9_circunferencia_2__ASEUNI_SEMIANUAL_-_GEOMETRIA__p0045,670a2a6a_a646494d8c7ff0e4,aseuni,aseuni-semianual-geometria__semana_9_circunferencia_2,6,6,6,images/val/670a2a6a_a646494d8c7ff0e4.png,labels/val/670a2a6a_a646494d8c7ff0e4.txt,metadata/val/670a2a6a_a646494d8c7ff0e4.json
val,E:\Github\Auditor-IA\.cache\transcriptor_runs\datasets\problem_detector_multiclass_100_lab_20260624,0070_nostradamus__academia-nostradamus-semestral-2022-i__semana_n_07_-_cuadrilateros__ACADEMIA_NOSTRADAMUS_SEMESTRAL_20_72c123ce06,670a2a6a_b03efe3123a55cc5,nostradamus,academia-nostradamus-semestral-2022-i__semana_n_07_-_cuadrilateros,11,11,11,images/val/670a2a6a_b03efe3123a55cc5.png,labels/val/670a2a6a_b03efe3123a55cc5.txt,metadata/val/670a2a6a_b03efe3123a55cc5.json
val,E:\Github\Auditor-IA\.cache\transcriptor_runs\datasets\problem_detector_multiclass_100_lab_20260624,0027_aseuni__aseuni-semianual-geometria__semana_19_reas_de_regiones_circulares__ASEUNI_SEMIANUAL_-_GEOMETRIA__p0105,670a2a6a_bae02d52e4b4c95e,aseuni,aseuni-semianual-geometria__semana_19_reas_de_regiones_circulares,7,7,6,images/val/670a2a6a_bae02d52e4b4c95e.png,labels/val/670a2a6a_bae02d52e4b4c95e.txt,metadata/val/670a2a6a_bae02d52e4b4c95e.json
val,E:\Github\Auditor-IA\.cache\transcriptor_runs\datasets\problem_detector_multiclass_100_lab_20260624,0055_julio_orihuela__areas-de-regiones-planas__resueltos__S11-_reas_de_regiones_planas_p0145_2,670a2a6a_d0805f29b8551ded,julio_orihuela,areas-de-regiones-planas__resueltos,5,4,4,images/val/670a2a6a_d0805f29b8551ded.png,labels/val/670a2a6a_d0805f29b8551ded.txt,metadata/val/670a2a6a_d0805f29b8551ded.json
val,E:\Github\Auditor-IA\.cache\transcriptor_runs\datasets\problem_detector_multiclass_100_lab_20260624,0045_aseuni__aseuni-semianual-geometria__semana_2_l_neas_notables_asociada_dc9b1f016c__ASEUNI_SEMIANUAL_-_GEOMETRIA__p0007,670a2a6a_d5294fb8765057fc,aseuni,aseuni-semianual-geometria__semana_2_l_neas_notables_asociada_dc9b1f016c,9,9,9,images/val/670a2a6a_d5294fb8765057fc.png,labels/val/670a2a6a_d5294fb8765057fc.txt,metadata/val/670a2a6a_d5294fb8765057fc.json
val,E:\Github\Auditor-IA\.cache\transcriptor_runs\datasets\problem_detector_multiclass_100_lab_20260624,0056_nostradamus__academia-nostradamus-semestral-2022-i__semana_n_12_-_semejanz_94e8b432d5__ACADEMIA_NOSTRADAMUS_SEMEST_c1bbc1cae7,670a2a6a_f98aa0e8c9b8a836,nostradamus,academia-nostradamus-semestral-2022-i__semana_n_12_-_semejanz_94e8b432d5,9,9,9,images/val/670a2a6a_f98aa0e8c9b8a836.png,labels/val/670a2a6a_f98aa0e8c9b8a836.txt,metadata/val/670a2a6a_f98aa0e8c9b8a836.json
val,E:\Github\Auditor-IA\.cache\transcriptor_runs\datasets\problem_detector_multiclass_100_lab_julio_orihuela_20260625_104924,0029_julio_orihuela__piloto_recortes_problemas__piloto_recortes_problemas__S9-Relaciones_M_tricas_p0112,72bd4060_0a1a611711650a5b,julio_orihuela,piloto_recortes_problemas,7,6,6,images/val/72bd4060_0a1a611711650a5b.png,labels/val/72bd4060_0a1a611711650a5b.txt,metadata/val/72bd4060_0a1a611711650a5b.json
val,E:\Github\Auditor-IA\.cache\transcriptor_runs\datasets\problem_detector_multiclass_100_lab_julio_orihuela_20260625_104924,0065_julio_orihuela__piloto_recortes_problemas__S6-Circunferencia_p0099,72bd4060_1a9a2e20c8213004,julio_orihuela,piloto_recortes_problemas,6,5,5,images/val/72bd4060_1a9a2e20c8213004.png,labels/val/72bd4060_1a9a2e20c8213004.txt,metadata/val/72bd4060_1a9a2e20c8213004.json
val,E:\Github\Auditor-IA\.cache\transcriptor_runs\datasets\problem_detector_multiclass_100_lab_julio_orihuela_20260625_104924,0067_julio_orihuela__piloto_recortes_problemas__piloto_recortes_problemas__S6-Circunferencia_p0127,72bd4060_3a183362a959bc4d,julio_orihuela,piloto_recortes_problemas,3,3,2,images/val/72bd4060_3a183362a959bc4d.png,labels/val/72bd4060_3a183362a959bc4d.txt,metadata/val/72bd4060_3a183362a959bc4d.json
val,E:\Github\Auditor-IA\.cache\transcriptor_runs\datasets\problem_detector_multiclass_100_lab_julio_orihuela_20260625_104924,0061_julio_orihuela__piloto_recortes_problemas__piloto_recortes_problemas__S6-Circunferencia_p0093,72bd4060_45a6eef128594a98,julio_orihuela,piloto_recortes_problemas,6,6,6,images/val/72bd4060_45a6eef128594a98.png,labels/val/72bd4060_45a6eef128594a98.txt,metadata/val/72bd4060_45a6eef128594a98.json
val,E:\Github\Auditor-IA\.cache\transcriptor_runs\datasets\problem_detector_multiclass_100_lab_julio_orihuela_20260625_104924,0078_julio_orihuela__piloto_recortes_problemas__circunferencia__propuestos__S6-Circunferencia__p0296,72bd4060_4d407215ac4dac38,julio_orihuela,piloto_recortes_problemas,6,6,6,images/val/72bd4060_4d407215ac4dac38.png,labels/val/72bd4060_4d407215ac4dac38.txt,metadata/val/72bd4060_4d407215ac4dac38.json
val,E:\Github\Auditor-IA\.cache\transcriptor_runs\datasets\problem_detector_multiclass_100_lab_julio_orihuela_20260625_104924,0034_julio_orihuela__areas-de-regiones-planas__propuestos__S11-_reas_de_regiones_planas__p0299,72bd4060_50e6f0a483ab438c,julio_orihuela,areas-de-regiones-planas__propuestos,6,6,6,images/val/72bd4060_50e6f0a483ab438c.png,labels/val/72bd4060_50e6f0a483ab438c.txt,metadata/val/72bd4060_50e6f0a483ab438c.json
val,E:\Github\Auditor-IA\.cache\transcriptor_runs\datasets\problem_detector_multiclass_100_lab_julio_orihuela_20260625_104924,0022_julio_orihuela__piloto_recortes_problemas__S11-_reas_de_regiones_planas_p0097,72bd4060_654ec1d596d0ad1f,julio_orihuela,piloto_recortes_problemas,6,5,5,images/val/72bd4060_654ec1d596d0ad1f.png,labels/val/72bd4060_654ec1d596d0ad1f.txt,metadata/val/72bd4060_654ec1d596d0ad1f.json
val,E:\Github\Auditor-IA\.cache\transcriptor_runs\datasets\problem_detector_multiclass_100_lab_julio_orihuela_20260625_104924,0096_julio_orihuela__piloto_recortes_problemas__piloto_recortes_problemas__S9-Relaciones_M_tricas_p0102,72bd4060_6a51d7e8f3b3b72c,julio_orihuela,piloto_recortes_problemas,9,7,8,images/val/72bd4060_6a51d7e8f3b3b72c.png,labels/val/72bd4060_6a51d7e8f3b3b72c.txt,metadata/val/72bd4060_6a51d7e8f3b3b72c.json
val,E:\Github\Auditor-IA\.cache\transcriptor_runs\datasets\problem_detector_multiclass_100_lab_julio_orihuela_20260625_104924,0045_julio_orihuela__piloto_recortes_problemas__piloto_recortes_problemas__S6-Circunferencia_p0140,72bd4060_724fbe2e6801899e,julio_orihuela,piloto_recortes_problemas,6,4,5,images/val/72bd4060_724fbe2e6801899e.png,labels/val/72bd4060_724fbe2e6801899e.txt,metadata/val/72bd4060_724fbe2e6801899e.json
val,E:\Github\Auditor-IA\.cache\transcriptor_runs\datasets\problem_detector_multiclass_100_lab_julio_orihuela_20260625_104924,0062_julio_orihuela__areas-de-regiones-planas__propuestos__S11-_reas_de_regiones_planas__p0322,72bd4060_7f19713eef6173ec,julio_orihuela,areas-de-regiones-planas__propuestos,5,5,4,images/val/72bd4060_7f19713eef6173ec.png,labels/val/72bd4060_7f19713eef6173ec.txt,metadata/val/72bd4060_7f19713eef6173ec.json
val,E:\Github\Auditor-IA\.cache\transcriptor_runs\datasets\problem_detector_multiclass_100_lab_julio_orihuela_20260625_104924,0001_julio_orihuela__piloto_recortes_problemas__piloto_recortes_problemas__S6-Circunferencia_p0116,72bd4060_912520d20efad4cb,julio_orihuela,piloto_recortes_problemas,8,7,8,images/val/72bd4060_912520d20efad4cb.png,labels/val/72bd4060_912520d20efad4cb.txt,metadata/val/72bd4060_912520d20efad4cb.json
val,E:\Github\Auditor-IA\.cache\transcriptor_runs\datasets\problem_detector_multiclass_100_lab_julio_orihuela_20260625_104924,0056_julio_orihuela__circunferencia__propuestos__S6-Circunferencia__p0304,72bd4060_91b95b1137e04550,julio_orihuela,circunferencia__propuestos,7,6,6,images/val/72bd4060_91b95b1137e04550.png,labels/val/72bd4060_91b95b1137e04550.txt,metadata/val/72bd4060_91b95b1137e04550.json
val,E:\Github\Auditor-IA\.cache\transcriptor_runs\datasets\problem_detector_multiclass_100_lab_julio_orihuela_20260625_104924,0068_julio_orihuela__areas-de-regiones-planas__propuestos__S11-_reas_de_regiones_planas__p0352,72bd4060_955c3969656def16,julio_orihuela,areas-de-regiones-planas__propuestos,5,5,5,images/val/72bd4060_955c3969656def16.png,labels/val/72bd4060_955c3969656def16.txt,metadata/val/72bd4060_955c3969656def16.json
val,E:\Github\Auditor-IA\.cache\transcriptor_runs\datasets\problem_detector_multiclass_100_lab_julio_orihuela_20260625_104924,0083_julio_orihuela__piloto_recortes_problemas__piloto_recortes_problemas__S9-Relaciones_M_tricas_p0100,72bd4060_ab2c843757e88f5a,julio_orihuela,piloto_recortes_problemas,8,6,6,images/val/72bd4060_ab2c843757e88f5a.png,labels/val/72bd4060_ab2c843757e88f5a.txt,metadata/val/72bd4060_ab2c843757e88f5a.json
val,E:\Github\Auditor-IA\.cache\transcriptor_runs\datasets\problem_detector_multiclass_100_lab_julio_orihuela_20260625_104924,0014_julio_orihuela__piloto_recortes_problemas__circunferencia__propuestos__S6-Circunferencia__p0319,72bd4060_c3067b6004288b81,julio_orihuela,piloto_recortes_problemas,6,6,5,images/val/72bd4060_c3067b6004288b81.png,labels/val/72bd4060_c3067b6004288b81.txt,metadata/val/72bd4060_c3067b6004288b81.json
val,E:\Github\Auditor-IA\.cache\transcriptor_runs\datasets\problem_detector_multiclass_100_lab_julio_orihuela_20260625_104924,0085_julio_orihuela__areas-de-regiones-planas__resueltos__S11-_reas_de_regiones_planas__p0113,72bd4060_c7f385f2a9045c09,julio_orihuela,areas-de-regiones-planas__resueltos,8,6,6,images/val/72bd4060_c7f385f2a9045c09.png,labels/val/72bd4060_c7f385f2a9045c09.txt,metadata/val/72bd4060_c7f385f2a9045c09.json
val,E:\Github\Auditor-IA\.cache\transcriptor_runs\datasets\problem_detector_multiclass_100_lab_julio_orihuela_20260625_104924,0058_julio_orihuela__piloto_recortes_problemas__S9-Relaciones_M_tricas_p0106,72bd4060_e647552c4880f77a,julio_orihuela,piloto_recortes_problemas,5,4,4,images/val/72bd4060_e647552c4880f77a.png,labels/val/72bd4060_e647552c4880f77a.txt,metadata/val/72bd4060_e647552c4880f77a.json
val,E:\Github\Auditor-IA\.cache\transcriptor_runs\datasets\problem_detector_multiclass_100_lab_julio_orihuela_20260625_104924,0013_julio_orihuela__piloto_recortes_problemas__circunferencia__propuestos__S6-Circunferencia__p0326,72bd4060_edc0cca732439512,julio_orihuela,piloto_recortes_problemas,5,5,5,images/val/72bd4060_edc0cca732439512.png,labels/val/72bd4060_edc0cca732439512.txt,metadata/val/72bd4060_edc0cca732439512.json
